Mun;Cgr;coduf;sigla;nome_uf;nome_cgrs;nomemunic
110001;1101;11;RO;Rondônia;MACRORREGIONAL II (CACOAL);Alta Floresta D'Oeste
110002;1102;11;RO;Rondônia;MACRORREGIAO I - PORTO VELHO;Ariquemes
110003;1101;11;RO;Rondônia;MACRORREGIONAL II (CACOAL);Cabixi
110004;1101;11;RO;Rondônia;MACRORREGIONAL II (CACOAL);Cacoal
110005;1101;11;RO;Rondônia;MACRORREGIONAL II (CACOAL);Cerejeiras
110006;1101;11;RO;Rondônia;MACRORREGIONAL II (CACOAL);Colorado do Oeste
110007;1101;11;RO;Rondônia;MACRORREGIONAL II (CACOAL);Corumbiara
110008;1101;11;RO;Rondônia;MACRORREGIONAL II (CACOAL);Costa Marques
110009;1101;11;RO;Rondônia;MACRORREGIONAL II (CACOAL);Espigão D'Oeste
110010;1102;11;RO;Rondônia;MACRORREGIAO I - PORTO VELHO;Guajará-Mirim
110011;1102;11;RO;Rondônia;MACRORREGIAO I - PORTO VELHO;Jaru
110012;1101;11;RO;Rondônia;MACRORREGIONAL II (CACOAL);Ji-Paraná
110013;1102;11;RO;Rondônia;MACRORREGIAO I - PORTO VELHO;Machadinho D'Oeste
110014;1101;11;RO;Rondônia;MACRORREGIONAL II (CACOAL);Nova Brasilândia D'Oeste
110015;1101;11;RO;Rondônia;MACRORREGIONAL II (CACOAL);Ouro Preto do Oeste
110018;1101;11;RO;Rondônia;MACRORREGIONAL II (CACOAL);Pimenta Bueno
110020;1102;11;RO;Rondônia;MACRORREGIAO I - PORTO VELHO;Porto Velho
110025;1101;11;RO;Rondônia;MACRORREGIONAL II (CACOAL);Presidente Médici
110026;1102;11;RO;Rondônia;MACRORREGIAO I - PORTO VELHO;Rio Crespo
110028;1101;11;RO;Rondônia;MACRORREGIONAL II (CACOAL);Rolim de Moura
110029;1101;11;RO;Rondônia;MACRORREGIONAL II (CACOAL);Santa Luzia D'Oeste
110030;1101;11;RO;Rondônia;MACRORREGIONAL II (CACOAL);Vilhena
110032;1101;11;RO;Rondônia;MACRORREGIONAL II (CACOAL);São Miguel do Guaporé
110033;1102;11;RO;Rondônia;MACRORREGIAO I - PORTO VELHO;Nova Mamoré
110034;1101;11;RO;Rondônia;MACRORREGIONAL II (CACOAL);Alvorada D'Oeste
110037;1101;11;RO;Rondônia;MACRORREGIONAL II (CACOAL);Alto Alegre dos Parecis
110040;1102;11;RO;Rondônia;MACRORREGIAO I - PORTO VELHO;Alto Paraíso
110045;1102;11;RO;Rondônia;MACRORREGIAO I - PORTO VELHO;Buritis
110050;1101;11;RO;Rondônia;MACRORREGIONAL II (CACOAL);Novo Horizonte do Oeste
110060;1102;11;RO;Rondônia;MACRORREGIAO I - PORTO VELHO;Cacaulândia
110070;1102;11;RO;Rondônia;MACRORREGIAO I - PORTO VELHO;Campo Novo de Rondônia
110080;1102;11;RO;Rondônia;MACRORREGIAO I - PORTO VELHO;Candeias do Jamari
110090;1101;11;RO;Rondônia;MACRORREGIONAL II (CACOAL);Castanheiras
110092;1101;11;RO;Rondônia;MACRORREGIONAL II (CACOAL);Chupinguaia
110094;1102;11;RO;Rondônia;MACRORREGIAO I - PORTO VELHO;Cujubim
110100;1102;11;RO;Rondônia;MACRORREGIAO I - PORTO VELHO;Governador Jorge Teixeira
110110;1102;11;RO;Rondônia;MACRORREGIAO I - PORTO VELHO;Itapuã do Oeste
110120;1101;11;RO;Rondônia;MACRORREGIONAL II (CACOAL);Ministro Andreazza
110130;1101;11;RO;Rondônia;MACRORREGIONAL II (CACOAL);Mirante da Serra
110140;1102;11;RO;Rondônia;MACRORREGIAO I - PORTO VELHO;Monte Negro
110143;1101;11;RO;Rondônia;MACRORREGIONAL II (CACOAL);Nova União
110145;1101;11;RO;Rondônia;MACRORREGIONAL II (CACOAL);Parecis
110146;1101;11;RO;Rondônia;MACRORREGIONAL II (CACOAL);Pimenteiras do Oeste
110147;1101;11;RO;Rondônia;MACRORREGIONAL II (CACOAL);Primavera de Rondônia
110148;1101;11;RO;Rondônia;MACRORREGIONAL II (CACOAL);São Felipe D'Oeste
110149;1101;11;RO;Rondônia;MACRORREGIONAL II (CACOAL);São Francisco do Guaporé
110150;1101;11;RO;Rondônia;MACRORREGIONAL II (CACOAL);Seringueiras
110155;1101;11;RO;Rondônia;MACRORREGIONAL II (CACOAL);Teixeirópolis
110160;1102;11;RO;Rondônia;MACRORREGIAO I - PORTO VELHO;Theobroma
110170;1101;11;RO;Rondônia;MACRORREGIONAL II (CACOAL);Urupá
110175;1102;11;RO;Rondônia;MACRORREGIAO I - PORTO VELHO;Vale do Anari
110180;1101;11;RO;Rondônia;MACRORREGIONAL II (CACOAL);Vale do Paraíso
120001;1201;12;AC;Acre;MACRO UNICA - AC;Acrelândia
120005;1201;12;AC;Acre;MACRO UNICA - AC;Assis Brasil
120010;1201;12;AC;Acre;MACRO UNICA - AC;Brasiléia
120013;1201;12;AC;Acre;MACRO UNICA - AC;Bujari
120017;1201;12;AC;Acre;MACRO UNICA - AC;Capixaba
120020;1201;12;AC;Acre;MACRO UNICA - AC;Cruzeiro do Sul
120025;1201;12;AC;Acre;MACRO UNICA - AC;Epitaciolândia
120030;1201;12;AC;Acre;MACRO UNICA - AC;Feijó
120032;1201;12;AC;Acre;MACRO UNICA - AC;Jordão
120033;1201;12;AC;Acre;MACRO UNICA - AC;Mâncio Lima
120034;1201;12;AC;Acre;MACRO UNICA - AC;Manoel Urbano
120035;1201;12;AC;Acre;MACRO UNICA - AC;Marechal Thaumaturgo
120038;1201;12;AC;Acre;MACRO UNICA - AC;Plácido de Castro
120039;1201;12;AC;Acre;MACRO UNICA - AC;Porto Walter
120040;1201;12;AC;Acre;MACRO UNICA - AC;Rio Branco
120042;1201;12;AC;Acre;MACRO UNICA - AC;Rodrigues Alves
120043;1201;12;AC;Acre;MACRO UNICA - AC;Santa Rosa do Purus
120045;1201;12;AC;Acre;MACRO UNICA - AC;Senador Guiomard
120050;1201;12;AC;Acre;MACRO UNICA - AC;Sena Madureira
120060;1201;12;AC;Acre;MACRO UNICA - AC;Tarauacá
120070;1201;12;AC;Acre;MACRO UNICA - AC;Xapuri
120080;1201;12;AC;Acre;MACRO UNICA - AC;Porto Acre
130002;1302;13;AM;Amazonas;OESTE;Alvarães
130006;1302;13;AM;Amazonas;OESTE;Amaturá
130008;1304;13;AM;Amazonas;CENTRAL;Anamã
130010;1304;13;AM;Amazonas;CENTRAL;Anori
130014;1303;13;AM;Amazonas;LESTE;Apuí
130020;1302;13;AM;Amazonas;OESTE;Atalaia do Norte
130030;1304;13;AM;Amazonas;CENTRAL;Autazes
130040;1304;13;AM;Amazonas;CENTRAL;Barcelos
130050;1303;13;AM;Amazonas;LESTE;Barreirinha
130060;1302;13;AM;Amazonas;OESTE;Benjamin Constant
130063;1304;13;AM;Amazonas;CENTRAL;Beruri
130068;1303;13;AM;Amazonas;LESTE;Boa Vista do Ramos
130070;1304;13;AM;Amazonas;CENTRAL;Boca do Acre
130080;1303;13;AM;Amazonas;LESTE;Borba
130083;1304;13;AM;Amazonas;CENTRAL;Caapiranga
130090;1304;13;AM;Amazonas;CENTRAL;Canutama
130100;1302;13;AM;Amazonas;OESTE;Carauari
130110;1304;13;AM;Amazonas;CENTRAL;Careiro
130115;1304;13;AM;Amazonas;CENTRAL;Careiro da Várzea
130120;1304;13;AM;Amazonas;CENTRAL;Coari
130130;1304;13;AM;Amazonas;CENTRAL;Codajás
130140;1302;13;AM;Amazonas;OESTE;Eirunepé
130150;1302;13;AM;Amazonas;OESTE;Envira
130160;1302;13;AM;Amazonas;OESTE;Fonte Boa
130165;1302;13;AM;Amazonas;OESTE;Guajará
130170;1303;13;AM;Amazonas;LESTE;Humaitá
130180;1302;13;AM;Amazonas;OESTE;Ipixuna
130185;1304;13;AM;Amazonas;CENTRAL;Iranduba
130190;1303;13;AM;Amazonas;LESTE;Itacoatiara
130195;1302;13;AM;Amazonas;OESTE;Itamarati
130200;1303;13;AM;Amazonas;LESTE;Itapiranga
130210;1302;13;AM;Amazonas;OESTE;Japurá
130220;1302;13;AM;Amazonas;OESTE;Juruá
130230;1302;13;AM;Amazonas;OESTE;Jutaí
130240;1304;13;AM;Amazonas;CENTRAL;Lábrea
130250;1304;13;AM;Amazonas;CENTRAL;Manacapuru
130255;1304;13;AM;Amazonas;CENTRAL;Manaquiri
130260;1304;13;AM;Amazonas;CENTRAL;Manaus
130270;1303;13;AM;Amazonas;LESTE;Manicoré
130280;1302;13;AM;Amazonas;OESTE;Maraã
130290;1303;13;AM;Amazonas;LESTE;Maués
130300;1303;13;AM;Amazonas;LESTE;Nhamundá
130310;1304;13;AM;Amazonas;CENTRAL;Nova Olinda do Norte
130320;1304;13;AM;Amazonas;CENTRAL;Novo Airão
130330;1303;13;AM;Amazonas;LESTE;Novo Aripuanã
130340;1303;13;AM;Amazonas;LESTE;Parintins
130350;1304;13;AM;Amazonas;CENTRAL;Pauini
130353;1304;13;AM;Amazonas;CENTRAL;Presidente Figueiredo
130356;1304;13;AM;Amazonas;CENTRAL;Rio Preto da Eva
130360;1304;13;AM;Amazonas;CENTRAL;Santa Isabel do Rio Negro
130370;1302;13;AM;Amazonas;OESTE;Santo Antônio do Içá
130380;1304;13;AM;Amazonas;CENTRAL;São Gabriel da Cachoeira
130390;1302;13;AM;Amazonas;OESTE;São Paulo de Olivença
130395;1303;13;AM;Amazonas;LESTE;São Sebastião do Uatumã
130400;1303;13;AM;Amazonas;LESTE;Silves
130406;1302;13;AM;Amazonas;OESTE;Tabatinga
130410;1304;13;AM;Amazonas;CENTRAL;Tapauá
130420;1302;13;AM;Amazonas;OESTE;Tefé
130423;1302;13;AM;Amazonas;OESTE;Tonantins
130426;1302;13;AM;Amazonas;OESTE;Uarini
130430;1303;13;AM;Amazonas;LESTE;Urucará
130440;1303;13;AM;Amazonas;LESTE;Urucurituba
140002;1401;14;RR;Roraima;MACRO-RORAIMA;Amajari
140005;1401;14;RR;Roraima;MACRO-RORAIMA;Alto Alegre
140010;1401;14;RR;Roraima;MACRO-RORAIMA;Boa Vista
140015;1401;14;RR;Roraima;MACRO-RORAIMA;Bonfim
140017;1401;14;RR;Roraima;MACRO-RORAIMA;Cantá
140020;1401;14;RR;Roraima;MACRO-RORAIMA;Caracaraí
140023;1401;14;RR;Roraima;MACRO-RORAIMA;Caroebe
140028;1401;14;RR;Roraima;MACRO-RORAIMA;Iracema
140030;1401;14;RR;Roraima;MACRO-RORAIMA;Mucajaí
140040;1401;14;RR;Roraima;MACRO-RORAIMA;Normandia
140045;1401;14;RR;Roraima;MACRO-RORAIMA;Pacaraima
140047;1401;14;RR;Roraima;MACRO-RORAIMA;Rorainópolis
140050;1401;14;RR;Roraima;MACRO-RORAIMA;São João da Baliza
140060;1401;14;RR;Roraima;MACRO-RORAIMA;São Luiz
140070;1401;14;RR;Roraima;MACRO-RORAIMA;Uiramutã
150010;1512;15;PA;Pará;MACRORREGIONAL I;Abaetetuba
150013;1509;15;PA;Pará;MACRORREGIONAL IV;Abel Figueiredo
150020;1511;15;PA;Pará;MACRORREGIONAL II;Acará
150030;1512;15;PA;Pará;MACRORREGIONAL I;Afuá
150034;1509;15;PA;Pará;MACRORREGIONAL IV;Água Azul do Norte
150040;1510;15;PA;Pará;MACRORREGIONAL III;Alenquer
150050;1510;15;PA;Pará;MACRORREGIONAL III;Almeirim
150060;1510;15;PA;Pará;MACRORREGIONAL III;Altamira
150070;1512;15;PA;Pará;MACRORREGIONAL I;Anajás
150080;1512;15;PA;Pará;MACRORREGIONAL I;Ananindeua
150085;1510;15;PA;Pará;MACRORREGIONAL III;Anapu
150090;1511;15;PA;Pará;MACRORREGIONAL II;Augusto Corrêa
150095;1511;15;PA;Pará;MACRORREGIONAL II;Aurora do Pará
150100;1510;15;PA;Pará;MACRORREGIONAL III;Aveiro
150110;1512;15;PA;Pará;MACRORREGIONAL I;Bagre
150120;1512;15;PA;Pará;MACRORREGIONAL I;Baião
150125;1509;15;PA;Pará;MACRORREGIONAL IV;Bannach
150130;1512;15;PA;Pará;MACRORREGIONAL I;Barcarena
150140;1512;15;PA;Pará;MACRORREGIONAL I;Belém
150145;1510;15;PA;Pará;MACRORREGIONAL III;Belterra
150150;1512;15;PA;Pará;MACRORREGIONAL I;Benevides
150157;1509;15;PA;Pará;MACRORREGIONAL IV;Bom Jesus do Tocantins
150160;1511;15;PA;Pará;MACRORREGIONAL II;Bonito
150170;1511;15;PA;Pará;MACRORREGIONAL II;Bragança
150172;1510;15;PA;Pará;MACRORREGIONAL III;Brasil Novo
150175;1509;15;PA;Pará;MACRORREGIONAL IV;Brejo Grande do Araguaia
150178;1509;15;PA;Pará;MACRORREGIONAL IV;Breu Branco
150180;1512;15;PA;Pará;MACRORREGIONAL I;Breves
150190;1511;15;PA;Pará;MACRORREGIONAL II;Bujaru
150195;1511;15;PA;Pará;MACRORREGIONAL II;Cachoeira do Piriá
150200;1512;15;PA;Pará;MACRORREGIONAL I;Cachoeira do Arari
150210;1512;15;PA;Pará;MACRORREGIONAL I;Cametá
150215;1509;15;PA;Pará;MACRORREGIONAL IV;Canaã dos Carajás
150220;1511;15;PA;Pará;MACRORREGIONAL II;Capanema
150230;1511;15;PA;Pará;MACRORREGIONAL II;Capitão Poço
150240;1511;15;PA;Pará;MACRORREGIONAL II;Castanhal
150250;1512;15;PA;Pará;MACRORREGIONAL I;Chaves
150260;1511;15;PA;Pará;MACRORREGIONAL II;Colares
150270;1509;15;PA;Pará;MACRORREGIONAL IV;Conceição do Araguaia
150275;1511;15;PA;Pará;MACRORREGIONAL II;Concórdia do Pará
150276;1509;15;PA;Pará;MACRORREGIONAL IV;Cumaru do Norte
150277;1509;15;PA;Pará;MACRORREGIONAL IV;Curionópolis
150280;1512;15;PA;Pará;MACRORREGIONAL I;Curralinho
150285;1510;15;PA;Pará;MACRORREGIONAL III;Curuá
150290;1511;15;PA;Pará;MACRORREGIONAL II;Curuçá
150293;1509;15;PA;Pará;MACRORREGIONAL IV;Dom Eliseu
150295;1509;15;PA;Pará;MACRORREGIONAL IV;Eldorado do Carajás
150300;1510;15;PA;Pará;MACRORREGIONAL III;Faro
150304;1509;15;PA;Pará;MACRORREGIONAL IV;Floresta do Araguaia
150307;1511;15;PA;Pará;MACRORREGIONAL II;Garrafão do Norte
150309;1509;15;PA;Pará;MACRORREGIONAL IV;Goianésia do Pará
150310;1512;15;PA;Pará;MACRORREGIONAL I;Gurupá
150320;1511;15;PA;Pará;MACRORREGIONAL II;Igarapé-Açu
150330;1512;15;PA;Pará;MACRORREGIONAL I;Igarapé-Miri
150340;1511;15;PA;Pará;MACRORREGIONAL II;Inhangapi
150345;1511;15;PA;Pará;MACRORREGIONAL II;Ipixuna do Pará
150350;1511;15;PA;Pará;MACRORREGIONAL II;Irituia
150360;1510;15;PA;Pará;MACRORREGIONAL III;Itaituba
150370;1509;15;PA;Pará;MACRORREGIONAL IV;Itupiranga
150375;1510;15;PA;Pará;MACRORREGIONAL III;Jacareacanga
150380;1509;15;PA;Pará;MACRORREGIONAL IV;Jacundá
150390;1510;15;PA;Pará;MACRORREGIONAL III;Juruti
150400;1512;15;PA;Pará;MACRORREGIONAL I;Limoeiro do Ajuru
150405;1511;15;PA;Pará;MACRORREGIONAL II;Mãe do Rio
150410;1511;15;PA;Pará;MACRORREGIONAL II;Magalhães Barata
150420;1509;15;PA;Pará;MACRORREGIONAL IV;Marabá
150430;1511;15;PA;Pará;MACRORREGIONAL II;Maracanã
150440;1511;15;PA;Pará;MACRORREGIONAL II;Marapanim
150442;1512;15;PA;Pará;MACRORREGIONAL I;Marituba
150445;1510;15;PA;Pará;MACRORREGIONAL III;Medicilândia
150450;1512;15;PA;Pará;MACRORREGIONAL I;Melgaço
150460;1512;15;PA;Pará;MACRORREGIONAL I;Mocajuba
150470;1512;15;PA;Pará;MACRORREGIONAL I;Moju
150475;1510;15;PA;Pará;MACRORREGIONAL III;Mojuí dos Campos
150480;1510;15;PA;Pará;MACRORREGIONAL III;Monte Alegre
150490;1512;15;PA;Pará;MACRORREGIONAL I;Muaná
150495;1511;15;PA;Pará;MACRORREGIONAL II;Nova Esperança do Piriá
150497;1509;15;PA;Pará;MACRORREGIONAL IV;Nova Ipixuna
150500;1511;15;PA;Pará;MACRORREGIONAL II;Nova Timboteua
150503;1510;15;PA;Pará;MACRORREGIONAL III;Novo Progresso
150506;1509;15;PA;Pará;MACRORREGIONAL IV;Novo Repartimento
150510;1510;15;PA;Pará;MACRORREGIONAL III;Óbidos
150520;1512;15;PA;Pará;MACRORREGIONAL I;Oeiras do Pará
150530;1510;15;PA;Pará;MACRORREGIONAL III;Oriximiná
150540;1511;15;PA;Pará;MACRORREGIONAL II;Ourém
150543;1509;15;PA;Pará;MACRORREGIONAL IV;Ourilândia do Norte
150548;1510;15;PA;Pará;MACRORREGIONAL III;Pacajá
150549;1509;15;PA;Pará;MACRORREGIONAL IV;Palestina do Pará
150550;1511;15;PA;Pará;MACRORREGIONAL II;Paragominas
150553;1509;15;PA;Pará;MACRORREGIONAL IV;Parauapebas
150555;1509;15;PA;Pará;MACRORREGIONAL IV;Pau D'Arco
150560;1511;15;PA;Pará;MACRORREGIONAL II;Peixe-Boi
150563;1509;15;PA;Pará;MACRORREGIONAL IV;Piçarra
150565;1510;15;PA;Pará;MACRORREGIONAL III;Placas
150570;1512;15;PA;Pará;MACRORREGIONAL I;Ponta de Pedras
150580;1512;15;PA;Pará;MACRORREGIONAL I;Portel
150590;1510;15;PA;Pará;MACRORREGIONAL III;Porto de Moz
150600;1510;15;PA;Pará;MACRORREGIONAL III;Prainha
150610;1511;15;PA;Pará;MACRORREGIONAL II;Primavera
150611;1511;15;PA;Pará;MACRORREGIONAL II;Quatipuru
150613;1509;15;PA;Pará;MACRORREGIONAL IV;Redenção
150616;1509;15;PA;Pará;MACRORREGIONAL IV;Rio Maria
150618;1509;15;PA;Pará;MACRORREGIONAL IV;Rondon do Pará
150619;1510;15;PA;Pará;MACRORREGIONAL III;Rurópolis
150620;1511;15;PA;Pará;MACRORREGIONAL II;Salinópolis
150630;1512;15;PA;Pará;MACRORREGIONAL I;Salvaterra
150635;1512;15;PA;Pará;MACRORREGIONAL I;Santa Bárbara do Pará
150640;1512;15;PA;Pará;MACRORREGIONAL I;Santa Cruz do Arari
150650;1511;15;PA;Pará;MACRORREGIONAL II;Santa Izabel do Pará
150655;1511;15;PA;Pará;MACRORREGIONAL II;Santa Luzia do Pará
150658;1509;15;PA;Pará;MACRORREGIONAL IV;Santa Maria das Barreiras
150660;1511;15;PA;Pará;MACRORREGIONAL II;Santa Maria do Pará
150670;1509;15;PA;Pará;MACRORREGIONAL IV;Santana do Araguaia
150680;1510;15;PA;Pará;MACRORREGIONAL III;Santarém
150690;1511;15;PA;Pará;MACRORREGIONAL II;Santarém Novo
150700;1511;15;PA;Pará;MACRORREGIONAL II;Santo Antônio do Tauá
150710;1511;15;PA;Pará;MACRORREGIONAL II;São Caetano de Odivelas
150715;1509;15;PA;Pará;MACRORREGIONAL IV;São Domingos do Araguaia
150720;1511;15;PA;Pará;MACRORREGIONAL II;São Domingos do Capim
150730;1509;15;PA;Pará;MACRORREGIONAL IV;São Félix do Xingu
150740;1511;15;PA;Pará;MACRORREGIONAL II;São Francisco do Pará
150745;1509;15;PA;Pará;MACRORREGIONAL IV;São Geraldo do Araguaia
150746;1511;15;PA;Pará;MACRORREGIONAL II;São João da Ponta
150747;1511;15;PA;Pará;MACRORREGIONAL II;São João de Pirabas
150750;1509;15;PA;Pará;MACRORREGIONAL IV;São João do Araguaia
150760;1511;15;PA;Pará;MACRORREGIONAL II;São Miguel do Guamá
150770;1512;15;PA;Pará;MACRORREGIONAL I;São Sebastião da Boa Vista
150775;1509;15;PA;Pará;MACRORREGIONAL IV;Sapucaia
150780;1510;15;PA;Pará;MACRORREGIONAL III;Senador José Porfírio
150790;1512;15;PA;Pará;MACRORREGIONAL I;Soure
150795;1512;15;PA;Pará;MACRORREGIONAL I;Tailândia
150796;1511;15;PA;Pará;MACRORREGIONAL II;Terra Alta
150797;1510;15;PA;Pará;MACRORREGIONAL III;Terra Santa
150800;1511;15;PA;Pará;MACRORREGIONAL II;Tomé-Açu
150803;1511;15;PA;Pará;MACRORREGIONAL II;Tracuateua
150805;1510;15;PA;Pará;MACRORREGIONAL III;Trairão
150808;1509;15;PA;Pará;MACRORREGIONAL IV;Tucumã
150810;1509;15;PA;Pará;MACRORREGIONAL IV;Tucuruí
150812;1511;15;PA;Pará;MACRORREGIONAL II;Ulianópolis
150815;1510;15;PA;Pará;MACRORREGIONAL III;Uruará
150820;1511;15;PA;Pará;MACRORREGIONAL II;Vigia
150830;1511;15;PA;Pará;MACRORREGIONAL II;Viseu
150835;1510;15;PA;Pará;MACRORREGIONAL III;Vitória do Xingu
150840;1509;15;PA;Pará;MACRORREGIONAL IV;Xinguara
160005;1601;16;AP;Amapá;MACRO UNICA - AP;Serra do Navio
160010;1601;16;AP;Amapá;MACRO UNICA - AP;Amapá
160015;1601;16;AP;Amapá;MACRO UNICA - AP;Pedra Branca do Amapari
160020;1601;16;AP;Amapá;MACRO UNICA - AP;Calçoene
160021;1601;16;AP;Amapá;MACRO UNICA - AP;Cutias
160023;1601;16;AP;Amapá;MACRO UNICA - AP;Ferreira Gomes
160025;1601;16;AP;Amapá;MACRO UNICA - AP;Itaubal
160027;1601;16;AP;Amapá;MACRO UNICA - AP;Laranjal do Jari
160030;1601;16;AP;Amapá;MACRO UNICA - AP;Macapá
160040;1601;16;AP;Amapá;MACRO UNICA - AP;Mazagão
160050;1601;16;AP;Amapá;MACRO UNICA - AP;Oiapoque
160053;1601;16;AP;Amapá;MACRO UNICA - AP;Porto Grande
160055;1601;16;AP;Amapá;MACRO UNICA - AP;Pracuúba
160060;1601;16;AP;Amapá;MACRO UNICA - AP;Santana
160070;1601;16;AP;Amapá;MACRO UNICA - AP;Tartarugalzinho
160080;1601;16;AP;Amapá;MACRO UNICA - AP;Vitória do Jari
170025;1702;17;TO;Tocantins;MACRORREGIAO CENTRO-SUL;Abreulândia
170030;1701;17;TO;Tocantins;MACRORREGIAO DE SAUDE NORTE;Aguiarnópolis
170035;1702;17;TO;Tocantins;MACRORREGIAO CENTRO-SUL;Aliança do Tocantins
170040;1702;17;TO;Tocantins;MACRORREGIAO CENTRO-SUL;Almas
170070;1702;17;TO;Tocantins;MACRORREGIAO CENTRO-SUL;Alvorada
170100;1701;17;TO;Tocantins;MACRORREGIAO DE SAUDE NORTE;Ananás
170105;1701;17;TO;Tocantins;MACRORREGIAO DE SAUDE NORTE;Angico
170110;1702;17;TO;Tocantins;MACRORREGIAO CENTRO-SUL;Aparecida do Rio Negro
170130;1701;17;TO;Tocantins;MACRORREGIAO DE SAUDE NORTE;Aragominas
170190;1702;17;TO;Tocantins;MACRORREGIAO CENTRO-SUL;Araguacema
170200;1702;17;TO;Tocantins;MACRORREGIAO CENTRO-SUL;Araguaçu
170210;1701;17;TO;Tocantins;MACRORREGIAO DE SAUDE NORTE;Araguaína
170215;1701;17;TO;Tocantins;MACRORREGIAO DE SAUDE NORTE;Araguanã
170220;1701;17;TO;Tocantins;MACRORREGIAO DE SAUDE NORTE;Araguatins
170230;1701;17;TO;Tocantins;MACRORREGIAO DE SAUDE NORTE;Arapoema
170240;1702;17;TO;Tocantins;MACRORREGIAO CENTRO-SUL;Arraias
170255;1701;17;TO;Tocantins;MACRORREGIAO DE SAUDE NORTE;Augustinópolis
170270;1702;17;TO;Tocantins;MACRORREGIAO CENTRO-SUL;Aurora do Tocantins
170290;1701;17;TO;Tocantins;MACRORREGIAO DE SAUDE NORTE;Axixá do Tocantins
170300;1701;17;TO;Tocantins;MACRORREGIAO DE SAUDE NORTE;Babaçulândia
170305;1701;17;TO;Tocantins;MACRORREGIAO DE SAUDE NORTE;Bandeirantes do Tocantins
170307;1701;17;TO;Tocantins;MACRORREGIAO DE SAUDE NORTE;Barra do Ouro
170310;1702;17;TO;Tocantins;MACRORREGIAO CENTRO-SUL;Barrolândia
170320;1701;17;TO;Tocantins;MACRORREGIAO DE SAUDE NORTE;Bernardo Sayão
170330;1701;17;TO;Tocantins;MACRORREGIAO DE SAUDE NORTE;Bom Jesus do Tocantins
170360;1701;17;TO;Tocantins;MACRORREGIAO DE SAUDE NORTE;Brasilândia do Tocantins
170370;1702;17;TO;Tocantins;MACRORREGIAO CENTRO-SUL;Brejinho de Nazaré
170380;1701;17;TO;Tocantins;MACRORREGIAO DE SAUDE NORTE;Buriti do Tocantins
170382;1701;17;TO;Tocantins;MACRORREGIAO DE SAUDE NORTE;Cachoeirinha
170384;1701;17;TO;Tocantins;MACRORREGIAO DE SAUDE NORTE;Campos Lindos
170386;1702;17;TO;Tocantins;MACRORREGIAO CENTRO-SUL;Cariri do Tocantins
170388;1701;17;TO;Tocantins;MACRORREGIAO DE SAUDE NORTE;Carmolândia
170389;1701;17;TO;Tocantins;MACRORREGIAO DE SAUDE NORTE;Carrasco Bonito
170390;1702;17;TO;Tocantins;MACRORREGIAO CENTRO-SUL;Caseara
170410;1701;17;TO;Tocantins;MACRORREGIAO DE SAUDE NORTE;Centenário
170460;1702;17;TO;Tocantins;MACRORREGIAO CENTRO-SUL;Chapada de Areia
170510;1702;17;TO;Tocantins;MACRORREGIAO CENTRO-SUL;Chapada da Natividade
170550;1701;17;TO;Tocantins;MACRORREGIAO DE SAUDE NORTE;Colinas do Tocantins
170555;1702;17;TO;Tocantins;MACRORREGIAO CENTRO-SUL;Combinado
170560;1702;17;TO;Tocantins;MACRORREGIAO CENTRO-SUL;Conceição do Tocantins
170600;1701;17;TO;Tocantins;MACRORREGIAO DE SAUDE NORTE;Couto Magalhães
170610;1702;17;TO;Tocantins;MACRORREGIAO CENTRO-SUL;Cristalândia
170625;1702;17;TO;Tocantins;MACRORREGIAO CENTRO-SUL;Crixás do Tocantins
170650;1701;17;TO;Tocantins;MACRORREGIAO DE SAUDE NORTE;Darcinópolis
170700;1702;17;TO;Tocantins;MACRORREGIAO CENTRO-SUL;Dianópolis
170710;1702;17;TO;Tocantins;MACRORREGIAO CENTRO-SUL;Divinópolis do Tocantins
170720;1702;17;TO;Tocantins;MACRORREGIAO CENTRO-SUL;Dois Irmãos do Tocantins
170730;1702;17;TO;Tocantins;MACRORREGIAO CENTRO-SUL;Dueré
170740;1701;17;TO;Tocantins;MACRORREGIAO DE SAUDE NORTE;Esperantina
170755;1702;17;TO;Tocantins;MACRORREGIAO CENTRO-SUL;Fátima
170765;1702;17;TO;Tocantins;MACRORREGIAO CENTRO-SUL;Figueirópolis
170770;1701;17;TO;Tocantins;MACRORREGIAO DE SAUDE NORTE;Filadélfia
170820;1702;17;TO;Tocantins;MACRORREGIAO CENTRO-SUL;Formoso do Araguaia
170825;1702;17;TO;Tocantins;MACRORREGIAO CENTRO-SUL;Tabocão
170830;1701;17;TO;Tocantins;MACRORREGIAO DE SAUDE NORTE;Goianorte
170900;1701;17;TO;Tocantins;MACRORREGIAO DE SAUDE NORTE;Goiatins
170930;1701;17;TO;Tocantins;MACRORREGIAO DE SAUDE NORTE;Guaraí
170950;1702;17;TO;Tocantins;MACRORREGIAO CENTRO-SUL;Gurupi
170980;1702;17;TO;Tocantins;MACRORREGIAO CENTRO-SUL;Ipueiras
171050;1701;17;TO;Tocantins;MACRORREGIAO DE SAUDE NORTE;Itacajá
171070;1701;17;TO;Tocantins;MACRORREGIAO DE SAUDE NORTE;Itaguatins
171090;1701;17;TO;Tocantins;MACRORREGIAO DE SAUDE NORTE;Itapiratins
171110;1701;17;TO;Tocantins;MACRORREGIAO DE SAUDE NORTE;Itaporã do Tocantins
171150;1702;17;TO;Tocantins;MACRORREGIAO CENTRO-SUL;Jaú do Tocantins
171180;1701;17;TO;Tocantins;MACRORREGIAO DE SAUDE NORTE;Juarina
171190;1702;17;TO;Tocantins;MACRORREGIAO CENTRO-SUL;Lagoa da Confusão
171195;1702;17;TO;Tocantins;MACRORREGIAO CENTRO-SUL;Lagoa do Tocantins
171200;1702;17;TO;Tocantins;MACRORREGIAO CENTRO-SUL;Lajeado
171215;1702;17;TO;Tocantins;MACRORREGIAO CENTRO-SUL;Lavandeira
171240;1702;17;TO;Tocantins;MACRORREGIAO CENTRO-SUL;Lizarda
171245;1701;17;TO;Tocantins;MACRORREGIAO DE SAUDE NORTE;Luzinópolis
171250;1702;17;TO;Tocantins;MACRORREGIAO CENTRO-SUL;Marianópolis do Tocantins
171270;1702;17;TO;Tocantins;MACRORREGIAO CENTRO-SUL;Mateiros
171280;1701;17;TO;Tocantins;MACRORREGIAO DE SAUDE NORTE;Maurilândia do Tocantins
171320;1702;17;TO;Tocantins;MACRORREGIAO CENTRO-SUL;Miracema do Tocantins
171330;1702;17;TO;Tocantins;MACRORREGIAO CENTRO-SUL;Miranorte
171360;1702;17;TO;Tocantins;MACRORREGIAO CENTRO-SUL;Monte do Carmo
171370;1702;17;TO;Tocantins;MACRORREGIAO CENTRO-SUL;Monte Santo do Tocantins
171380;1701;17;TO;Tocantins;MACRORREGIAO DE SAUDE NORTE;Palmeiras do Tocantins
171395;1701;17;TO;Tocantins;MACRORREGIAO DE SAUDE NORTE;Muricilândia
171420;1702;17;TO;Tocantins;MACRORREGIAO CENTRO-SUL;Natividade
171430;1701;17;TO;Tocantins;MACRORREGIAO DE SAUDE NORTE;Nazaré
171488;1701;17;TO;Tocantins;MACRORREGIAO DE SAUDE NORTE;Nova Olinda
171500;1702;17;TO;Tocantins;MACRORREGIAO CENTRO-SUL;Nova Rosalândia
171510;1702;17;TO;Tocantins;MACRORREGIAO CENTRO-SUL;Novo Acordo
171515;1702;17;TO;Tocantins;MACRORREGIAO CENTRO-SUL;Novo Alegre
171525;1702;17;TO;Tocantins;MACRORREGIAO CENTRO-SUL;Novo Jardim
171550;1702;17;TO;Tocantins;MACRORREGIAO CENTRO-SUL;Oliveira de Fátima
171570;1701;17;TO;Tocantins;MACRORREGIAO DE SAUDE NORTE;Palmeirante
171575;1702;17;TO;Tocantins;MACRORREGIAO CENTRO-SUL;Palmeirópolis
171610;1702;17;TO;Tocantins;MACRORREGIAO CENTRO-SUL;Paraíso do Tocantins
171620;1702;17;TO;Tocantins;MACRORREGIAO CENTRO-SUL;Paranã
171630;1701;17;TO;Tocantins;MACRORREGIAO DE SAUDE NORTE;Pau D'Arco
171650;1701;17;TO;Tocantins;MACRORREGIAO DE SAUDE NORTE;Pedro Afonso
171660;1702;17;TO;Tocantins;MACRORREGIAO CENTRO-SUL;Peixe
171665;1701;17;TO;Tocantins;MACRORREGIAO DE SAUDE NORTE;Pequizeiro
171670;1701;17;TO;Tocantins;MACRORREGIAO DE SAUDE NORTE;Colméia
171700;1702;17;TO;Tocantins;MACRORREGIAO CENTRO-SUL;Pindorama do Tocantins
171720;1701;17;TO;Tocantins;MACRORREGIAO DE SAUDE NORTE;Piraquê
171750;1702;17;TO;Tocantins;MACRORREGIAO CENTRO-SUL;Pium
171780;1702;17;TO;Tocantins;MACRORREGIAO CENTRO-SUL;Ponte Alta do Bom Jesus
171790;1702;17;TO;Tocantins;MACRORREGIAO CENTRO-SUL;Ponte Alta do Tocantins
171800;1702;17;TO;Tocantins;MACRORREGIAO CENTRO-SUL;Porto Alegre do Tocantins
171820;1702;17;TO;Tocantins;MACRORREGIAO CENTRO-SUL;Porto Nacional
171830;1701;17;TO;Tocantins;MACRORREGIAO DE SAUDE NORTE;Praia Norte
171840;1701;17;TO;Tocantins;MACRORREGIAO DE SAUDE NORTE;Presidente Kennedy
171845;1702;17;TO;Tocantins;MACRORREGIAO CENTRO-SUL;Pugmil
171850;1701;17;TO;Tocantins;MACRORREGIAO DE SAUDE NORTE;Recursolândia
171855;1701;17;TO;Tocantins;MACRORREGIAO DE SAUDE NORTE;Riachinho
171865;1702;17;TO;Tocantins;MACRORREGIAO CENTRO-SUL;Rio da Conceição
171870;1702;17;TO;Tocantins;MACRORREGIAO CENTRO-SUL;Rio dos Bois
171875;1702;17;TO;Tocantins;MACRORREGIAO CENTRO-SUL;Rio Sono
171880;1701;17;TO;Tocantins;MACRORREGIAO DE SAUDE NORTE;Sampaio
171884;1702;17;TO;Tocantins;MACRORREGIAO CENTRO-SUL;Sandolândia
171886;1701;17;TO;Tocantins;MACRORREGIAO DE SAUDE NORTE;Santa Fé do Araguaia
171888;1701;17;TO;Tocantins;MACRORREGIAO DE SAUDE NORTE;Santa Maria do Tocantins
171889;1702;17;TO;Tocantins;MACRORREGIAO CENTRO-SUL;Santa Rita do Tocantins
171890;1702;17;TO;Tocantins;MACRORREGIAO CENTRO-SUL;Santa Rosa do Tocantins
171900;1702;17;TO;Tocantins;MACRORREGIAO CENTRO-SUL;Santa Tereza do Tocantins
172000;1701;17;TO;Tocantins;MACRORREGIAO DE SAUDE NORTE;Santa Terezinha do Tocantins
172010;1701;17;TO;Tocantins;MACRORREGIAO DE SAUDE NORTE;São Bento do Tocantins
172015;1702;17;TO;Tocantins;MACRORREGIAO CENTRO-SUL;São Félix do Tocantins
172020;1701;17;TO;Tocantins;MACRORREGIAO DE SAUDE NORTE;São Miguel do Tocantins
172025;1702;17;TO;Tocantins;MACRORREGIAO CENTRO-SUL;São Salvador do Tocantins
172030;1701;17;TO;Tocantins;MACRORREGIAO DE SAUDE NORTE;São Sebastião do Tocantins
172049;1702;17;TO;Tocantins;MACRORREGIAO CENTRO-SUL;São Valério
172065;1702;17;TO;Tocantins;MACRORREGIAO CENTRO-SUL;Silvanópolis
172080;1701;17;TO;Tocantins;MACRORREGIAO DE SAUDE NORTE;Sítio Novo do Tocantins
172085;1702;17;TO;Tocantins;MACRORREGIAO CENTRO-SUL;Sucupira
172090;1702;17;TO;Tocantins;MACRORREGIAO CENTRO-SUL;Taguatinga
172093;1702;17;TO;Tocantins;MACRORREGIAO CENTRO-SUL;Taipas do Tocantins
172097;1702;17;TO;Tocantins;MACRORREGIAO CENTRO-SUL;Talismã
172100;1702;17;TO;Tocantins;MACRORREGIAO CENTRO-SUL;Palmas
172110;1702;17;TO;Tocantins;MACRORREGIAO CENTRO-SUL;Tocantínia
172120;1701;17;TO;Tocantins;MACRORREGIAO DE SAUDE NORTE;Tocantinópolis
172125;1701;17;TO;Tocantins;MACRORREGIAO DE SAUDE NORTE;Tupirama
172130;1701;17;TO;Tocantins;MACRORREGIAO DE SAUDE NORTE;Tupiratins
172208;1701;17;TO;Tocantins;MACRORREGIAO DE SAUDE NORTE;Wanderlândia
172210;1701;17;TO;Tocantins;MACRORREGIAO DE SAUDE NORTE;Xambioá
210005;2109;21;MA;Maranhão;MACRORREGIAO SUL;Açailândia
210010;2111;21;MA;Maranhão;MACRORREGIAO LESTE;Afonso Cunha
210015;2110;21;MA;Maranhão;MACRORREGIAO NORTE;Água Doce do Maranhão
210020;2110;21;MA;Maranhão;MACRORREGIAO NORTE;Alcântara
210030;2111;21;MA;Maranhão;MACRORREGIAO LESTE;Aldeias Altas
210040;2110;21;MA;Maranhão;MACRORREGIAO NORTE;Altamira do Maranhão
210043;2111;21;MA;Maranhão;MACRORREGIAO LESTE;Alto Alegre do Maranhão
210047;2110;21;MA;Maranhão;MACRORREGIAO NORTE;Alto Alegre do Pindaré
210050;2109;21;MA;Maranhão;MACRORREGIAO SUL;Alto Parnaíba
210055;2110;21;MA;Maranhão;MACRORREGIAO NORTE;Amapá do Maranhão
210060;2109;21;MA;Maranhão;MACRORREGIAO SUL;Amarante do Maranhão
210070;2110;21;MA;Maranhão;MACRORREGIAO NORTE;Anajatuba
210080;2110;21;MA;Maranhão;MACRORREGIAO NORTE;Anapurus
210083;2110;21;MA;Maranhão;MACRORREGIAO NORTE;Apicum-Açu
210087;2110;21;MA;Maranhão;MACRORREGIAO NORTE;Araguanã
210090;2110;21;MA;Maranhão;MACRORREGIAO NORTE;Araioses
210095;2109;21;MA;Maranhão;MACRORREGIAO SUL;Arame
210100;2110;21;MA;Maranhão;MACRORREGIAO NORTE;Arari
210110;2110;21;MA;Maranhão;MACRORREGIAO NORTE;Axixá
210120;2110;21;MA;Maranhão;MACRORREGIAO NORTE;Bacabal
210125;2110;21;MA;Maranhão;MACRORREGIAO NORTE;Bacabeira
210130;2110;21;MA;Maranhão;MACRORREGIAO NORTE;Bacuri
210135;2110;21;MA;Maranhão;MACRORREGIAO NORTE;Bacurituba
210140;2109;21;MA;Maranhão;MACRORREGIAO SUL;Balsas
210150;2111;21;MA;Maranhão;MACRORREGIAO LESTE;Barão de Grajaú
210160;2109;21;MA;Maranhão;MACRORREGIAO SUL;Barra do Corda
210170;2110;21;MA;Maranhão;MACRORREGIAO NORTE;Barreirinhas
210173;2110;21;MA;Maranhão;MACRORREGIAO NORTE;Belágua
210177;2110;21;MA;Maranhão;MACRORREGIAO NORTE;Bela Vista do Maranhão
210180;2111;21;MA;Maranhão;MACRORREGIAO LESTE;Benedito Leite
210190;2110;21;MA;Maranhão;MACRORREGIAO NORTE;Bequimão
210193;2111;21;MA;Maranhão;MACRORREGIAO LESTE;Bernardo do Mearim
210197;2110;21;MA;Maranhão;MACRORREGIAO NORTE;Boa Vista do Gurupi
210200;2110;21;MA;Maranhão;MACRORREGIAO NORTE;Bom Jardim
210203;2109;21;MA;Maranhão;MACRORREGIAO SUL;Bom Jesus das Selvas
210207;2110;21;MA;Maranhão;MACRORREGIAO NORTE;Bom Lugar
210210;2110;21;MA;Maranhão;MACRORREGIAO NORTE;Brejo
210215;2110;21;MA;Maranhão;MACRORREGIAO NORTE;Brejo de Areia
210220;2111;21;MA;Maranhão;MACRORREGIAO LESTE;Buriti
210230;2111;21;MA;Maranhão;MACRORREGIAO LESTE;Buriti Bravo
210232;2109;21;MA;Maranhão;MACRORREGIAO SUL;Buriticupu
210235;2109;21;MA;Maranhão;MACRORREGIAO SUL;Buritirana
210237;2110;21;MA;Maranhão;MACRORREGIAO NORTE;Cachoeira Grande
210240;2110;21;MA;Maranhão;MACRORREGIAO NORTE;Cajapió
210250;2110;21;MA;Maranhão;MACRORREGIAO NORTE;Cajari
210255;2109;21;MA;Maranhão;MACRORREGIAO SUL;Campestre do Maranhão
210260;2110;21;MA;Maranhão;MACRORREGIAO NORTE;Cândido Mendes
210270;2110;21;MA;Maranhão;MACRORREGIAO NORTE;Cantanhede
210275;2111;21;MA;Maranhão;MACRORREGIAO LESTE;Capinzal do Norte
210280;2109;21;MA;Maranhão;MACRORREGIAO SUL;Carolina
210290;2110;21;MA;Maranhão;MACRORREGIAO NORTE;Carutapera
210300;2111;21;MA;Maranhão;MACRORREGIAO LESTE;Caxias
210310;2110;21;MA;Maranhão;MACRORREGIAO NORTE;Cedral
210312;2110;21;MA;Maranhão;MACRORREGIAO NORTE;Central do Maranhão
210315;2110;21;MA;Maranhão;MACRORREGIAO NORTE;Centro do Guilherme
210317;2110;21;MA;Maranhão;MACRORREGIAO NORTE;Centro Novo do Maranhão
210320;2110;21;MA;Maranhão;MACRORREGIAO NORTE;Chapadinha
210325;2109;21;MA;Maranhão;MACRORREGIAO SUL;Cidelândia
210330;2111;21;MA;Maranhão;MACRORREGIAO LESTE;Codó
210340;2111;21;MA;Maranhão;MACRORREGIAO LESTE;Coelho Neto
210350;2111;21;MA;Maranhão;MACRORREGIAO LESTE;Colinas
210355;2110;21;MA;Maranhão;MACRORREGIAO NORTE;Conceição do Lago-Açu
210360;2111;21;MA;Maranhão;MACRORREGIAO LESTE;Coroatá
210370;2110;21;MA;Maranhão;MACRORREGIAO NORTE;Cururupu
210375;2109;21;MA;Maranhão;MACRORREGIAO SUL;Davinópolis
210380;2111;21;MA;Maranhão;MACRORREGIAO LESTE;Dom Pedro
210390;2111;21;MA;Maranhão;MACRORREGIAO LESTE;Duque Bacelar
210400;2111;21;MA;Maranhão;MACRORREGIAO LESTE;Esperantinópolis
210405;2109;21;MA;Maranhão;MACRORREGIAO SUL;Estreito
210407;2109;21;MA;Maranhão;MACRORREGIAO SUL;Feira Nova do Maranhão
210408;2109;21;MA;Maranhão;MACRORREGIAO SUL;Fernando Falcão
210409;2109;21;MA;Maranhão;MACRORREGIAO SUL;Formosa da Serra Negra
210410;2109;21;MA;Maranhão;MACRORREGIAO SUL;Fortaleza dos Nogueiras
210420;2111;21;MA;Maranhão;MACRORREGIAO LESTE;Fortuna
210430;2110;21;MA;Maranhão;MACRORREGIAO NORTE;Godofredo Viana
210440;2111;21;MA;Maranhão;MACRORREGIAO LESTE;Gonçalves Dias
210450;2111;21;MA;Maranhão;MACRORREGIAO LESTE;Governador Archer
210455;2109;21;MA;Maranhão;MACRORREGIAO SUL;Governador Edison Lobão
210460;2111;21;MA;Maranhão;MACRORREGIAO LESTE;Governador Eugênio Barros
210462;2111;21;MA;Maranhão;MACRORREGIAO LESTE;Governador Luiz Rocha
210465;2110;21;MA;Maranhão;MACRORREGIAO NORTE;Governador Newton Bello
210467;2110;21;MA;Maranhão;MACRORREGIAO NORTE;Governador Nunes Freire
210470;2111;21;MA;Maranhão;MACRORREGIAO LESTE;Graça Aranha
210480;2109;21;MA;Maranhão;MACRORREGIAO SUL;Grajaú
210490;2110;21;MA;Maranhão;MACRORREGIAO NORTE;Guimarães
210500;2110;21;MA;Maranhão;MACRORREGIAO NORTE;Humberto de Campos
210510;2110;21;MA;Maranhão;MACRORREGIAO NORTE;Icatu
210515;2110;21;MA;Maranhão;MACRORREGIAO NORTE;Igarapé do Meio
210520;2111;21;MA;Maranhão;MACRORREGIAO LESTE;Igarapé Grande
210530;2109;21;MA;Maranhão;MACRORREGIAO SUL;Imperatriz
210535;2109;21;MA;Maranhão;MACRORREGIAO SUL;Itaipava do Grajaú
210540;2110;21;MA;Maranhão;MACRORREGIAO NORTE;Itapecuru Mirim
210542;2109;21;MA;Maranhão;MACRORREGIAO SUL;Itinga do Maranhão
210545;2111;21;MA;Maranhão;MACRORREGIAO LESTE;Jatobá
210547;2109;21;MA;Maranhão;MACRORREGIAO SUL;Jenipapo dos Vieiras
210550;2109;21;MA;Maranhão;MACRORREGIAO SUL;João Lisboa
210560;2111;21;MA;Maranhão;MACRORREGIAO LESTE;Joselândia
210565;2110;21;MA;Maranhão;MACRORREGIAO NORTE;Junco do Maranhão
210570;2111;21;MA;Maranhão;MACRORREGIAO LESTE;Lago da Pedra
210580;2111;21;MA;Maranhão;MACRORREGIAO LESTE;Lago do Junco
210590;2110;21;MA;Maranhão;MACRORREGIAO NORTE;Lago Verde
210592;2111;21;MA;Maranhão;MACRORREGIAO LESTE;Lagoa do Mato
210594;2111;21;MA;Maranhão;MACRORREGIAO LESTE;Lago dos Rodrigues
210596;2111;21;MA;Maranhão;MACRORREGIAO LESTE;Lagoa Grande do Maranhão
210598;2109;21;MA;Maranhão;MACRORREGIAO SUL;Lajeado Novo
210600;2111;21;MA;Maranhão;MACRORREGIAO LESTE;Lima Campos
210610;2109;21;MA;Maranhão;MACRORREGIAO SUL;Loreto
210620;2110;21;MA;Maranhão;MACRORREGIAO NORTE;Luís Domingues
210630;2110;21;MA;Maranhão;MACRORREGIAO NORTE;Magalhães de Almeida
210632;2110;21;MA;Maranhão;MACRORREGIAO NORTE;Maracaçumé
210635;2110;21;MA;Maranhão;MACRORREGIAO NORTE;Marajá do Sena
210637;2110;21;MA;Maranhão;MACRORREGIAO NORTE;Maranhãozinho
210640;2110;21;MA;Maranhão;MACRORREGIAO NORTE;Mata Roma
210650;2110;21;MA;Maranhão;MACRORREGIAO NORTE;Matinha
210660;2111;21;MA;Maranhão;MACRORREGIAO LESTE;Matões
210663;2110;21;MA;Maranhão;MACRORREGIAO NORTE;Matões do Norte
210667;2110;21;MA;Maranhão;MACRORREGIAO NORTE;Milagres do Maranhão
210670;2111;21;MA;Maranhão;MACRORREGIAO LESTE;Mirador
210675;2110;21;MA;Maranhão;MACRORREGIAO NORTE;Miranda do Norte
210680;2110;21;MA;Maranhão;MACRORREGIAO NORTE;Mirinzal
210690;2110;21;MA;Maranhão;MACRORREGIAO NORTE;Monção
210700;2109;21;MA;Maranhão;MACRORREGIAO SUL;Montes Altos
210710;2110;21;MA;Maranhão;MACRORREGIAO NORTE;Morros
210720;2110;21;MA;Maranhão;MACRORREGIAO NORTE;Nina Rodrigues
210725;2109;21;MA;Maranhão;MACRORREGIAO SUL;Nova Colinas
210730;2111;21;MA;Maranhão;MACRORREGIAO LESTE;Nova Iorque
210735;2110;21;MA;Maranhão;MACRORREGIAO NORTE;Nova Olinda do Maranhão
210740;2110;21;MA;Maranhão;MACRORREGIAO NORTE;Olho d'Água das Cunhãs
210745;2110;21;MA;Maranhão;MACRORREGIAO NORTE;Olinda Nova do Maranhão
210750;2110;21;MA;Maranhão;MACRORREGIAO NORTE;Paço do Lumiar
210760;2110;21;MA;Maranhão;MACRORREGIAO NORTE;Palmeirândia
210770;2111;21;MA;Maranhão;MACRORREGIAO LESTE;Paraibano
210780;2111;21;MA;Maranhão;MACRORREGIAO LESTE;Parnarama
210790;2111;21;MA;Maranhão;MACRORREGIAO LESTE;Passagem Franca
210800;2111;21;MA;Maranhão;MACRORREGIAO LESTE;Pastos Bons
210805;2110;21;MA;Maranhão;MACRORREGIAO NORTE;Paulino Neves
210810;2110;21;MA;Maranhão;MACRORREGIAO NORTE;Paulo Ramos
210820;2111;21;MA;Maranhão;MACRORREGIAO LESTE;Pedreiras
210825;2110;21;MA;Maranhão;MACRORREGIAO NORTE;Pedro do Rosário
210830;2110;21;MA;Maranhão;MACRORREGIAO NORTE;Penalva
210840;2110;21;MA;Maranhão;MACRORREGIAO NORTE;Peri Mirim
210845;2111;21;MA;Maranhão;MACRORREGIAO LESTE;Peritoró
210850;2110;21;MA;Maranhão;MACRORREGIAO NORTE;Pindaré-Mirim
210860;2110;21;MA;Maranhão;MACRORREGIAO NORTE;Pinheiro
210870;2110;21;MA;Maranhão;MACRORREGIAO NORTE;Pio XII
210880;2110;21;MA;Maranhão;MACRORREGIAO NORTE;Pirapemas
210890;2111;21;MA;Maranhão;MACRORREGIAO LESTE;Poção de Pedras
210900;2109;21;MA;Maranhão;MACRORREGIAO SUL;Porto Franco
210905;2110;21;MA;Maranhão;MACRORREGIAO NORTE;Porto Rico do Maranhão
210910;2111;21;MA;Maranhão;MACRORREGIAO LESTE;Presidente Dutra
210920;2110;21;MA;Maranhão;MACRORREGIAO NORTE;Presidente Juscelino
210923;2110;21;MA;Maranhão;MACRORREGIAO NORTE;Presidente Médici
210927;2110;21;MA;Maranhão;MACRORREGIAO NORTE;Presidente Sarney
210930;2110;21;MA;Maranhão;MACRORREGIAO NORTE;Presidente Vargas
210940;2110;21;MA;Maranhão;MACRORREGIAO NORTE;Primeira Cruz
210945;2110;21;MA;Maranhão;MACRORREGIAO NORTE;Raposa
210950;2109;21;MA;Maranhão;MACRORREGIAO SUL;Riachão
210955;2109;21;MA;Maranhão;MACRORREGIAO SUL;Ribamar Fiquene
210960;2110;21;MA;Maranhão;MACRORREGIAO NORTE;Rosário
210970;2109;21;MA;Maranhão;MACRORREGIAO SUL;Sambaíba
210975;2111;21;MA;Maranhão;MACRORREGIAO LESTE;Santa Filomena do Maranhão
210980;2110;21;MA;Maranhão;MACRORREGIAO NORTE;Santa Helena
210990;2110;21;MA;Maranhão;MACRORREGIAO NORTE;Santa Inês
211000;2110;21;MA;Maranhão;MACRORREGIAO NORTE;Santa Luzia
211003;2110;21;MA;Maranhão;MACRORREGIAO NORTE;Santa Luzia do Paruá
211010;2110;21;MA;Maranhão;MACRORREGIAO NORTE;Santa Quitéria do Maranhão
211020;2110;21;MA;Maranhão;MACRORREGIAO NORTE;Santa Rita
211023;2110;21;MA;Maranhão;MACRORREGIAO NORTE;Santana do Maranhão
211027;2110;21;MA;Maranhão;MACRORREGIAO NORTE;Santo Amaro do Maranhão
211030;2111;21;MA;Maranhão;MACRORREGIAO LESTE;Santo Antônio dos Lopes
211040;2110;21;MA;Maranhão;MACRORREGIAO NORTE;São Benedito do Rio Preto
211050;2110;21;MA;Maranhão;MACRORREGIAO NORTE;São Bento
211060;2110;21;MA;Maranhão;MACRORREGIAO NORTE;São Bernardo
211065;2111;21;MA;Maranhão;MACRORREGIAO LESTE;São Domingos do Azeitão
211070;2111;21;MA;Maranhão;MACRORREGIAO LESTE;São Domingos do Maranhão
211080;2109;21;MA;Maranhão;MACRORREGIAO SUL;São Félix de Balsas
211085;2109;21;MA;Maranhão;MACRORREGIAO SUL;São Francisco do Brejão
211090;2111;21;MA;Maranhão;MACRORREGIAO LESTE;São Francisco do Maranhão
211100;2110;21;MA;Maranhão;MACRORREGIAO NORTE;São João Batista
211102;2110;21;MA;Maranhão;MACRORREGIAO NORTE;São João do Carú
211105;2109;21;MA;Maranhão;MACRORREGIAO SUL;São João do Paraíso
211107;2111;21;MA;Maranhão;MACRORREGIAO LESTE;São João do Soter
211110;2111;21;MA;Maranhão;MACRORREGIAO LESTE;São João dos Patos
211120;2110;21;MA;Maranhão;MACRORREGIAO NORTE;São José de Ribamar
211125;2111;21;MA;Maranhão;MACRORREGIAO LESTE;São José dos Basílios
211130;2110;21;MA;Maranhão;MACRORREGIAO NORTE;São Luís
211140;2110;21;MA;Maranhão;MACRORREGIAO NORTE;São Luís Gonzaga do Maranhão
211150;2111;21;MA;Maranhão;MACRORREGIAO LESTE;São Mateus do Maranhão
211153;2109;21;MA;Maranhão;MACRORREGIAO SUL;São Pedro da Água Branca
211157;2109;21;MA;Maranhão;MACRORREGIAO SUL;São Pedro dos Crentes
211160;2109;21;MA;Maranhão;MACRORREGIAO SUL;São Raimundo das Mangabeiras
211163;2111;21;MA;Maranhão;MACRORREGIAO LESTE;São Raimundo do Doca Bezerra
211167;2111;21;MA;Maranhão;MACRORREGIAO LESTE;São Roberto
211170;2110;21;MA;Maranhão;MACRORREGIAO NORTE;São Vicente Ferrer
211172;2110;21;MA;Maranhão;MACRORREGIAO NORTE;Satubinha
211174;2111;21;MA;Maranhão;MACRORREGIAO LESTE;Senador Alexandre Costa
211176;2109;21;MA;Maranhão;MACRORREGIAO SUL;Senador La Rocque
211178;2110;21;MA;Maranhão;MACRORREGIAO NORTE;Serrano do Maranhão
211180;2109;21;MA;Maranhão;MACRORREGIAO SUL;Sítio Novo
211190;2111;21;MA;Maranhão;MACRORREGIAO LESTE;Sucupira do Norte
211195;2111;21;MA;Maranhão;MACRORREGIAO LESTE;Sucupira do Riachão
211200;2109;21;MA;Maranhão;MACRORREGIAO SUL;Tasso Fragoso
211210;2111;21;MA;Maranhão;MACRORREGIAO LESTE;Timbiras
211220;2111;21;MA;Maranhão;MACRORREGIAO LESTE;Timon
211223;2111;21;MA;Maranhão;MACRORREGIAO LESTE;Trizidela do Vale
211227;2110;21;MA;Maranhão;MACRORREGIAO NORTE;Tufilândia
211230;2111;21;MA;Maranhão;MACRORREGIAO LESTE;Tuntum
211240;2110;21;MA;Maranhão;MACRORREGIAO NORTE;Turiaçu
211245;2110;21;MA;Maranhão;MACRORREGIAO NORTE;Turilândia
211250;2110;21;MA;Maranhão;MACRORREGIAO NORTE;Tutóia
211260;2110;21;MA;Maranhão;MACRORREGIAO NORTE;Urbano Santos
211270;2110;21;MA;Maranhão;MACRORREGIAO NORTE;Vargem Grande
211280;2110;21;MA;Maranhão;MACRORREGIAO NORTE;Viana
211285;2109;21;MA;Maranhão;MACRORREGIAO SUL;Vila Nova dos Martírios
211290;2110;21;MA;Maranhão;MACRORREGIAO NORTE;Vitória do Mearim
211300;2110;21;MA;Maranhão;MACRORREGIAO NORTE;Vitorino Freire
211400;2110;21;MA;Maranhão;MACRORREGIAO NORTE;Zé Doca
220005;2207;22;PI;Piauí;SEMI-ARIDO;Acauã
220010;2208;22;PI;Piauí;MEIO NORTE;Agricolândia
220020;2208;22;PI;Piauí;MEIO NORTE;Água Branca
220025;2207;22;PI;Piauí;SEMI-ARIDO;Alagoinha do Piauí
220027;2207;22;PI;Piauí;SEMI-ARIDO;Alegrete do Piauí
220030;2208;22;PI;Piauí;MEIO NORTE;Alto Longá
220040;2208;22;PI;Piauí;MEIO NORTE;Altos
220045;2210;22;PI;Piauí;CERRADOS;Alvorada do Gurguéia
220050;2208;22;PI;Piauí;MEIO NORTE;Amarante
220060;2208;22;PI;Piauí;MEIO NORTE;Angical do Piauí
220070;2210;22;PI;Piauí;CERRADOS;Anísio de Abreu
220080;2210;22;PI;Piauí;CERRADOS;Antônio Almeida
220090;2207;22;PI;Piauí;SEMI-ARIDO;Aroazes
220095;2207;22;PI;Piauí;SEMI-ARIDO;Aroeiras do Itaim
220100;2210;22;PI;Piauí;CERRADOS;Arraial
220105;2208;22;PI;Piauí;MEIO NORTE;Assunção do Piauí
220110;2210;22;PI;Piauí;CERRADOS;Avelino Lopes
220115;2210;22;PI;Piauí;CERRADOS;Baixa Grande do Ribeiro
220117;2207;22;PI;Piauí;SEMI-ARIDO;Barra D'Alcântara
220120;2209;22;PI;Piauí;LITORAL;Barras
220130;2210;22;PI;Piauí;CERRADOS;Barreiras do Piauí
220140;2208;22;PI;Piauí;MEIO NORTE;Barro Duro
220150;2209;22;PI;Piauí;LITORAL;Batalha
220155;2207;22;PI;Piauí;SEMI-ARIDO;Bela Vista do Piauí
220157;2207;22;PI;Piauí;SEMI-ARIDO;Belém do Piauí
220160;2208;22;PI;Piauí;MEIO NORTE;Beneditinos
220170;2210;22;PI;Piauí;CERRADOS;Bertolínia
220173;2207;22;PI;Piauí;SEMI-ARIDO;Betânia do Piauí
220177;2208;22;PI;Piauí;MEIO NORTE;Boa Hora
220180;2207;22;PI;Piauí;SEMI-ARIDO;Bocaina
220190;2210;22;PI;Piauí;CERRADOS;Bom Jesus
220191;2209;22;PI;Piauí;LITORAL;Bom Princípio do Piauí
220192;2210;22;PI;Piauí;CERRADOS;Bonfim do Piauí
220194;2208;22;PI;Piauí;MEIO NORTE;Boqueirão do Piauí
220196;2209;22;PI;Piauí;LITORAL;Brasileira
220198;2210;22;PI;Piauí;CERRADOS;Brejo do Piauí
220200;2209;22;PI;Piauí;LITORAL;Buriti dos Lopes
220202;2208;22;PI;Piauí;MEIO NORTE;Buriti dos Montes
220205;2208;22;PI;Piauí;MEIO NORTE;Cabeceiras do Piauí
220207;2207;22;PI;Piauí;SEMI-ARIDO;Cajazeiras do Piauí
220208;2209;22;PI;Piauí;LITORAL;Cajueiro da Praia
220209;2207;22;PI;Piauí;SEMI-ARIDO;Caldeirão Grande do Piauí
220210;2207;22;PI;Piauí;SEMI-ARIDO;Campinas do Piauí
220211;2210;22;PI;Piauí;CERRADOS;Campo Alegre do Fidalgo
220213;2207;22;PI;Piauí;SEMI-ARIDO;Campo Grande do Piauí
220217;2209;22;PI;Piauí;LITORAL;Campo Largo do Piauí
220220;2208;22;PI;Piauí;MEIO NORTE;Campo Maior
220225;2210;22;PI;Piauí;CERRADOS;Canavieira
220230;2210;22;PI;Piauí;CERRADOS;Canto do Buriti
220240;2209;22;PI;Piauí;LITORAL;Capitão de Campos
220245;2210;22;PI;Piauí;CERRADOS;Capitão Gervásio Oliveira
220250;2210;22;PI;Piauí;CERRADOS;Caracol
220253;2209;22;PI;Piauí;LITORAL;Caraúbas do Piauí
220255;2207;22;PI;Piauí;SEMI-ARIDO;Caridade do Piauí
220260;2208;22;PI;Piauí;MEIO NORTE;Castelo do Piauí
220265;2209;22;PI;Piauí;LITORAL;Caxingó
220270;2209;22;PI;Piauí;LITORAL;Cocal
220271;2208;22;PI;Piauí;MEIO NORTE;Cocal de Telha
220272;2209;22;PI;Piauí;LITORAL;Cocal dos Alves
220273;2208;22;PI;Piauí;MEIO NORTE;Coivaras
220275;2210;22;PI;Piauí;CERRADOS;Colônia do Gurguéia
220277;2207;22;PI;Piauí;SEMI-ARIDO;Colônia do Piauí
220280;2207;22;PI;Piauí;SEMI-ARIDO;Conceição do Canindé
220285;2210;22;PI;Piauí;CERRADOS;Coronel José Dias
220290;2210;22;PI;Piauí;CERRADOS;Corrente
220300;2210;22;PI;Piauí;CERRADOS;Cristalândia do Piauí
220310;2210;22;PI;Piauí;CERRADOS;Cristino Castro
220320;2210;22;PI;Piauí;CERRADOS;Curimatá
220323;2210;22;PI;Piauí;CERRADOS;Currais
220325;2208;22;PI;Piauí;MEIO NORTE;Curralinhos
220327;2207;22;PI;Piauí;SEMI-ARIDO;Curral Novo do Piauí
220330;2208;22;PI;Piauí;MEIO NORTE;Demerval Lobão
220335;2210;22;PI;Piauí;CERRADOS;Dirceu Arcoverde
220340;2207;22;PI;Piauí;SEMI-ARIDO;Dom Expedito Lopes
220342;2209;22;PI;Piauí;LITORAL;Domingos Mourão
220345;2210;22;PI;Piauí;CERRADOS;Dom Inocêncio
220350;2207;22;PI;Piauí;SEMI-ARIDO;Elesbão Veloso
220360;2210;22;PI;Piauí;CERRADOS;Eliseu Martins
220370;2209;22;PI;Piauí;LITORAL;Esperantina
220375;2210;22;PI;Piauí;CERRADOS;Fartura do Piauí
220380;2210;22;PI;Piauí;CERRADOS;Flores do Piauí
220385;2207;22;PI;Piauí;SEMI-ARIDO;Floresta do Piauí
220390;2210;22;PI;Piauí;CERRADOS;Floriano
220400;2207;22;PI;Piauí;SEMI-ARIDO;Francinópolis
220410;2210;22;PI;Piauí;CERRADOS;Francisco Ayres
220415;2207;22;PI;Piauí;SEMI-ARIDO;Francisco Macedo
220420;2207;22;PI;Piauí;SEMI-ARIDO;Francisco Santos
220430;2207;22;PI;Piauí;SEMI-ARIDO;Fronteiras
220435;2207;22;PI;Piauí;SEMI-ARIDO;Geminiano
220440;2210;22;PI;Piauí;CERRADOS;Gilbués
220450;2210;22;PI;Piauí;CERRADOS;Guadalupe
220455;2210;22;PI;Piauí;CERRADOS;Guaribas
220460;2208;22;PI;Piauí;MEIO NORTE;Hugo Napoleão
220465;2209;22;PI;Piauí;LITORAL;Ilha Grande
220470;2207;22;PI;Piauí;SEMI-ARIDO;Inhuma
220480;2207;22;PI;Piauí;SEMI-ARIDO;Ipiranga do Piauí
220490;2207;22;PI;Piauí;SEMI-ARIDO;Isaías Coelho
220500;2207;22;PI;Piauí;SEMI-ARIDO;Itainópolis
220510;2210;22;PI;Piauí;CERRADOS;Itaueira
220515;2207;22;PI;Piauí;SEMI-ARIDO;Jacobina do Piauí
220520;2207;22;PI;Piauí;SEMI-ARIDO;Jaicós
220525;2208;22;PI;Piauí;MEIO NORTE;Jardim do Mulato
220527;2208;22;PI;Piauí;MEIO NORTE;Jatobá do Piauí
220530;2210;22;PI;Piauí;CERRADOS;Jerumenha
220535;2210;22;PI;Piauí;CERRADOS;João Costa
220540;2209;22;PI;Piauí;LITORAL;Joaquim Pires
220545;2209;22;PI;Piauí;LITORAL;Joca Marques
220550;2208;22;PI;Piauí;MEIO NORTE;José de Freitas
220551;2208;22;PI;Piauí;MEIO NORTE;Juazeiro do Piauí
220552;2210;22;PI;Piauí;CERRADOS;Júlio Borges
220553;2210;22;PI;Piauí;CERRADOS;Jurema
220554;2208;22;PI;Piauí;MEIO NORTE;Lagoinha do Piauí
220555;2208;22;PI;Piauí;MEIO NORTE;Lagoa Alegre
220556;2210;22;PI;Piauí;CERRADOS;Lagoa do Barro do Piauí
220557;2209;22;PI;Piauí;LITORAL;Lagoa de São Francisco
220558;2208;22;PI;Piauí;MEIO NORTE;Lagoa do Piauí
220559;2207;22;PI;Piauí;SEMI-ARIDO;Lagoa do Sítio
220560;2210;22;PI;Piauí;CERRADOS;Landri Sales
220570;2209;22;PI;Piauí;LITORAL;Luís Correia
220580;2209;22;PI;Piauí;LITORAL;Luzilândia
220585;2209;22;PI;Piauí;LITORAL;Madeiro
220590;2210;22;PI;Piauí;CERRADOS;Manoel Emídio
220595;2207;22;PI;Piauí;SEMI-ARIDO;Marcolândia
220600;2210;22;PI;Piauí;CERRADOS;Marcos Parente
220605;2207;22;PI;Piauí;SEMI-ARIDO;Massapê do Piauí
220610;2209;22;PI;Piauí;LITORAL;Matias Olímpio
220620;2208;22;PI;Piauí;MEIO NORTE;Miguel Alves
220630;2208;22;PI;Piauí;MEIO NORTE;Miguel Leão
220635;2209;22;PI;Piauí;LITORAL;Milton Brandão
220640;2208;22;PI;Piauí;MEIO NORTE;Monsenhor Gil
220650;2207;22;PI;Piauí;SEMI-ARIDO;Monsenhor Hipólito
220660;2210;22;PI;Piauí;CERRADOS;Monte Alegre do Piauí
220665;2210;22;PI;Piauí;CERRADOS;Morro Cabeça no Tempo
220667;2209;22;PI;Piauí;LITORAL;Morro do Chapéu do Piauí
220669;2209;22;PI;Piauí;LITORAL;Murici dos Portelas
220670;2210;22;PI;Piauí;CERRADOS;Nazaré do Piauí
220672;2208;22;PI;Piauí;MEIO NORTE;Nazária
220675;2208;22;PI;Piauí;MEIO NORTE;Nossa Senhora de Nazaré
220680;2209;22;PI;Piauí;LITORAL;Nossa Senhora dos Remédios
220690;2207;22;PI;Piauí;SEMI-ARIDO;Novo Oriente do Piauí
220695;2208;22;PI;Piauí;MEIO NORTE;Novo Santo Antônio
220700;2207;22;PI;Piauí;SEMI-ARIDO;Oeiras
220710;2208;22;PI;Piauí;MEIO NORTE;Olho D'Água do Piauí
220720;2207;22;PI;Piauí;SEMI-ARIDO;Padre Marcos
220730;2210;22;PI;Piauí;CERRADOS;Paes Landim
220735;2210;22;PI;Piauí;CERRADOS;Pajeú do Piauí
220740;2210;22;PI;Piauí;CERRADOS;Palmeira do Piauí
220750;2208;22;PI;Piauí;MEIO NORTE;Palmeirais
220755;2207;22;PI;Piauí;SEMI-ARIDO;Paquetá
220760;2210;22;PI;Piauí;CERRADOS;Parnaguá
220770;2209;22;PI;Piauí;LITORAL;Parnaíba
220775;2208;22;PI;Piauí;MEIO NORTE;Passagem Franca do Piauí
220777;2207;22;PI;Piauí;SEMI-ARIDO;Patos do Piauí
220779;2208;22;PI;Piauí;MEIO NORTE;Pau D'Arco do Piauí
220780;2207;22;PI;Piauí;SEMI-ARIDO;Paulistana
220785;2210;22;PI;Piauí;CERRADOS;Pavussu
220790;2209;22;PI;Piauí;LITORAL;Pedro II
220793;2210;22;PI;Piauí;CERRADOS;Pedro Laurentino
220795;2210;22;PI;Piauí;CERRADOS;Nova Santa Rita
220800;2207;22;PI;Piauí;SEMI-ARIDO;Picos
220810;2207;22;PI;Piauí;SEMI-ARIDO;Pimenteiras
220820;2207;22;PI;Piauí;SEMI-ARIDO;Pio IX
220830;2209;22;PI;Piauí;LITORAL;Piracuruca
220840;2209;22;PI;Piauí;LITORAL;Piripiri
220850;2209;22;PI;Piauí;LITORAL;Porto
220855;2210;22;PI;Piauí;CERRADOS;Porto Alegre do Piauí
220860;2207;22;PI;Piauí;SEMI-ARIDO;Prata do Piauí
220865;2207;22;PI;Piauí;SEMI-ARIDO;Queimada Nova
220870;2210;22;PI;Piauí;CERRADOS;Redenção do Gurguéia
220880;2208;22;PI;Piauí;MEIO NORTE;Regeneração
220885;2210;22;PI;Piauí;CERRADOS;Riacho Frio
220887;2210;22;PI;Piauí;CERRADOS;Ribeira do Piauí
220890;2210;22;PI;Piauí;CERRADOS;Ribeiro Gonçalves
220900;2210;22;PI;Piauí;CERRADOS;Rio Grande do Piauí
220910;2207;22;PI;Piauí;SEMI-ARIDO;Santa Cruz do Piauí
220915;2207;22;PI;Piauí;SEMI-ARIDO;Santa Cruz dos Milagres
220920;2210;22;PI;Piauí;CERRADOS;Santa Filomena
220930;2210;22;PI;Piauí;CERRADOS;Santa Luz
220935;2207;22;PI;Piauí;SEMI-ARIDO;Santana do Piauí
220937;2207;22;PI;Piauí;SEMI-ARIDO;Santa Rosa do Piauí
220940;2207;22;PI;Piauí;SEMI-ARIDO;Santo Antônio de Lisboa
220945;2208;22;PI;Piauí;MEIO NORTE;Santo Antônio dos Milagres
220950;2207;22;PI;Piauí;SEMI-ARIDO;Santo Inácio do Piauí
220955;2210;22;PI;Piauí;CERRADOS;São Braz do Piauí
220960;2207;22;PI;Piauí;SEMI-ARIDO;São Félix do Piauí
220965;2207;22;PI;Piauí;SEMI-ARIDO;São Francisco de Assis do Piau?
220970;2210;22;PI;Piauí;CERRADOS;São Francisco do Piauí
220975;2210;22;PI;Piauí;CERRADOS;São Gonçalo do Gurguéia
220980;2208;22;PI;Piauí;MEIO NORTE;São Gonçalo do Piauí
220985;2207;22;PI;Piauí;SEMI-ARIDO;São João da Canabrava
220987;2209;22;PI;Piauí;LITORAL;São João da Fronteira
220990;2208;22;PI;Piauí;MEIO NORTE;São João da Serra
220995;2207;22;PI;Piauí;SEMI-ARIDO;São João da Varjota
220997;2209;22;PI;Piauí;LITORAL;São João do Arraial
221000;2210;22;PI;Piauí;CERRADOS;São João do Piauí
221005;2209;22;PI;Piauí;LITORAL;São José do Divino
221010;2210;22;PI;Piauí;CERRADOS;São José do Peixe
221020;2207;22;PI;Piauí;SEMI-ARIDO;São José do Piauí
221030;2207;22;PI;Piauí;SEMI-ARIDO;São Julião
221035;2210;22;PI;Piauí;CERRADOS;São Lourenço do Piauí
221037;2207;22;PI;Piauí;SEMI-ARIDO;São Luis do Piauí
221038;2207;22;PI;Piauí;SEMI-ARIDO;São Miguel da Baixa Grande
221039;2210;22;PI;Piauí;CERRADOS;São Miguel do Fidalgo
221040;2208;22;PI;Piauí;MEIO NORTE;São Miguel do Tapuio
221050;2208;22;PI;Piauí;MEIO NORTE;São Pedro do Piauí
221060;2210;22;PI;Piauí;CERRADOS;São Raimundo Nonato
221062;2210;22;PI;Piauí;CERRADOS;Sebastião Barros
221063;2210;22;PI;Piauí;CERRADOS;Sebastião Leal
221065;2208;22;PI;Piauí;MEIO NORTE;Sigefredo Pacheco
221070;2207;22;PI;Piauí;SEMI-ARIDO;Simões
221080;2207;22;PI;Piauí;SEMI-ARIDO;Simplício Mendes
221090;2210;22;PI;Piauí;CERRADOS;Socorro do Piauí
221093;2207;22;PI;Piauí;SEMI-ARIDO;Sussuapara
221095;2210;22;PI;Piauí;CERRADOS;Tamboril do Piauí
221097;2207;22;PI;Piauí;SEMI-ARIDO;Tanque do Piauí
221100;2208;22;PI;Piauí;MEIO NORTE;Teresina
221110;2208;22;PI;Piauí;MEIO NORTE;União
221120;2210;22;PI;Piauí;CERRADOS;Uruçuí
221130;2207;22;PI;Piauí;SEMI-ARIDO;Valença do Piauí
221135;2210;22;PI;Piauí;CERRADOS;Várzea Branca
221140;2207;22;PI;Piauí;SEMI-ARIDO;Várzea Grande
221150;2207;22;PI;Piauí;SEMI-ARIDO;Vera Mendes
221160;2207;22;PI;Piauí;SEMI-ARIDO;Vila Nova do Piauí
221170;2207;22;PI;Piauí;SEMI-ARIDO;Wall Ferraz
230010;2308;23;CE;Ceará;CARIRI;Abaiara
230015;2310;23;CE;Ceará;FORTALEZA;Acarape
230020;2309;23;CE;Ceará;SOBRAL;Acaraú
230030;2308;23;CE;Ceará;CARIRI;Acopiara
230040;2307;23;CE;Ceará;SERTAO CENTRAL;Aiuaba
230050;2309;23;CE;Ceará;SOBRAL;Alcântaras
230060;2308;23;CE;Ceará;CARIRI;Altaneira
230070;2306;23;CE;Ceará;LITORAL LESTE JAGUARIBE;Alto Santo
230075;2310;23;CE;Ceará;FORTALEZA;Amontada
230080;2308;23;CE;Ceará;CARIRI;Antonina do Norte
230090;2310;23;CE;Ceará;FORTALEZA;Apuiarés
230100;2310;23;CE;Ceará;FORTALEZA;Aquiraz
230110;2306;23;CE;Ceará;LITORAL LESTE JAGUARIBE;Aracati
230120;2310;23;CE;Ceará;FORTALEZA;Aracoiaba
230125;2309;23;CE;Ceará;SOBRAL;Ararendá
230130;2308;23;CE;Ceará;CARIRI;Araripe
230140;2310;23;CE;Ceará;FORTALEZA;Aratuba
230150;2307;23;CE;Ceará;SERTAO CENTRAL;Arneiroz
230160;2308;23;CE;Ceará;CARIRI;Assaré
230170;2308;23;CE;Ceará;CARIRI;Aurora
230180;2308;23;CE;Ceará;CARIRI;Baixio
230185;2307;23;CE;Ceará;SERTAO CENTRAL;Banabuiú
230190;2308;23;CE;Ceará;CARIRI;Barbalha
230195;2310;23;CE;Ceará;FORTALEZA;Barreira
230200;2308;23;CE;Ceará;CARIRI;Barro
230205;2309;23;CE;Ceará;SOBRAL;Barroquinha
230210;2310;23;CE;Ceará;FORTALEZA;Baturité
230220;2310;23;CE;Ceará;FORTALEZA;Beberibe
230230;2309;23;CE;Ceará;SOBRAL;Bela Cruz
230240;2307;23;CE;Ceará;SERTAO CENTRAL;Boa Viagem
230250;2308;23;CE;Ceará;CARIRI;Brejo Santo
230260;2309;23;CE;Ceará;SOBRAL;Camocim
230270;2308;23;CE;Ceará;CARIRI;Campos Sales
230280;2307;23;CE;Ceará;SERTAO CENTRAL;Canindé
230290;2310;23;CE;Ceará;FORTALEZA;Capistrano
230300;2307;23;CE;Ceará;SERTAO CENTRAL;Caridade
230310;2309;23;CE;Ceará;SOBRAL;Cariré
230320;2308;23;CE;Ceará;CARIRI;Caririaçu
230330;2308;23;CE;Ceará;CARIRI;Cariús
230340;2309;23;CE;Ceará;SOBRAL;Carnaubal
230350;2310;23;CE;Ceará;FORTALEZA;Cascavel
230360;2308;23;CE;Ceará;CARIRI;Catarina
230365;2309;23;CE;Ceará;SOBRAL;Catunda
230370;2310;23;CE;Ceará;FORTALEZA;Caucaia
230380;2308;23;CE;Ceará;CARIRI;Cedro
230390;2309;23;CE;Ceará;SOBRAL;Chaval
230393;2307;23;CE;Ceará;SERTAO CENTRAL;Choró
230395;2310;23;CE;Ceará;FORTALEZA;Chorozinho
230400;2309;23;CE;Ceará;SOBRAL;Coreaú
230410;2309;23;CE;Ceará;SOBRAL;Crateús
230420;2308;23;CE;Ceará;CARIRI;Crato
230423;2309;23;CE;Ceará;SOBRAL;Croatá
230425;2309;23;CE;Ceará;SOBRAL;Cruz
230426;2308;23;CE;Ceará;CARIRI;Deputado Irapuan Pinheiro
230427;2306;23;CE;Ceará;LITORAL LESTE JAGUARIBE;Ereré
230428;2310;23;CE;Ceará;FORTALEZA;Eusébio
230430;2308;23;CE;Ceará;CARIRI;Farias Brito
230435;2309;23;CE;Ceará;SOBRAL;Forquilha
230440;2310;23;CE;Ceará;FORTALEZA;Fortaleza
230445;2306;23;CE;Ceará;LITORAL LESTE JAGUARIBE;Fortim
230450;2309;23;CE;Ceará;SOBRAL;Frecheirinha
230460;2310;23;CE;Ceará;FORTALEZA;General Sampaio
230465;2309;23;CE;Ceará;SOBRAL;Graça
230470;2309;23;CE;Ceará;SOBRAL;Granja
230480;2308;23;CE;Ceará;CARIRI;Granjeiro
230490;2309;23;CE;Ceará;SOBRAL;Groaíras
230495;2310;23;CE;Ceará;FORTALEZA;Guaiúba
230500;2309;23;CE;Ceará;SOBRAL;Guaraciaba do Norte
230510;2310;23;CE;Ceará;FORTALEZA;Guaramiranga
230520;2309;23;CE;Ceará;SOBRAL;Hidrolândia
230523;2310;23;CE;Ceará;FORTALEZA;Horizonte
230526;2307;23;CE;Ceará;SERTAO CENTRAL;Ibaretama
230530;2309;23;CE;Ceará;SOBRAL;Ibiapina
230533;2307;23;CE;Ceará;SERTAO CENTRAL;Ibicuitinga
230535;2306;23;CE;Ceará;LITORAL LESTE JAGUARIBE;Icapuí
230540;2308;23;CE;Ceará;CARIRI;Icó
230550;2308;23;CE;Ceará;CARIRI;Iguatu
230560;2309;23;CE;Ceará;SOBRAL;Independência
230565;2309;23;CE;Ceará;SOBRAL;Ipaporanga
230570;2308;23;CE;Ceará;CARIRI;Ipaumirim
230580;2309;23;CE;Ceará;SOBRAL;Ipu
230590;2309;23;CE;Ceará;SOBRAL;Ipueiras
230600;2306;23;CE;Ceará;LITORAL LESTE JAGUARIBE;Iracema
230610;2309;23;CE;Ceará;SOBRAL;Irauçuba
230620;2306;23;CE;Ceará;LITORAL LESTE JAGUARIBE;Itaiçaba
230625;2310;23;CE;Ceará;FORTALEZA;Itaitinga
230630;2310;23;CE;Ceará;FORTALEZA;Itapajé
230640;2310;23;CE;Ceará;FORTALEZA;Itapipoca
230650;2310;23;CE;Ceará;FORTALEZA;Itapiúna
230655;2309;23;CE;Ceará;SOBRAL;Itarema
230660;2307;23;CE;Ceará;SERTAO CENTRAL;Itatira
230670;2306;23;CE;Ceará;LITORAL LESTE JAGUARIBE;Jaguaretama
230680;2306;23;CE;Ceará;LITORAL LESTE JAGUARIBE;Jaguaribara
230690;2306;23;CE;Ceará;LITORAL LESTE JAGUARIBE;Jaguaribe
230700;2306;23;CE;Ceará;LITORAL LESTE JAGUARIBE;Jaguaruana
230710;2308;23;CE;Ceará;CARIRI;Jardim
230720;2308;23;CE;Ceará;CARIRI;Jati
230725;2309;23;CE;Ceará;SOBRAL;Jijoca de Jericoacoara
230730;2308;23;CE;Ceará;CARIRI;Juazeiro do Norte
230740;2308;23;CE;Ceará;CARIRI;Jucás
230750;2308;23;CE;Ceará;CARIRI;Lavras da Mangabeira
230760;2306;23;CE;Ceará;LITORAL LESTE JAGUARIBE;Limoeiro do Norte
230763;2307;23;CE;Ceará;SERTAO CENTRAL;Madalena
230765;2310;23;CE;Ceará;FORTALEZA;Maracanaú
230770;2310;23;CE;Ceará;FORTALEZA;Maranguape
230780;2309;23;CE;Ceará;SOBRAL;Marco
230790;2309;23;CE;Ceará;SOBRAL;Martinópole
230800;2309;23;CE;Ceará;SOBRAL;Massapê
230810;2308;23;CE;Ceará;CARIRI;Mauriti
230820;2309;23;CE;Ceará;SOBRAL;Meruoca
230830;2308;23;CE;Ceará;CARIRI;Milagres
230835;2307;23;CE;Ceará;SERTAO CENTRAL;Milhã
230837;2310;23;CE;Ceará;FORTALEZA;Miraíma
230840;2308;23;CE;Ceará;CARIRI;Missão Velha
230850;2308;23;CE;Ceará;CARIRI;Mombaça
230860;2309;23;CE;Ceará;SOBRAL;Monsenhor Tabosa
230870;2306;23;CE;Ceará;LITORAL LESTE JAGUARIBE;Morada Nova
230880;2309;23;CE;Ceará;SOBRAL;Moraújo
230890;2309;23;CE;Ceará;SOBRAL;Morrinhos
230900;2309;23;CE;Ceará;SOBRAL;Mucambo
230910;2310;23;CE;Ceará;FORTALEZA;Mulungu
230920;2308;23;CE;Ceará;CARIRI;Nova Olinda
230930;2309;23;CE;Ceará;SOBRAL;Nova Russas
230940;2309;23;CE;Ceará;SOBRAL;Novo Oriente
230945;2310;23;CE;Ceará;FORTALEZA;Ocara
230950;2308;23;CE;Ceará;CARIRI;Orós
230960;2310;23;CE;Ceará;FORTALEZA;Pacajus
230970;2310;23;CE;Ceará;FORTALEZA;Pacatuba
230980;2310;23;CE;Ceará;FORTALEZA;Pacoti
230990;2309;23;CE;Ceará;SOBRAL;Pacujá
231000;2306;23;CE;Ceará;LITORAL LESTE JAGUARIBE;Palhano
231010;2310;23;CE;Ceará;FORTALEZA;Palmácia
231020;2310;23;CE;Ceará;FORTALEZA;Paracuru
231025;2310;23;CE;Ceará;FORTALEZA;Paraipaba
231030;2307;23;CE;Ceará;SERTAO CENTRAL;Parambu
231040;2307;23;CE;Ceará;SERTAO CENTRAL;Paramoti
231050;2307;23;CE;Ceará;SERTAO CENTRAL;Pedra Branca
231060;2308;23;CE;Ceará;CARIRI;Penaforte
231070;2310;23;CE;Ceará;FORTALEZA;Pentecoste
231080;2306;23;CE;Ceará;LITORAL LESTE JAGUARIBE;Pereiro
231085;2310;23;CE;Ceará;FORTALEZA;Pindoretama
231090;2308;23;CE;Ceará;CARIRI;Piquet Carneiro
231095;2309;23;CE;Ceará;SOBRAL;Pires Ferreira
231100;2309;23;CE;Ceará;SOBRAL;Poranga
231110;2308;23;CE;Ceará;CARIRI;Porteiras
231120;2308;23;CE;Ceará;CARIRI;Potengi
231123;2306;23;CE;Ceará;LITORAL LESTE JAGUARIBE;Potiretama
231126;2309;23;CE;Ceará;SOBRAL;Quiterianópolis
231130;2307;23;CE;Ceará;SERTAO CENTRAL;Quixadá
231135;2308;23;CE;Ceará;CARIRI;Quixelô
231140;2307;23;CE;Ceará;SERTAO CENTRAL;Quixeramobim
231150;2306;23;CE;Ceará;LITORAL LESTE JAGUARIBE;Quixeré
231160;2310;23;CE;Ceará;FORTALEZA;Redenção
231170;2309;23;CE;Ceará;SOBRAL;Reriutaba
231180;2306;23;CE;Ceará;LITORAL LESTE JAGUARIBE;Russas
231190;2308;23;CE;Ceará;CARIRI;Saboeiro
231195;2308;23;CE;Ceará;CARIRI;Salitre
231200;2309;23;CE;Ceará;SOBRAL;Santana do Acaraú
231210;2308;23;CE;Ceará;CARIRI;Santana do Cariri
231220;2309;23;CE;Ceará;SOBRAL;Santa Quitéria
231230;2309;23;CE;Ceará;SOBRAL;São Benedito
231240;2310;23;CE;Ceará;FORTALEZA;São Gonçalo do Amarante
231250;2306;23;CE;Ceará;LITORAL LESTE JAGUARIBE;São João do Jaguaribe
231260;2310;23;CE;Ceará;FORTALEZA;São Luís do Curu
231270;2307;23;CE;Ceará;SERTAO CENTRAL;Senador Pompeu
231280;2309;23;CE;Ceará;SOBRAL;Senador Sá
231290;2309;23;CE;Ceará;SOBRAL;Sobral
231300;2307;23;CE;Ceará;SERTAO CENTRAL;Solonópole
231310;2306;23;CE;Ceará;LITORAL LESTE JAGUARIBE;Tabuleiro do Norte
231320;2309;23;CE;Ceará;SOBRAL;Tamboril
231325;2308;23;CE;Ceará;CARIRI;Tarrafas
231330;2307;23;CE;Ceará;SERTAO CENTRAL;Tauá
231335;2310;23;CE;Ceará;FORTALEZA;Tejuçuoca
231340;2309;23;CE;Ceará;SOBRAL;Tianguá
231350;2310;23;CE;Ceará;FORTALEZA;Trairi
231355;2310;23;CE;Ceará;FORTALEZA;Tururu
231360;2309;23;CE;Ceará;SOBRAL;Ubajara
231370;2308;23;CE;Ceará;CARIRI;Umari
231375;2310;23;CE;Ceará;FORTALEZA;Umirim
231380;2310;23;CE;Ceará;FORTALEZA;Uruburetama
231390;2309;23;CE;Ceará;SOBRAL;Uruoca
231395;2309;23;CE;Ceará;SOBRAL;Varjota
231400;2308;23;CE;Ceará;CARIRI;Várzea Alegre
231410;2309;23;CE;Ceará;SOBRAL;Viçosa do Ceará
240010;2402;24;RN;Rio Grande do Norte;MACRORREGIAO I;Acari
240020;2401;24;RN;Rio Grande do Norte;MACRORREGIAO II;Açu
240030;2402;24;RN;Rio Grande do Norte;MACRORREGIAO I;Afonso Bezerra
240040;2401;24;RN;Rio Grande do Norte;MACRORREGIAO II;Água Nova
240050;2401;24;RN;Rio Grande do Norte;MACRORREGIAO II;Alexandria
240060;2401;24;RN;Rio Grande do Norte;MACRORREGIAO II;Almino Afonso
240070;2401;24;RN;Rio Grande do Norte;MACRORREGIAO II;Alto do Rodrigues
240080;2401;24;RN;Rio Grande do Norte;MACRORREGIAO II;Angicos
240090;2401;24;RN;Rio Grande do Norte;MACRORREGIAO II;Antônio Martins
240100;2401;24;RN;Rio Grande do Norte;MACRORREGIAO II;Apodi
240110;2401;24;RN;Rio Grande do Norte;MACRORREGIAO II;Areia Branca
240120;2402;24;RN;Rio Grande do Norte;MACRORREGIAO I;Arês
240130;2401;24;RN;Rio Grande do Norte;MACRORREGIAO II;Campo Grande
240140;2402;24;RN;Rio Grande do Norte;MACRORREGIAO I;Baía Formosa
240145;2401;24;RN;Rio Grande do Norte;MACRORREGIAO II;Baraúna
240150;2402;24;RN;Rio Grande do Norte;MACRORREGIAO I;Barcelona
240160;2402;24;RN;Rio Grande do Norte;MACRORREGIAO I;Bento Fernandes
240165;2402;24;RN;Rio Grande do Norte;MACRORREGIAO I;Bodó
240170;2402;24;RN;Rio Grande do Norte;MACRORREGIAO I;Bom Jesus
240180;2402;24;RN;Rio Grande do Norte;MACRORREGIAO I;Brejinho
240185;2402;24;RN;Rio Grande do Norte;MACRORREGIAO I;Caiçara do Norte
240190;2402;24;RN;Rio Grande do Norte;MACRORREGIAO I;Caiçara do Rio do Vento
240200;2402;24;RN;Rio Grande do Norte;MACRORREGIAO I;Caicó
240210;2402;24;RN;Rio Grande do Norte;MACRORREGIAO I;Campo Redondo
240220;2402;24;RN;Rio Grande do Norte;MACRORREGIAO I;Canguaretama
240230;2401;24;RN;Rio Grande do Norte;MACRORREGIAO II;Caraúbas
240240;2402;24;RN;Rio Grande do Norte;MACRORREGIAO I;Carnaúba dos Dantas
240250;2401;24;RN;Rio Grande do Norte;MACRORREGIAO II;Carnaubais
240260;2402;24;RN;Rio Grande do Norte;MACRORREGIAO I;Ceará-Mirim
240270;2402;24;RN;Rio Grande do Norte;MACRORREGIAO I;Cerro Corá
240280;2402;24;RN;Rio Grande do Norte;MACRORREGIAO I;Coronel Ezequiel
240290;2401;24;RN;Rio Grande do Norte;MACRORREGIAO II;Coronel João Pessoa
240300;2402;24;RN;Rio Grande do Norte;MACRORREGIAO I;Cruzeta
240310;2402;24;RN;Rio Grande do Norte;MACRORREGIAO I;Currais Novos
240320;2401;24;RN;Rio Grande do Norte;MACRORREGIAO II;Doutor Severiano
240325;2402;24;RN;Rio Grande do Norte;MACRORREGIAO I;Parnamirim
240330;2401;24;RN;Rio Grande do Norte;MACRORREGIAO II;Encanto
240340;2402;24;RN;Rio Grande do Norte;MACRORREGIAO I;Equador
240350;2402;24;RN;Rio Grande do Norte;MACRORREGIAO I;Espírito Santo
240360;2402;24;RN;Rio Grande do Norte;MACRORREGIAO I;Extremoz
240370;2401;24;RN;Rio Grande do Norte;MACRORREGIAO II;Felipe Guerra
240375;2401;24;RN;Rio Grande do Norte;MACRORREGIAO II;Fernando Pedroza
240380;2402;24;RN;Rio Grande do Norte;MACRORREGIAO I;Florânia
240390;2401;24;RN;Rio Grande do Norte;MACRORREGIAO II;Francisco Dantas
240400;2401;24;RN;Rio Grande do Norte;MACRORREGIAO II;Frutuoso Gomes
240410;2402;24;RN;Rio Grande do Norte;MACRORREGIAO I;Galinhos
240420;2402;24;RN;Rio Grande do Norte;MACRORREGIAO I;Goianinha
240430;2401;24;RN;Rio Grande do Norte;MACRORREGIAO II;Governador Dix-Sept Rosado
240440;2401;24;RN;Rio Grande do Norte;MACRORREGIAO II;Grossos
240450;2402;24;RN;Rio Grande do Norte;MACRORREGIAO I;Guamaré
240460;2402;24;RN;Rio Grande do Norte;MACRORREGIAO I;Ielmo Marinho
240470;2401;24;RN;Rio Grande do Norte;MACRORREGIAO II;Ipanguaçu
240480;2402;24;RN;Rio Grande do Norte;MACRORREGIAO I;Ipueira
240485;2401;24;RN;Rio Grande do Norte;MACRORREGIAO II;Itajá
240490;2401;24;RN;Rio Grande do Norte;MACRORREGIAO II;Itaú
240500;2402;24;RN;Rio Grande do Norte;MACRORREGIAO I;Jaçanã
240510;2402;24;RN;Rio Grande do Norte;MACRORREGIAO I;Jandaíra
240520;2401;24;RN;Rio Grande do Norte;MACRORREGIAO II;Janduís
240530;2402;24;RN;Rio Grande do Norte;MACRORREGIAO I;Januário Cicco
240540;2402;24;RN;Rio Grande do Norte;MACRORREGIAO I;Japi
240550;2402;24;RN;Rio Grande do Norte;MACRORREGIAO I;Jardim de Angicos
240560;2402;24;RN;Rio Grande do Norte;MACRORREGIAO I;Jardim de Piranhas
240570;2402;24;RN;Rio Grande do Norte;MACRORREGIAO I;Jardim do Seridó
240580;2402;24;RN;Rio Grande do Norte;MACRORREGIAO I;João Câmara
240590;2401;24;RN;Rio Grande do Norte;MACRORREGIAO II;João Dias
240600;2401;24;RN;Rio Grande do Norte;MACRORREGIAO II;José da Penha
240610;2402;24;RN;Rio Grande do Norte;MACRORREGIAO I;Jucurutu
240615;2402;24;RN;Rio Grande do Norte;MACRORREGIAO I;Jundiá
240620;2402;24;RN;Rio Grande do Norte;MACRORREGIAO I;Lagoa d'Anta
240630;2402;24;RN;Rio Grande do Norte;MACRORREGIAO I;Lagoa de Pedras
240640;2402;24;RN;Rio Grande do Norte;MACRORREGIAO I;Lagoa de Velhos
240650;2402;24;RN;Rio Grande do Norte;MACRORREGIAO I;Lagoa Nova
240660;2402;24;RN;Rio Grande do Norte;MACRORREGIAO I;Lagoa Salgada
240670;2402;24;RN;Rio Grande do Norte;MACRORREGIAO I;Lajes
240680;2402;24;RN;Rio Grande do Norte;MACRORREGIAO I;Lajes Pintadas
240690;2401;24;RN;Rio Grande do Norte;MACRORREGIAO II;Lucrécia
240700;2401;24;RN;Rio Grande do Norte;MACRORREGIAO II;Luís Gomes
240710;2402;24;RN;Rio Grande do Norte;MACRORREGIAO I;Macaíba
240720;2402;24;RN;Rio Grande do Norte;MACRORREGIAO I;Macau
240725;2401;24;RN;Rio Grande do Norte;MACRORREGIAO II;Major Sales
240730;2401;24;RN;Rio Grande do Norte;MACRORREGIAO II;Marcelino Vieira
240740;2401;24;RN;Rio Grande do Norte;MACRORREGIAO II;Martins
240750;2402;24;RN;Rio Grande do Norte;MACRORREGIAO I;Maxaranguape
240760;2401;24;RN;Rio Grande do Norte;MACRORREGIAO II;Messias Targino
240770;2402;24;RN;Rio Grande do Norte;MACRORREGIAO I;Montanhas
240780;2402;24;RN;Rio Grande do Norte;MACRORREGIAO I;Monte Alegre
240790;2402;24;RN;Rio Grande do Norte;MACRORREGIAO I;Monte das Gameleiras
240800;2401;24;RN;Rio Grande do Norte;MACRORREGIAO II;Mossoró
240810;2402;24;RN;Rio Grande do Norte;MACRORREGIAO I;Natal
240820;2402;24;RN;Rio Grande do Norte;MACRORREGIAO I;Nísia Floresta
240830;2402;24;RN;Rio Grande do Norte;MACRORREGIAO I;Nova Cruz
240840;2401;24;RN;Rio Grande do Norte;MACRORREGIAO II;Olho d'Água do Borges
240850;2402;24;RN;Rio Grande do Norte;MACRORREGIAO I;Ouro Branco
240860;2401;24;RN;Rio Grande do Norte;MACRORREGIAO II;Paraná
240870;2401;24;RN;Rio Grande do Norte;MACRORREGIAO II;Paraú
240880;2402;24;RN;Rio Grande do Norte;MACRORREGIAO I;Parazinho
240890;2402;24;RN;Rio Grande do Norte;MACRORREGIAO I;Parelhas
240895;2402;24;RN;Rio Grande do Norte;MACRORREGIAO I;Rio do Fogo
240910;2402;24;RN;Rio Grande do Norte;MACRORREGIAO I;Passa e Fica
240920;2402;24;RN;Rio Grande do Norte;MACRORREGIAO I;Passagem
240930;2401;24;RN;Rio Grande do Norte;MACRORREGIAO II;Patu
240933;2402;24;RN;Rio Grande do Norte;MACRORREGIAO I;Santa Maria
240940;2401;24;RN;Rio Grande do Norte;MACRORREGIAO II;Pau dos Ferros
240950;2402;24;RN;Rio Grande do Norte;MACRORREGIAO I;Pedra Grande
240960;2402;24;RN;Rio Grande do Norte;MACRORREGIAO I;Pedra Preta
240970;2402;24;RN;Rio Grande do Norte;MACRORREGIAO I;Pedro Avelino
240980;2402;24;RN;Rio Grande do Norte;MACRORREGIAO I;Pedro Velho
240990;2401;24;RN;Rio Grande do Norte;MACRORREGIAO II;Pendências
241000;2401;24;RN;Rio Grande do Norte;MACRORREGIAO II;Pilões
241010;2402;24;RN;Rio Grande do Norte;MACRORREGIAO I;Poço Branco
241020;2401;24;RN;Rio Grande do Norte;MACRORREGIAO II;Portalegre
241025;2401;24;RN;Rio Grande do Norte;MACRORREGIAO II;Porto do Mangue
241030;2402;24;RN;Rio Grande do Norte;MACRORREGIAO I;Serra Caiada
241040;2402;24;RN;Rio Grande do Norte;MACRORREGIAO I;Pureza
241050;2401;24;RN;Rio Grande do Norte;MACRORREGIAO II;Rafael Fernandes
241060;2401;24;RN;Rio Grande do Norte;MACRORREGIAO II;Rafael Godeiro
241070;2401;24;RN;Rio Grande do Norte;MACRORREGIAO II;Riacho da Cruz
241080;2401;24;RN;Rio Grande do Norte;MACRORREGIAO II;Riacho de Santana
241090;2402;24;RN;Rio Grande do Norte;MACRORREGIAO I;Riachuelo
241100;2401;24;RN;Rio Grande do Norte;MACRORREGIAO II;Rodolfo Fernandes
241105;2401;24;RN;Rio Grande do Norte;MACRORREGIAO II;Tibau
241110;2402;24;RN;Rio Grande do Norte;MACRORREGIAO I;Ruy Barbosa
241120;2402;24;RN;Rio Grande do Norte;MACRORREGIAO I;Santa Cruz
241140;2402;24;RN;Rio Grande do Norte;MACRORREGIAO I;Santana do Matos
241142;2402;24;RN;Rio Grande do Norte;MACRORREGIAO I;Santana do Seridó
241150;2402;24;RN;Rio Grande do Norte;MACRORREGIAO I;Santo Antônio
241160;2402;24;RN;Rio Grande do Norte;MACRORREGIAO I;São Bento do Norte
241170;2402;24;RN;Rio Grande do Norte;MACRORREGIAO I;São Bento do Trairí
241180;2402;24;RN;Rio Grande do Norte;MACRORREGIAO I;São Fernando
241190;2401;24;RN;Rio Grande do Norte;MACRORREGIAO II;São Francisco do Oeste
241200;2402;24;RN;Rio Grande do Norte;MACRORREGIAO I;São Gonçalo do Amarante
241210;2402;24;RN;Rio Grande do Norte;MACRORREGIAO I;São João do Sabugi
241220;2402;24;RN;Rio Grande do Norte;MACRORREGIAO I;São José de Mipibu
241230;2402;24;RN;Rio Grande do Norte;MACRORREGIAO I;São José do Campestre
241240;2402;24;RN;Rio Grande do Norte;MACRORREGIAO I;São José do Seridó
241250;2401;24;RN;Rio Grande do Norte;MACRORREGIAO II;São Miguel
241255;2402;24;RN;Rio Grande do Norte;MACRORREGIAO I;São Miguel do Gostoso
241260;2402;24;RN;Rio Grande do Norte;MACRORREGIAO I;São Paulo do Potengi
241270;2402;24;RN;Rio Grande do Norte;MACRORREGIAO I;São Pedro
241280;2401;24;RN;Rio Grande do Norte;MACRORREGIAO II;São Rafael
241290;2402;24;RN;Rio Grande do Norte;MACRORREGIAO I;São Tomé
241300;2402;24;RN;Rio Grande do Norte;MACRORREGIAO I;São Vicente
241310;2402;24;RN;Rio Grande do Norte;MACRORREGIAO I;Senador Elói de Souza
241320;2402;24;RN;Rio Grande do Norte;MACRORREGIAO I;Senador Georgino Avelino
241330;2402;24;RN;Rio Grande do Norte;MACRORREGIAO I;Serra de São Bento
241335;2401;24;RN;Rio Grande do Norte;MACRORREGIAO II;Serra do Mel
241340;2402;24;RN;Rio Grande do Norte;MACRORREGIAO I;Serra Negra do Norte
241350;2402;24;RN;Rio Grande do Norte;MACRORREGIAO I;Serrinha
241355;2401;24;RN;Rio Grande do Norte;MACRORREGIAO II;Serrinha dos Pintos
241360;2401;24;RN;Rio Grande do Norte;MACRORREGIAO II;Severiano Melo
241370;2402;24;RN;Rio Grande do Norte;MACRORREGIAO I;Sítio Novo
241380;2401;24;RN;Rio Grande do Norte;MACRORREGIAO II;Taboleiro Grande
241390;2402;24;RN;Rio Grande do Norte;MACRORREGIAO I;Taipu
241400;2402;24;RN;Rio Grande do Norte;MACRORREGIAO I;Tangará
241410;2401;24;RN;Rio Grande do Norte;MACRORREGIAO II;Tenente Ananias
241415;2402;24;RN;Rio Grande do Norte;MACRORREGIAO I;Tenente Laurentino Cruz
241420;2402;24;RN;Rio Grande do Norte;MACRORREGIAO I;Tibau do Sul
241430;2402;24;RN;Rio Grande do Norte;MACRORREGIAO I;Timbaúba dos Batistas
241440;2402;24;RN;Rio Grande do Norte;MACRORREGIAO I;Touros
241445;2401;24;RN;Rio Grande do Norte;MACRORREGIAO II;Triunfo Potiguar
241450;2401;24;RN;Rio Grande do Norte;MACRORREGIAO II;Umarizal
241460;2401;24;RN;Rio Grande do Norte;MACRORREGIAO II;Upanema
241470;2402;24;RN;Rio Grande do Norte;MACRORREGIAO I;Várzea
241475;2401;24;RN;Rio Grande do Norte;MACRORREGIAO II;Venha-Ver
241480;2402;24;RN;Rio Grande do Norte;MACRORREGIAO I;Vera Cruz
241490;2401;24;RN;Rio Grande do Norte;MACRORREGIAO II;Viçosa
241500;2402;24;RN;Rio Grande do Norte;MACRORREGIAO I;Vila Flor
250010;2501;25;PB;Paraíba;MACRORREGIAO III - SERTAO ALTO SERTAO;Água Branca
250020;2501;25;PB;Paraíba;MACRORREGIAO III - SERTAO ALTO SERTAO;Aguiar
250030;2502;25;PB;Paraíba;MACRORREGIAO II - CAMPINA GRANDE;Alagoa Grande
250040;2502;25;PB;Paraíba;MACRORREGIAO II - CAMPINA GRANDE;Alagoa Nova
250050;2503;25;PB;Paraíba;MACRORREGIAO I - JOAO PESSOA;Alagoinha
250053;2502;25;PB;Paraíba;MACRORREGIAO II - CAMPINA GRANDE;Alcantil
250057;2502;25;PB;Paraíba;MACRORREGIAO II - CAMPINA GRANDE;Algodão de Jandaíra
250060;2503;25;PB;Paraíba;MACRORREGIAO I - JOAO PESSOA;Alhandra
250070;2501;25;PB;Paraíba;MACRORREGIAO III - SERTAO ALTO SERTAO;São João do Rio do Peixe
250073;2502;25;PB;Paraíba;MACRORREGIAO II - CAMPINA GRANDE;Amparo
250077;2501;25;PB;Paraíba;MACRORREGIAO III - SERTAO ALTO SERTAO;Aparecida
250080;2503;25;PB;Paraíba;MACRORREGIAO I - JOAO PESSOA;Araçagi
250090;2502;25;PB;Paraíba;MACRORREGIAO II - CAMPINA GRANDE;Arara
250100;2503;25;PB;Paraíba;MACRORREGIAO I - JOAO PESSOA;Araruna
250110;2502;25;PB;Paraíba;MACRORREGIAO II - CAMPINA GRANDE;Areia
250115;2501;25;PB;Paraíba;MACRORREGIAO III - SERTAO ALTO SERTAO;Areia de Baraúnas
250120;2502;25;PB;Paraíba;MACRORREGIAO II - CAMPINA GRANDE;Areial
250130;2502;25;PB;Paraíba;MACRORREGIAO II - CAMPINA GRANDE;Aroeiras
250135;2502;25;PB;Paraíba;MACRORREGIAO II - CAMPINA GRANDE;Assunção
250140;2503;25;PB;Paraíba;MACRORREGIAO I - JOAO PESSOA;Baía da Traição
250150;2503;25;PB;Paraíba;MACRORREGIAO I - JOAO PESSOA;Bananeiras
250153;2502;25;PB;Paraíba;MACRORREGIAO II - CAMPINA GRANDE;Baraúna
250157;2502;25;PB;Paraíba;MACRORREGIAO II - CAMPINA GRANDE;Barra de Santana
250160;2502;25;PB;Paraíba;MACRORREGIAO II - CAMPINA GRANDE;Barra de Santa Rosa
250170;2502;25;PB;Paraíba;MACRORREGIAO II - CAMPINA GRANDE;Barra de São Miguel
250180;2503;25;PB;Paraíba;MACRORREGIAO I - JOAO PESSOA;Bayeux
250190;2503;25;PB;Paraíba;MACRORREGIAO I - JOAO PESSOA;Belém
250200;2501;25;PB;Paraíba;MACRORREGIAO III - SERTAO ALTO SERTAO;Belém do Brejo do Cruz
250205;2501;25;PB;Paraíba;MACRORREGIAO III - SERTAO ALTO SERTAO;Bernardino Batista
250210;2501;25;PB;Paraíba;MACRORREGIAO III - SERTAO ALTO SERTAO;Boa Ventura
250215;2502;25;PB;Paraíba;MACRORREGIAO II - CAMPINA GRANDE;Boa Vista
250220;2501;25;PB;Paraíba;MACRORREGIAO III - SERTAO ALTO SERTAO;Bom Jesus
250230;2501;25;PB;Paraíba;MACRORREGIAO III - SERTAO ALTO SERTAO;Bom Sucesso
250240;2501;25;PB;Paraíba;MACRORREGIAO III - SERTAO ALTO SERTAO;Bonito de Santa Fé
250250;2502;25;PB;Paraíba;MACRORREGIAO II - CAMPINA GRANDE;Boqueirão
250260;2501;25;PB;Paraíba;MACRORREGIAO III - SERTAO ALTO SERTAO;Igaracy
250270;2503;25;PB;Paraíba;MACRORREGIAO I - JOAO PESSOA;Borborema
250280;2501;25;PB;Paraíba;MACRORREGIAO III - SERTAO ALTO SERTAO;Brejo do Cruz
250290;2501;25;PB;Paraíba;MACRORREGIAO III - SERTAO ALTO SERTAO;Brejo dos Santos
250300;2503;25;PB;Paraíba;MACRORREGIAO I - JOAO PESSOA;Caaporã
250310;2502;25;PB;Paraíba;MACRORREGIAO II - CAMPINA GRANDE;Cabaceiras
250320;2503;25;PB;Paraíba;MACRORREGIAO I - JOAO PESSOA;Cabedelo
250330;2501;25;PB;Paraíba;MACRORREGIAO III - SERTAO ALTO SERTAO;Cachoeira dos Índios
250340;2501;25;PB;Paraíba;MACRORREGIAO III - SERTAO ALTO SERTAO;Cacimba de Areia
250350;2503;25;PB;Paraíba;MACRORREGIAO I - JOAO PESSOA;Cacimba de Dentro
250355;2501;25;PB;Paraíba;MACRORREGIAO III - SERTAO ALTO SERTAO;Cacimbas
250360;2503;25;PB;Paraíba;MACRORREGIAO I - JOAO PESSOA;Caiçara
250370;2501;25;PB;Paraíba;MACRORREGIAO III - SERTAO ALTO SERTAO;Cajazeiras
250375;2501;25;PB;Paraíba;MACRORREGIAO III - SERTAO ALTO SERTAO;Cajazeirinhas
250380;2503;25;PB;Paraíba;MACRORREGIAO I - JOAO PESSOA;Caldas Brandão
250390;2502;25;PB;Paraíba;MACRORREGIAO II - CAMPINA GRANDE;Camalaú
250400;2502;25;PB;Paraíba;MACRORREGIAO II - CAMPINA GRANDE;Campina Grande
250403;2503;25;PB;Paraíba;MACRORREGIAO I - JOAO PESSOA;Capim
250407;2502;25;PB;Paraíba;MACRORREGIAO II - CAMPINA GRANDE;Caraúbas
250410;2501;25;PB;Paraíba;MACRORREGIAO III - SERTAO ALTO SERTAO;Carrapateira
250415;2503;25;PB;Paraíba;MACRORREGIAO I - JOAO PESSOA;Casserengue
250420;2501;25;PB;Paraíba;MACRORREGIAO III - SERTAO ALTO SERTAO;Catingueira
250430;2501;25;PB;Paraíba;MACRORREGIAO III - SERTAO ALTO SERTAO;Catolé do Rocha
250435;2502;25;PB;Paraíba;MACRORREGIAO II - CAMPINA GRANDE;Caturité
250440;2501;25;PB;Paraíba;MACRORREGIAO III - SERTAO ALTO SERTAO;Conceição
250450;2501;25;PB;Paraíba;MACRORREGIAO III - SERTAO ALTO SERTAO;Condado
250460;2503;25;PB;Paraíba;MACRORREGIAO I - JOAO PESSOA;Conde
250470;2502;25;PB;Paraíba;MACRORREGIAO II - CAMPINA GRANDE;Congo
250480;2501;25;PB;Paraíba;MACRORREGIAO III - SERTAO ALTO SERTAO;Coremas
250485;2502;25;PB;Paraíba;MACRORREGIAO II - CAMPINA GRANDE;Coxixola
250490;2503;25;PB;Paraíba;MACRORREGIAO I - JOAO PESSOA;Cruz do Espírito Santo
250500;2502;25;PB;Paraíba;MACRORREGIAO II - CAMPINA GRANDE;Cubati
250510;2502;25;PB;Paraíba;MACRORREGIAO II - CAMPINA GRANDE;Cuité
250520;2503;25;PB;Paraíba;MACRORREGIAO I - JOAO PESSOA;Cuitegi
250523;2503;25;PB;Paraíba;MACRORREGIAO I - JOAO PESSOA;Cuité de Mamanguape
250527;2503;25;PB;Paraíba;MACRORREGIAO I - JOAO PESSOA;Curral de Cima
250530;2501;25;PB;Paraíba;MACRORREGIAO III - SERTAO ALTO SERTAO;Curral Velho
250535;2502;25;PB;Paraíba;MACRORREGIAO II - CAMPINA GRANDE;Damião
250540;2501;25;PB;Paraíba;MACRORREGIAO III - SERTAO ALTO SERTAO;Desterro
250550;2501;25;PB;Paraíba;MACRORREGIAO III - SERTAO ALTO SERTAO;Vista Serrana
250560;2501;25;PB;Paraíba;MACRORREGIAO III - SERTAO ALTO SERTAO;Diamante
250570;2503;25;PB;Paraíba;MACRORREGIAO I - JOAO PESSOA;Dona Inês
250580;2503;25;PB;Paraíba;MACRORREGIAO I - JOAO PESSOA;Duas Estradas
250590;2501;25;PB;Paraíba;MACRORREGIAO III - SERTAO ALTO SERTAO;Emas
250600;2502;25;PB;Paraíba;MACRORREGIAO II - CAMPINA GRANDE;Esperança
250610;2502;25;PB;Paraíba;MACRORREGIAO II - CAMPINA GRANDE;Fagundes
250620;2502;25;PB;Paraíba;MACRORREGIAO II - CAMPINA GRANDE;Frei Martinho
250625;2502;25;PB;Paraíba;MACRORREGIAO II - CAMPINA GRANDE;Gado Bravo
250630;2503;25;PB;Paraíba;MACRORREGIAO I - JOAO PESSOA;Guarabira
250640;2503;25;PB;Paraíba;MACRORREGIAO I - JOAO PESSOA;Gurinhém
250650;2502;25;PB;Paraíba;MACRORREGIAO II - CAMPINA GRANDE;Gurjão
250660;2501;25;PB;Paraíba;MACRORREGIAO III - SERTAO ALTO SERTAO;Ibiara
250670;2501;25;PB;Paraíba;MACRORREGIAO III - SERTAO ALTO SERTAO;Imaculada
250680;2503;25;PB;Paraíba;MACRORREGIAO I - JOAO PESSOA;Ingá
250690;2503;25;PB;Paraíba;MACRORREGIAO I - JOAO PESSOA;Itabaiana
250700;2501;25;PB;Paraíba;MACRORREGIAO III - SERTAO ALTO SERTAO;Itaporanga
250710;2503;25;PB;Paraíba;MACRORREGIAO I - JOAO PESSOA;Itapororoca
250720;2503;25;PB;Paraíba;MACRORREGIAO I - JOAO PESSOA;Itatuba
250730;2503;25;PB;Paraíba;MACRORREGIAO I - JOAO PESSOA;Jacaraú
250740;2501;25;PB;Paraíba;MACRORREGIAO III - SERTAO ALTO SERTAO;Jericó
250750;2503;25;PB;Paraíba;MACRORREGIAO I - JOAO PESSOA;João Pessoa
250760;2503;25;PB;Paraíba;MACRORREGIAO I - JOAO PESSOA;Juarez Távora
250770;2502;25;PB;Paraíba;MACRORREGIAO II - CAMPINA GRANDE;Juazeirinho
250780;2501;25;PB;Paraíba;MACRORREGIAO III - SERTAO ALTO SERTAO;Junco do Seridó
250790;2503;25;PB;Paraíba;MACRORREGIAO I - JOAO PESSOA;Juripiranga
250800;2501;25;PB;Paraíba;MACRORREGIAO III - SERTAO ALTO SERTAO;Juru
250810;2501;25;PB;Paraíba;MACRORREGIAO III - SERTAO ALTO SERTAO;Lagoa
250820;2503;25;PB;Paraíba;MACRORREGIAO I - JOAO PESSOA;Lagoa de Dentro
250830;2502;25;PB;Paraíba;MACRORREGIAO II - CAMPINA GRANDE;Lagoa Seca
250840;2501;25;PB;Paraíba;MACRORREGIAO III - SERTAO ALTO SERTAO;Lastro
250850;2502;25;PB;Paraíba;MACRORREGIAO II - CAMPINA GRANDE;Livramento
250855;2503;25;PB;Paraíba;MACRORREGIAO I - JOAO PESSOA;Logradouro
250860;2503;25;PB;Paraíba;MACRORREGIAO I - JOAO PESSOA;Lucena
250870;2501;25;PB;Paraíba;MACRORREGIAO III - SERTAO ALTO SERTAO;Mãe d'Água
250880;2501;25;PB;Paraíba;MACRORREGIAO III - SERTAO ALTO SERTAO;Malta
250890;2503;25;PB;Paraíba;MACRORREGIAO I - JOAO PESSOA;Mamanguape
250900;2501;25;PB;Paraíba;MACRORREGIAO III - SERTAO ALTO SERTAO;Manaíra
250905;2503;25;PB;Paraíba;MACRORREGIAO I - JOAO PESSOA;Marcação
250910;2503;25;PB;Paraíba;MACRORREGIAO I - JOAO PESSOA;Mari
250915;2501;25;PB;Paraíba;MACRORREGIAO III - SERTAO ALTO SERTAO;Marizópolis
250920;2502;25;PB;Paraíba;MACRORREGIAO II - CAMPINA GRANDE;Massaranduba
250930;2503;25;PB;Paraíba;MACRORREGIAO I - JOAO PESSOA;Mataraca
250933;2502;25;PB;Paraíba;MACRORREGIAO II - CAMPINA GRANDE;Matinhas
250937;2501;25;PB;Paraíba;MACRORREGIAO III - SERTAO ALTO SERTAO;Mato Grosso
250939;2501;25;PB;Paraíba;MACRORREGIAO III - SERTAO ALTO SERTAO;Maturéia
250940;2503;25;PB;Paraíba;MACRORREGIAO I - JOAO PESSOA;Mogeiro
250950;2502;25;PB;Paraíba;MACRORREGIAO II - CAMPINA GRANDE;Montadas
250960;2501;25;PB;Paraíba;MACRORREGIAO III - SERTAO ALTO SERTAO;Monte Horebe
250970;2502;25;PB;Paraíba;MACRORREGIAO II - CAMPINA GRANDE;Monteiro
250980;2503;25;PB;Paraíba;MACRORREGIAO I - JOAO PESSOA;Mulungu
250990;2502;25;PB;Paraíba;MACRORREGIAO II - CAMPINA GRANDE;Natuba
251000;2501;25;PB;Paraíba;MACRORREGIAO III - SERTAO ALTO SERTAO;Nazarezinho
251010;2502;25;PB;Paraíba;MACRORREGIAO II - CAMPINA GRANDE;Nova Floresta
251020;2501;25;PB;Paraíba;MACRORREGIAO III - SERTAO ALTO SERTAO;Nova Olinda
251030;2502;25;PB;Paraíba;MACRORREGIAO II - CAMPINA GRANDE;Nova Palmeira
251040;2501;25;PB;Paraíba;MACRORREGIAO III - SERTAO ALTO SERTAO;Olho d'Água
251050;2502;25;PB;Paraíba;MACRORREGIAO II - CAMPINA GRANDE;Olivedos
251060;2502;25;PB;Paraíba;MACRORREGIAO II - CAMPINA GRANDE;Ouro Velho
251065;2502;25;PB;Paraíba;MACRORREGIAO II - CAMPINA GRANDE;Parari
251070;2501;25;PB;Paraíba;MACRORREGIAO III - SERTAO ALTO SERTAO;Passagem
251080;2501;25;PB;Paraíba;MACRORREGIAO III - SERTAO ALTO SERTAO;Patos
251090;2501;25;PB;Paraíba;MACRORREGIAO III - SERTAO ALTO SERTAO;Paulista
251100;2501;25;PB;Paraíba;MACRORREGIAO III - SERTAO ALTO SERTAO;Pedra Branca
251110;2502;25;PB;Paraíba;MACRORREGIAO II - CAMPINA GRANDE;Pedra Lavrada
251120;2503;25;PB;Paraíba;MACRORREGIAO I - JOAO PESSOA;Pedras de Fogo
251130;2501;25;PB;Paraíba;MACRORREGIAO III - SERTAO ALTO SERTAO;Piancó
251140;2502;25;PB;Paraíba;MACRORREGIAO II - CAMPINA GRANDE;Picuí
251150;2503;25;PB;Paraíba;MACRORREGIAO I - JOAO PESSOA;Pilar
251160;2503;25;PB;Paraíba;MACRORREGIAO I - JOAO PESSOA;Pilões
251170;2503;25;PB;Paraíba;MACRORREGIAO I - JOAO PESSOA;Pilõezinhos
251180;2503;25;PB;Paraíba;MACRORREGIAO I - JOAO PESSOA;Pirpirituba
251190;2503;25;PB;Paraíba;MACRORREGIAO I - JOAO PESSOA;Pitimbu
251200;2502;25;PB;Paraíba;MACRORREGIAO II - CAMPINA GRANDE;Pocinhos
251203;2501;25;PB;Paraíba;MACRORREGIAO III - SERTAO ALTO SERTAO;Poço Dantas
251207;2501;25;PB;Paraíba;MACRORREGIAO III - SERTAO ALTO SERTAO;Poço de José de Moura
251210;2501;25;PB;Paraíba;MACRORREGIAO III - SERTAO ALTO SERTAO;Pombal
251220;2502;25;PB;Paraíba;MACRORREGIAO II - CAMPINA GRANDE;Prata
251230;2501;25;PB;Paraíba;MACRORREGIAO III - SERTAO ALTO SERTAO;Princesa Isabel
251240;2502;25;PB;Paraíba;MACRORREGIAO II - CAMPINA GRANDE;Puxinanã
251250;2502;25;PB;Paraíba;MACRORREGIAO II - CAMPINA GRANDE;Queimadas
251260;2501;25;PB;Paraíba;MACRORREGIAO III - SERTAO ALTO SERTAO;Quixaba
251270;2502;25;PB;Paraíba;MACRORREGIAO II - CAMPINA GRANDE;Remígio
251272;2503;25;PB;Paraíba;MACRORREGIAO I - JOAO PESSOA;Pedro Régis
251274;2503;25;PB;Paraíba;MACRORREGIAO I - JOAO PESSOA;Riachão
251275;2503;25;PB;Paraíba;MACRORREGIAO I - JOAO PESSOA;Riachão do Bacamarte
251276;2503;25;PB;Paraíba;MACRORREGIAO I - JOAO PESSOA;Riachão do Poço
251278;2502;25;PB;Paraíba;MACRORREGIAO II - CAMPINA GRANDE;Riacho de Santo Antônio
251280;2501;25;PB;Paraíba;MACRORREGIAO III - SERTAO ALTO SERTAO;Riacho dos Cavalos
251290;2503;25;PB;Paraíba;MACRORREGIAO I - JOAO PESSOA;Rio Tinto
251300;2501;25;PB;Paraíba;MACRORREGIAO III - SERTAO ALTO SERTAO;Salgadinho
251310;2503;25;PB;Paraíba;MACRORREGIAO I - JOAO PESSOA;Salgado de São Félix
251315;2502;25;PB;Paraíba;MACRORREGIAO II - CAMPINA GRANDE;Santa Cecília
251320;2501;25;PB;Paraíba;MACRORREGIAO III - SERTAO ALTO SERTAO;Santa Cruz
251330;2501;25;PB;Paraíba;MACRORREGIAO III - SERTAO ALTO SERTAO;Santa Helena
251335;2501;25;PB;Paraíba;MACRORREGIAO III - SERTAO ALTO SERTAO;Santa Inês
251340;2501;25;PB;Paraíba;MACRORREGIAO III - SERTAO ALTO SERTAO;Santa Luzia
251350;2501;25;PB;Paraíba;MACRORREGIAO III - SERTAO ALTO SERTAO;Santana de Mangueira
251360;2501;25;PB;Paraíba;MACRORREGIAO III - SERTAO ALTO SERTAO;Santana dos Garrotes
251365;2501;25;PB;Paraíba;MACRORREGIAO III - SERTAO ALTO SERTAO;Joca Claudino
251370;2503;25;PB;Paraíba;MACRORREGIAO I - JOAO PESSOA;Santa Rita
251380;2501;25;PB;Paraíba;MACRORREGIAO III - SERTAO ALTO SERTAO;Santa Teresinha
251385;2502;25;PB;Paraíba;MACRORREGIAO II - CAMPINA GRANDE;Santo André
251390;2501;25;PB;Paraíba;MACRORREGIAO III - SERTAO ALTO SERTAO;São Bento
251392;2501;25;PB;Paraíba;MACRORREGIAO III - SERTAO ALTO SERTAO;São Bentinho
251394;2502;25;PB;Paraíba;MACRORREGIAO II - CAMPINA GRANDE;São Domingos do Cariri
251396;2501;25;PB;Paraíba;MACRORREGIAO III - SERTAO ALTO SERTAO;São Domingos
251398;2501;25;PB;Paraíba;MACRORREGIAO III - SERTAO ALTO SERTAO;São Francisco
251400;2502;25;PB;Paraíba;MACRORREGIAO II - CAMPINA GRANDE;São João do Cariri
251410;2502;25;PB;Paraíba;MACRORREGIAO II - CAMPINA GRANDE;São João do Tigre
251420;2501;25;PB;Paraíba;MACRORREGIAO III - SERTAO ALTO SERTAO;São José da Lagoa Tapada
251430;2501;25;PB;Paraíba;MACRORREGIAO III - SERTAO ALTO SERTAO;São José de Caiana
251440;2501;25;PB;Paraíba;MACRORREGIAO III - SERTAO ALTO SERTAO;São José de Espinharas
251445;2503;25;PB;Paraíba;MACRORREGIAO I - JOAO PESSOA;São José dos Ramos
251450;2501;25;PB;Paraíba;MACRORREGIAO III - SERTAO ALTO SERTAO;São José de Piranhas
251455;2501;25;PB;Paraíba;MACRORREGIAO III - SERTAO ALTO SERTAO;São José de Princesa
251460;2501;25;PB;Paraíba;MACRORREGIAO III - SERTAO ALTO SERTAO;São José do Bonfim
251465;2501;25;PB;Paraíba;MACRORREGIAO III - SERTAO ALTO SERTAO;São José do Brejo do Cruz
251470;2501;25;PB;Paraíba;MACRORREGIAO III - SERTAO ALTO SERTAO;São José do Sabugi
251480;2502;25;PB;Paraíba;MACRORREGIAO II - CAMPINA GRANDE;São José dos Cordeiros
251490;2501;25;PB;Paraíba;MACRORREGIAO III - SERTAO ALTO SERTAO;São Mamede
251500;2503;25;PB;Paraíba;MACRORREGIAO I - JOAO PESSOA;São Miguel de Taipu
251510;2502;25;PB;Paraíba;MACRORREGIAO II - CAMPINA GRANDE;São Sebastião de Lagoa de Roç
251520;2502;25;PB;Paraíba;MACRORREGIAO II - CAMPINA GRANDE;São Sebastião do Umbuzeiro
251530;2503;25;PB;Paraíba;MACRORREGIAO I - JOAO PESSOA;Sapé
251540;2502;25;PB;Paraíba;MACRORREGIAO II - CAMPINA GRANDE;São Vicente do Seridó
251550;2502;25;PB;Paraíba;MACRORREGIAO II - CAMPINA GRANDE;Serra Branca
251560;2503;25;PB;Paraíba;MACRORREGIAO I - JOAO PESSOA;Serra da Raiz
251570;2501;25;PB;Paraíba;MACRORREGIAO III - SERTAO ALTO SERTAO;Serra Grande
251580;2502;25;PB;Paraíba;MACRORREGIAO II - CAMPINA GRANDE;Serra Redonda
251590;2503;25;PB;Paraíba;MACRORREGIAO I - JOAO PESSOA;Serraria
251593;2503;25;PB;Paraíba;MACRORREGIAO I - JOAO PESSOA;Sertãozinho
251597;2503;25;PB;Paraíba;MACRORREGIAO I - JOAO PESSOA;Sobrado
251600;2503;25;PB;Paraíba;MACRORREGIAO I - JOAO PESSOA;Solânea
251610;2502;25;PB;Paraíba;MACRORREGIAO II - CAMPINA GRANDE;Soledade
251615;2502;25;PB;Paraíba;MACRORREGIAO II - CAMPINA GRANDE;Sossêgo
251620;2501;25;PB;Paraíba;MACRORREGIAO III - SERTAO ALTO SERTAO;Sousa
251630;2502;25;PB;Paraíba;MACRORREGIAO II - CAMPINA GRANDE;Sumé
251640;2503;25;PB;Paraíba;MACRORREGIAO I - JOAO PESSOA;Tacima
251650;2502;25;PB;Paraíba;MACRORREGIAO II - CAMPINA GRANDE;Taperoá
251660;2501;25;PB;Paraíba;MACRORREGIAO III - SERTAO ALTO SERTAO;Tavares
251670;2501;25;PB;Paraíba;MACRORREGIAO III - SERTAO ALTO SERTAO;Teixeira
251675;2502;25;PB;Paraíba;MACRORREGIAO II - CAMPINA GRANDE;Tenório
251680;2501;25;PB;Paraíba;MACRORREGIAO III - SERTAO ALTO SERTAO;Triunfo
251690;2501;25;PB;Paraíba;MACRORREGIAO III - SERTAO ALTO SERTAO;Uiraúna
251700;2502;25;PB;Paraíba;MACRORREGIAO II - CAMPINA GRANDE;Umbuzeiro
251710;2501;25;PB;Paraíba;MACRORREGIAO III - SERTAO ALTO SERTAO;Várzea
251720;2501;25;PB;Paraíba;MACRORREGIAO III - SERTAO ALTO SERTAO;Vieirópolis
251740;2502;25;PB;Paraíba;MACRORREGIAO II - CAMPINA GRANDE;Zabelê
260005;2607;26;PE;Pernambuco;METROPOLITANA;Abreu e Lima
260010;2606;26;PE;Pernambuco;SERTAO;Afogados da Ingazeira
260020;2605;26;PE;Pernambuco;VALE DO S.FRANCISCO E ARARIPE;Afrânio
260030;2608;26;PE;Pernambuco;AGRESTE;Agrestina
260040;2607;26;PE;Pernambuco;METROPOLITANA;Água Preta
260050;2608;26;PE;Pernambuco;AGRESTE;Águas Belas
260060;2608;26;PE;Pernambuco;AGRESTE;Alagoinha
260070;2607;26;PE;Pernambuco;METROPOLITANA;Aliança
260080;2608;26;PE;Pernambuco;AGRESTE;Altinho
260090;2607;26;PE;Pernambuco;METROPOLITANA;Amaraji
260100;2608;26;PE;Pernambuco;AGRESTE;Angelim
260105;2607;26;PE;Pernambuco;METROPOLITANA;Araçoiaba
260110;2605;26;PE;Pernambuco;VALE DO S.FRANCISCO E ARARIPE;Araripina
260120;2606;26;PE;Pernambuco;SERTAO;Arcoverde
260130;2608;26;PE;Pernambuco;AGRESTE;Barra de Guabiraba
260140;2607;26;PE;Pernambuco;METROPOLITANA;Barreiros
260150;2607;26;PE;Pernambuco;METROPOLITANA;Belém de Maria
260160;2605;26;PE;Pernambuco;VALE DO S.FRANCISCO E ARARIPE;Belém do São Francisco
260170;2608;26;PE;Pernambuco;AGRESTE;Belo Jardim
260180;2606;26;PE;Pernambuco;SERTAO;Betânia
260190;2608;26;PE;Pernambuco;AGRESTE;Bezerros
260200;2605;26;PE;Pernambuco;VALE DO S.FRANCISCO E ARARIPE;Bodocó
260210;2608;26;PE;Pernambuco;AGRESTE;Bom Conselho
260220;2607;26;PE;Pernambuco;METROPOLITANA;Bom Jardim
260230;2608;26;PE;Pernambuco;AGRESTE;Bonito
260240;2608;26;PE;Pernambuco;AGRESTE;Brejão
260250;2606;26;PE;Pernambuco;SERTAO;Brejinho
260260;2608;26;PE;Pernambuco;AGRESTE;Brejo da Madre de Deus
260270;2607;26;PE;Pernambuco;METROPOLITANA;Buenos Aires
260280;2606;26;PE;Pernambuco;SERTAO;Buíque
260290;2607;26;PE;Pernambuco;METROPOLITANA;Cabo de Santo Agostinho
260300;2605;26;PE;Pernambuco;VALE DO S.FRANCISCO E ARARIPE;Cabrobó
260310;2608;26;PE;Pernambuco;AGRESTE;Cachoeirinha
260320;2608;26;PE;Pernambuco;AGRESTE;Caetés
260330;2608;26;PE;Pernambuco;AGRESTE;Calçado
260340;2606;26;PE;Pernambuco;SERTAO;Calumbi
260345;2607;26;PE;Pernambuco;METROPOLITANA;Camaragibe
260350;2608;26;PE;Pernambuco;AGRESTE;Camocim de São Félix
260360;2607;26;PE;Pernambuco;METROPOLITANA;Camutanga
260370;2608;26;PE;Pernambuco;AGRESTE;Canhotinho
260380;2608;26;PE;Pernambuco;AGRESTE;Capoeiras
260390;2606;26;PE;Pernambuco;SERTAO;Carnaíba
260392;2606;26;PE;Pernambuco;SERTAO;Carnaubeira da Penha
260400;2607;26;PE;Pernambuco;METROPOLITANA;Carpina
260410;2608;26;PE;Pernambuco;AGRESTE;Caruaru
260415;2607;26;PE;Pernambuco;METROPOLITANA;Casinhas
260420;2607;26;PE;Pernambuco;METROPOLITANA;Catende
260430;2605;26;PE;Pernambuco;VALE DO S.FRANCISCO E ARARIPE;Cedro
260440;2607;26;PE;Pernambuco;METROPOLITANA;Chã de Alegria
260450;2607;26;PE;Pernambuco;METROPOLITANA;Chã Grande
260460;2607;26;PE;Pernambuco;METROPOLITANA;Condado
260470;2608;26;PE;Pernambuco;AGRESTE;Correntes
260480;2607;26;PE;Pernambuco;METROPOLITANA;Cortês
260490;2607;26;PE;Pernambuco;METROPOLITANA;Cumaru
260500;2608;26;PE;Pernambuco;AGRESTE;Cupira
260510;2606;26;PE;Pernambuco;SERTAO;Custódia
260515;2605;26;PE;Pernambuco;VALE DO S.FRANCISCO E ARARIPE;Dormentes
260520;2607;26;PE;Pernambuco;METROPOLITANA;Escada
260530;2605;26;PE;Pernambuco;VALE DO S.FRANCISCO E ARARIPE;Exu
260540;2607;26;PE;Pernambuco;METROPOLITANA;Feira Nova
260545;2607;26;PE;Pernambuco;METROPOLITANA;Fernando de Noronha
260550;2607;26;PE;Pernambuco;METROPOLITANA;Ferreiros
260560;2606;26;PE;Pernambuco;SERTAO;Flores
260570;2606;26;PE;Pernambuco;SERTAO;Floresta
260580;2608;26;PE;Pernambuco;AGRESTE;Frei Miguelinho
260590;2607;26;PE;Pernambuco;METROPOLITANA;Gameleira
260600;2608;26;PE;Pernambuco;AGRESTE;Garanhuns
260610;2607;26;PE;Pernambuco;METROPOLITANA;Glória do Goitá
260620;2607;26;PE;Pernambuco;METROPOLITANA;Goiana
260630;2605;26;PE;Pernambuco;VALE DO S.FRANCISCO E ARARIPE;Granito
260640;2608;26;PE;Pernambuco;AGRESTE;Gravatá
260650;2608;26;PE;Pernambuco;AGRESTE;Iati
260660;2606;26;PE;Pernambuco;SERTAO;Ibimirim
260670;2608;26;PE;Pernambuco;AGRESTE;Ibirajuba
260680;2607;26;PE;Pernambuco;METROPOLITANA;Igarassu
260690;2606;26;PE;Pernambuco;SERTAO;Iguaracy
260700;2606;26;PE;Pernambuco;SERTAO;Inajá
260710;2606;26;PE;Pernambuco;SERTAO;Ingazeira
260720;2607;26;PE;Pernambuco;METROPOLITANA;Ipojuca
260730;2605;26;PE;Pernambuco;VALE DO S.FRANCISCO E ARARIPE;Ipubi
260740;2606;26;PE;Pernambuco;SERTAO;Itacuruba
260750;2608;26;PE;Pernambuco;AGRESTE;Itaíba
260760;2607;26;PE;Pernambuco;METROPOLITANA;Ilha de Itamaracá
260765;2607;26;PE;Pernambuco;METROPOLITANA;Itambé
260770;2606;26;PE;Pernambuco;SERTAO;Itapetim
260775;2607;26;PE;Pernambuco;METROPOLITANA;Itapissuma
260780;2607;26;PE;Pernambuco;METROPOLITANA;Itaquitinga
260790;2607;26;PE;Pernambuco;METROPOLITANA;Jaboatão dos Guararapes
260795;2607;26;PE;Pernambuco;METROPOLITANA;Jaqueira
260800;2608;26;PE;Pernambuco;AGRESTE;Jataúba
260805;2606;26;PE;Pernambuco;SERTAO;Jatobá
260810;2607;26;PE;Pernambuco;METROPOLITANA;João Alfredo
260820;2607;26;PE;Pernambuco;METROPOLITANA;Joaquim Nabuco
260825;2608;26;PE;Pernambuco;AGRESTE;Jucati
260830;2608;26;PE;Pernambuco;AGRESTE;Jupi
260840;2608;26;PE;Pernambuco;AGRESTE;Jurema
260845;2607;26;PE;Pernambuco;METROPOLITANA;Lagoa do Carro
260850;2607;26;PE;Pernambuco;METROPOLITANA;Lagoa de Itaenga
260860;2608;26;PE;Pernambuco;AGRESTE;Lagoa do Ouro
260870;2607;26;PE;Pernambuco;METROPOLITANA;Lagoa dos Gatos
260875;2605;26;PE;Pernambuco;VALE DO S.FRANCISCO E ARARIPE;Lagoa Grande
260880;2608;26;PE;Pernambuco;AGRESTE;Lajedo
260890;2607;26;PE;Pernambuco;METROPOLITANA;Limoeiro
260900;2607;26;PE;Pernambuco;METROPOLITANA;Macaparana
260910;2607;26;PE;Pernambuco;METROPOLITANA;Machados
260915;2606;26;PE;Pernambuco;SERTAO;Manari
260920;2607;26;PE;Pernambuco;METROPOLITANA;Maraial
260930;2605;26;PE;Pernambuco;VALE DO S.FRANCISCO E ARARIPE;Mirandiba
260940;2607;26;PE;Pernambuco;METROPOLITANA;Moreno
260950;2607;26;PE;Pernambuco;METROPOLITANA;Nazaré da Mata
260960;2607;26;PE;Pernambuco;METROPOLITANA;Olinda
260970;2607;26;PE;Pernambuco;METROPOLITANA;Orobó
260980;2605;26;PE;Pernambuco;VALE DO S.FRANCISCO E ARARIPE;Orocó
260990;2605;26;PE;Pernambuco;VALE DO S.FRANCISCO E ARARIPE;Ouricuri
261000;2607;26;PE;Pernambuco;METROPOLITANA;Palmares
261010;2608;26;PE;Pernambuco;AGRESTE;Palmeirina
261020;2608;26;PE;Pernambuco;AGRESTE;Panelas
261030;2608;26;PE;Pernambuco;AGRESTE;Paranatama
261040;2605;26;PE;Pernambuco;VALE DO S.FRANCISCO E ARARIPE;Parnamirim
261050;2607;26;PE;Pernambuco;METROPOLITANA;Passira
261060;2607;26;PE;Pernambuco;METROPOLITANA;Paudalho
261070;2607;26;PE;Pernambuco;METROPOLITANA;Paulista
261080;2606;26;PE;Pernambuco;SERTAO;Pedra
261090;2608;26;PE;Pernambuco;AGRESTE;Pesqueira
261100;2606;26;PE;Pernambuco;SERTAO;Petrolândia
261110;2605;26;PE;Pernambuco;VALE DO S.FRANCISCO E ARARIPE;Petrolina
261120;2608;26;PE;Pernambuco;AGRESTE;Poção
261130;2607;26;PE;Pernambuco;METROPOLITANA;Pombos
261140;2607;26;PE;Pernambuco;METROPOLITANA;Primavera
261150;2607;26;PE;Pernambuco;METROPOLITANA;Quipapá
261153;2606;26;PE;Pernambuco;SERTAO;Quixaba
261160;2607;26;PE;Pernambuco;METROPOLITANA;Recife
261170;2608;26;PE;Pernambuco;AGRESTE;Riacho das Almas
261180;2607;26;PE;Pernambuco;METROPOLITANA;Ribeirão
261190;2607;26;PE;Pernambuco;METROPOLITANA;Rio Formoso
261200;2608;26;PE;Pernambuco;AGRESTE;Sairé
261210;2607;26;PE;Pernambuco;METROPOLITANA;Salgadinho
261220;2605;26;PE;Pernambuco;VALE DO S.FRANCISCO E ARARIPE;Salgueiro
261230;2608;26;PE;Pernambuco;AGRESTE;Saloá
261240;2608;26;PE;Pernambuco;AGRESTE;Sanharó
261245;2605;26;PE;Pernambuco;VALE DO S.FRANCISCO E ARARIPE;Santa Cruz
261247;2606;26;PE;Pernambuco;SERTAO;Santa Cruz da Baixa Verde
261250;2608;26;PE;Pernambuco;AGRESTE;Santa Cruz do Capibaribe
261255;2605;26;PE;Pernambuco;VALE DO S.FRANCISCO E ARARIPE;Santa Filomena
261260;2605;26;PE;Pernambuco;VALE DO S.FRANCISCO E ARARIPE;Santa Maria da Boa Vista
261270;2608;26;PE;Pernambuco;AGRESTE;Santa Maria do Cambucá
261280;2606;26;PE;Pernambuco;SERTAO;Santa Terezinha
261290;2607;26;PE;Pernambuco;METROPOLITANA;São Benedito do Sul
261300;2608;26;PE;Pernambuco;AGRESTE;São Bento do Una
261310;2608;26;PE;Pernambuco;AGRESTE;São Caitano
261320;2608;26;PE;Pernambuco;AGRESTE;São João
261330;2608;26;PE;Pernambuco;AGRESTE;São Joaquim do Monte
261340;2607;26;PE;Pernambuco;METROPOLITANA;São José da Coroa Grande
261350;2606;26;PE;Pernambuco;SERTAO;São José do Belmonte
261360;2606;26;PE;Pernambuco;SERTAO;São José do Egito
261370;2607;26;PE;Pernambuco;METROPOLITANA;São Lourenço da Mata
261380;2607;26;PE;Pernambuco;METROPOLITANA;São Vicente Férrer
261390;2606;26;PE;Pernambuco;SERTAO;Serra Talhada
261400;2605;26;PE;Pernambuco;VALE DO S.FRANCISCO E ARARIPE;Serrita
261410;2606;26;PE;Pernambuco;SERTAO;Sertânia
261420;2607;26;PE;Pernambuco;METROPOLITANA;Sirinhaém
261430;2605;26;PE;Pernambuco;VALE DO S.FRANCISCO E ARARIPE;Moreilândia
261440;2606;26;PE;Pernambuco;SERTAO;Solidão
261450;2607;26;PE;Pernambuco;METROPOLITANA;Surubim
261460;2606;26;PE;Pernambuco;SERTAO;Tabira
261470;2608;26;PE;Pernambuco;AGRESTE;Tacaimbó
261480;2606;26;PE;Pernambuco;SERTAO;Tacaratu
261485;2607;26;PE;Pernambuco;METROPOLITANA;Tamandaré
261500;2608;26;PE;Pernambuco;AGRESTE;Taquaritinga do Norte
261510;2608;26;PE;Pernambuco;AGRESTE;Terezinha
261520;2605;26;PE;Pernambuco;VALE DO S.FRANCISCO E ARARIPE;Terra Nova
261530;2607;26;PE;Pernambuco;METROPOLITANA;Timbaúba
261540;2608;26;PE;Pernambuco;AGRESTE;Toritama
261550;2607;26;PE;Pernambuco;METROPOLITANA;Tracunhaém
261560;2605;26;PE;Pernambuco;VALE DO S.FRANCISCO E ARARIPE;Trindade
261570;2606;26;PE;Pernambuco;SERTAO;Triunfo
261580;2606;26;PE;Pernambuco;SERTAO;Tupanatinga
261590;2606;26;PE;Pernambuco;SERTAO;Tuparetama
261600;2606;26;PE;Pernambuco;SERTAO;Venturosa
261610;2605;26;PE;Pernambuco;VALE DO S.FRANCISCO E ARARIPE;Verdejante
261618;2607;26;PE;Pernambuco;METROPOLITANA;Vertente do Lério
261620;2608;26;PE;Pernambuco;AGRESTE;Vertentes
261630;2607;26;PE;Pernambuco;METROPOLITANA;Vicência
261640;2607;26;PE;Pernambuco;METROPOLITANA;Vitória de Santo Antão
261650;2607;26;PE;Pernambuco;METROPOLITANA;Xexéu
270010;2703;27;AL;Alagoas;2ª MACRORREGIAO DE SAUDE;Água Branca
270020;2704;27;AL;Alagoas;1ª MACRORREGIAO DE SAUDE;Anadia
270030;2703;27;AL;Alagoas;2ª MACRORREGIAO DE SAUDE;Arapiraca
270040;2704;27;AL;Alagoas;1ª MACRORREGIAO DE SAUDE;Atalaia
270050;2704;27;AL;Alagoas;1ª MACRORREGIAO DE SAUDE;Barra de Santo Antônio
270060;2704;27;AL;Alagoas;1ª MACRORREGIAO DE SAUDE;Barra de São Miguel
270070;2703;27;AL;Alagoas;2ª MACRORREGIAO DE SAUDE;Batalha
270080;2703;27;AL;Alagoas;2ª MACRORREGIAO DE SAUDE;Belém
270090;2703;27;AL;Alagoas;2ª MACRORREGIAO DE SAUDE;Belo Monte
270100;2704;27;AL;Alagoas;1ª MACRORREGIAO DE SAUDE;Boca da Mata
270110;2704;27;AL;Alagoas;1ª MACRORREGIAO DE SAUDE;Branquinha
270120;2703;27;AL;Alagoas;2ª MACRORREGIAO DE SAUDE;Cacimbinhas
270130;2704;27;AL;Alagoas;1ª MACRORREGIAO DE SAUDE;Cajueiro
270135;2704;27;AL;Alagoas;1ª MACRORREGIAO DE SAUDE;Campestre
270140;2704;27;AL;Alagoas;1ª MACRORREGIAO DE SAUDE;Campo Alegre
270150;2703;27;AL;Alagoas;2ª MACRORREGIAO DE SAUDE;Campo Grande
270160;2703;27;AL;Alagoas;2ª MACRORREGIAO DE SAUDE;Canapi
270170;2704;27;AL;Alagoas;1ª MACRORREGIAO DE SAUDE;Capela
270180;2703;27;AL;Alagoas;2ª MACRORREGIAO DE SAUDE;Carneiros
270190;2704;27;AL;Alagoas;1ª MACRORREGIAO DE SAUDE;Chã Preta
270200;2703;27;AL;Alagoas;2ª MACRORREGIAO DE SAUDE;Coité do Nóia
270210;2704;27;AL;Alagoas;1ª MACRORREGIAO DE SAUDE;Colônia Leopoldina
270220;2704;27;AL;Alagoas;1ª MACRORREGIAO DE SAUDE;Coqueiro Seco
270230;2704;27;AL;Alagoas;1ª MACRORREGIAO DE SAUDE;Coruripe
270235;2703;27;AL;Alagoas;2ª MACRORREGIAO DE SAUDE;Craíbas
270240;2703;27;AL;Alagoas;2ª MACRORREGIAO DE SAUDE;Delmiro Gouveia
270250;2703;27;AL;Alagoas;2ª MACRORREGIAO DE SAUDE;Dois Riachos
270255;2703;27;AL;Alagoas;2ª MACRORREGIAO DE SAUDE;Estrela de Alagoas
270260;2703;27;AL;Alagoas;2ª MACRORREGIAO DE SAUDE;Feira Grande
270270;2704;27;AL;Alagoas;1ª MACRORREGIAO DE SAUDE;Feliz Deserto
270280;2704;27;AL;Alagoas;1ª MACRORREGIAO DE SAUDE;Flexeiras
270290;2703;27;AL;Alagoas;2ª MACRORREGIAO DE SAUDE;Girau do Ponciano
270300;2704;27;AL;Alagoas;1ª MACRORREGIAO DE SAUDE;Ibateguara
270310;2703;27;AL;Alagoas;2ª MACRORREGIAO DE SAUDE;Igaci
270320;2704;27;AL;Alagoas;1ª MACRORREGIAO DE SAUDE;Igreja Nova
270330;2703;27;AL;Alagoas;2ª MACRORREGIAO DE SAUDE;Inhapi
270340;2703;27;AL;Alagoas;2ª MACRORREGIAO DE SAUDE;Jacaré dos Homens
270350;2704;27;AL;Alagoas;1ª MACRORREGIAO DE SAUDE;Jacuípe
270360;2704;27;AL;Alagoas;1ª MACRORREGIAO DE SAUDE;Japaratinga
270370;2703;27;AL;Alagoas;2ª MACRORREGIAO DE SAUDE;Jaramataia
270375;2704;27;AL;Alagoas;1ª MACRORREGIAO DE SAUDE;Jequiá da Praia
270380;2704;27;AL;Alagoas;1ª MACRORREGIAO DE SAUDE;Joaquim Gomes
270390;2704;27;AL;Alagoas;1ª MACRORREGIAO DE SAUDE;Jundiá
270400;2704;27;AL;Alagoas;1ª MACRORREGIAO DE SAUDE;Junqueiro
270410;2703;27;AL;Alagoas;2ª MACRORREGIAO DE SAUDE;Lagoa da Canoa
270420;2703;27;AL;Alagoas;2ª MACRORREGIAO DE SAUDE;Limoeiro de Anadia
270430;2704;27;AL;Alagoas;1ª MACRORREGIAO DE SAUDE;Maceió
270440;2703;27;AL;Alagoas;2ª MACRORREGIAO DE SAUDE;Major Isidoro
270450;2704;27;AL;Alagoas;1ª MACRORREGIAO DE SAUDE;Maragogi
270460;2703;27;AL;Alagoas;2ª MACRORREGIAO DE SAUDE;Maravilha
270470;2704;27;AL;Alagoas;1ª MACRORREGIAO DE SAUDE;Marechal Deodoro
270480;2703;27;AL;Alagoas;2ª MACRORREGIAO DE SAUDE;Maribondo
270490;2704;27;AL;Alagoas;1ª MACRORREGIAO DE SAUDE;Mar Vermelho
270500;2703;27;AL;Alagoas;2ª MACRORREGIAO DE SAUDE;Mata Grande
270510;2704;27;AL;Alagoas;1ª MACRORREGIAO DE SAUDE;Matriz de Camaragibe
270520;2704;27;AL;Alagoas;1ª MACRORREGIAO DE SAUDE;Messias
270530;2703;27;AL;Alagoas;2ª MACRORREGIAO DE SAUDE;Minador do Negrão
270540;2703;27;AL;Alagoas;2ª MACRORREGIAO DE SAUDE;Monteirópolis
270550;2704;27;AL;Alagoas;1ª MACRORREGIAO DE SAUDE;Murici
270560;2704;27;AL;Alagoas;1ª MACRORREGIAO DE SAUDE;Novo Lino
270570;2703;27;AL;Alagoas;2ª MACRORREGIAO DE SAUDE;Olho d'Água das Flores
270580;2703;27;AL;Alagoas;2ª MACRORREGIAO DE SAUDE;Olho d'Água do Casado
270590;2703;27;AL;Alagoas;2ª MACRORREGIAO DE SAUDE;Olho d'Água Grande
270600;2703;27;AL;Alagoas;2ª MACRORREGIAO DE SAUDE;Olivença
270610;2703;27;AL;Alagoas;2ª MACRORREGIAO DE SAUDE;Ouro Branco
270620;2703;27;AL;Alagoas;2ª MACRORREGIAO DE SAUDE;Palestina
270630;2703;27;AL;Alagoas;2ª MACRORREGIAO DE SAUDE;Palmeira dos Índios
270640;2703;27;AL;Alagoas;2ª MACRORREGIAO DE SAUDE;Pão de Açúcar
270642;2703;27;AL;Alagoas;2ª MACRORREGIAO DE SAUDE;Pariconha
270644;2704;27;AL;Alagoas;1ª MACRORREGIAO DE SAUDE;Paripueira
270650;2704;27;AL;Alagoas;1ª MACRORREGIAO DE SAUDE;Passo de Camaragibe
270660;2704;27;AL;Alagoas;1ª MACRORREGIAO DE SAUDE;Paulo Jacinto
270670;2704;27;AL;Alagoas;1ª MACRORREGIAO DE SAUDE;Penedo
270680;2704;27;AL;Alagoas;1ª MACRORREGIAO DE SAUDE;Piaçabuçu
270690;2704;27;AL;Alagoas;1ª MACRORREGIAO DE SAUDE;Pilar
270700;2704;27;AL;Alagoas;1ª MACRORREGIAO DE SAUDE;Pindoba
270710;2703;27;AL;Alagoas;2ª MACRORREGIAO DE SAUDE;Piranhas
270720;2703;27;AL;Alagoas;2ª MACRORREGIAO DE SAUDE;Poço das Trincheiras
270730;2704;27;AL;Alagoas;1ª MACRORREGIAO DE SAUDE;Porto Calvo
270740;2704;27;AL;Alagoas;1ª MACRORREGIAO DE SAUDE;Porto de Pedras
270750;2704;27;AL;Alagoas;1ª MACRORREGIAO DE SAUDE;Porto Real do Colégio
270760;2704;27;AL;Alagoas;1ª MACRORREGIAO DE SAUDE;Quebrangulo
270770;2704;27;AL;Alagoas;1ª MACRORREGIAO DE SAUDE;Rio Largo
270780;2704;27;AL;Alagoas;1ª MACRORREGIAO DE SAUDE;Roteiro
270790;2704;27;AL;Alagoas;1ª MACRORREGIAO DE SAUDE;Santa Luzia do Norte
270800;2703;27;AL;Alagoas;2ª MACRORREGIAO DE SAUDE;Santana do Ipanema
270810;2704;27;AL;Alagoas;1ª MACRORREGIAO DE SAUDE;Santana do Mundaú
270820;2704;27;AL;Alagoas;1ª MACRORREGIAO DE SAUDE;São Brás
270830;2704;27;AL;Alagoas;1ª MACRORREGIAO DE SAUDE;São José da Laje
270840;2703;27;AL;Alagoas;2ª MACRORREGIAO DE SAUDE;São José da Tapera
270850;2704;27;AL;Alagoas;1ª MACRORREGIAO DE SAUDE;São Luís do Quitunde
270860;2704;27;AL;Alagoas;1ª MACRORREGIAO DE SAUDE;São Miguel dos Campos
270870;2704;27;AL;Alagoas;1ª MACRORREGIAO DE SAUDE;São Miguel dos Milagres
270880;2703;27;AL;Alagoas;2ª MACRORREGIAO DE SAUDE;São Sebastião
270890;2704;27;AL;Alagoas;1ª MACRORREGIAO DE SAUDE;Satuba
270895;2703;27;AL;Alagoas;2ª MACRORREGIAO DE SAUDE;Senador Rui Palmeira
270900;2703;27;AL;Alagoas;2ª MACRORREGIAO DE SAUDE;Tanque d'Arca
270910;2703;27;AL;Alagoas;2ª MACRORREGIAO DE SAUDE;Taquarana
270915;2704;27;AL;Alagoas;1ª MACRORREGIAO DE SAUDE;Teotônio Vilela
270920;2703;27;AL;Alagoas;2ª MACRORREGIAO DE SAUDE;Traipu
270930;2704;27;AL;Alagoas;1ª MACRORREGIAO DE SAUDE;União dos Palmares
270940;2704;27;AL;Alagoas;1ª MACRORREGIAO DE SAUDE;Viçosa
280010;2801;28;SE;Sergipe;MACRO UNICA;Amparo do São Francisco
280020;2801;28;SE;Sergipe;MACRO UNICA;Aquidabã
280030;2801;28;SE;Sergipe;MACRO UNICA;Aracaju
280040;2801;28;SE;Sergipe;MACRO UNICA;Arauá
280050;2801;28;SE;Sergipe;MACRO UNICA;Areia Branca
280060;2801;28;SE;Sergipe;MACRO UNICA;Barra dos Coqueiros
280067;2801;28;SE;Sergipe;MACRO UNICA;Boquim
280070;2801;28;SE;Sergipe;MACRO UNICA;Brejo Grande
280100;2801;28;SE;Sergipe;MACRO UNICA;Campo do Brito
280110;2801;28;SE;Sergipe;MACRO UNICA;Canhoba
280120;2801;28;SE;Sergipe;MACRO UNICA;Canindé de São Francisco
280130;2801;28;SE;Sergipe;MACRO UNICA;Capela
280140;2801;28;SE;Sergipe;MACRO UNICA;Carira
280150;2801;28;SE;Sergipe;MACRO UNICA;Carmópolis
280160;2801;28;SE;Sergipe;MACRO UNICA;Cedro de São João
280170;2801;28;SE;Sergipe;MACRO UNICA;Cristinápolis
280190;2801;28;SE;Sergipe;MACRO UNICA;Cumbe
280200;2801;28;SE;Sergipe;MACRO UNICA;Divina Pastora
280210;2801;28;SE;Sergipe;MACRO UNICA;Estância
280220;2801;28;SE;Sergipe;MACRO UNICA;Feira Nova
280230;2801;28;SE;Sergipe;MACRO UNICA;Frei Paulo
280240;2801;28;SE;Sergipe;MACRO UNICA;Gararu
280250;2801;28;SE;Sergipe;MACRO UNICA;General Maynard
280260;2801;28;SE;Sergipe;MACRO UNICA;Gracho Cardoso
280270;2801;28;SE;Sergipe;MACRO UNICA;Ilha das Flores
280280;2801;28;SE;Sergipe;MACRO UNICA;Indiaroba
280290;2801;28;SE;Sergipe;MACRO UNICA;Itabaiana
280300;2801;28;SE;Sergipe;MACRO UNICA;Itabaianinha
280310;2801;28;SE;Sergipe;MACRO UNICA;Itabi
280320;2801;28;SE;Sergipe;MACRO UNICA;Itaporanga d'Ajuda
280330;2801;28;SE;Sergipe;MACRO UNICA;Japaratuba
280340;2801;28;SE;Sergipe;MACRO UNICA;Japoatã
280350;2801;28;SE;Sergipe;MACRO UNICA;Lagarto
280360;2801;28;SE;Sergipe;MACRO UNICA;Laranjeiras
280370;2801;28;SE;Sergipe;MACRO UNICA;Macambira
280380;2801;28;SE;Sergipe;MACRO UNICA;Malhada dos Bois
280390;2801;28;SE;Sergipe;MACRO UNICA;Malhador
280400;2801;28;SE;Sergipe;MACRO UNICA;Maruim
280410;2801;28;SE;Sergipe;MACRO UNICA;Moita Bonita
280420;2801;28;SE;Sergipe;MACRO UNICA;Monte Alegre de Sergipe
280430;2801;28;SE;Sergipe;MACRO UNICA;Muribeca
280440;2801;28;SE;Sergipe;MACRO UNICA;Neópolis
280445;2801;28;SE;Sergipe;MACRO UNICA;Nossa Senhora Aparecida
280450;2801;28;SE;Sergipe;MACRO UNICA;Nossa Senhora da Glória
280460;2801;28;SE;Sergipe;MACRO UNICA;Nossa Senhora das Dores
280470;2801;28;SE;Sergipe;MACRO UNICA;Nossa Senhora de Lourdes
280480;2801;28;SE;Sergipe;MACRO UNICA;Nossa Senhora do Socorro
280490;2801;28;SE;Sergipe;MACRO UNICA;Pacatuba
280500;2801;28;SE;Sergipe;MACRO UNICA;Pedra Mole
280510;2801;28;SE;Sergipe;MACRO UNICA;Pedrinhas
280520;2801;28;SE;Sergipe;MACRO UNICA;Pinhão
280530;2801;28;SE;Sergipe;MACRO UNICA;Pirambu
280540;2801;28;SE;Sergipe;MACRO UNICA;Poço Redondo
280550;2801;28;SE;Sergipe;MACRO UNICA;Poço Verde
280560;2801;28;SE;Sergipe;MACRO UNICA;Porto da Folha
280570;2801;28;SE;Sergipe;MACRO UNICA;Propriá
280580;2801;28;SE;Sergipe;MACRO UNICA;Riachão do Dantas
280590;2801;28;SE;Sergipe;MACRO UNICA;Riachuelo
280600;2801;28;SE;Sergipe;MACRO UNICA;Ribeirópolis
280610;2801;28;SE;Sergipe;MACRO UNICA;Rosário do Catete
280620;2801;28;SE;Sergipe;MACRO UNICA;Salgado
280630;2801;28;SE;Sergipe;MACRO UNICA;Santa Luzia do Itanhy
280640;2801;28;SE;Sergipe;MACRO UNICA;Santana do São Francisco
280650;2801;28;SE;Sergipe;MACRO UNICA;Santa Rosa de Lima
280660;2801;28;SE;Sergipe;MACRO UNICA;Santo Amaro das Brotas
280670;2801;28;SE;Sergipe;MACRO UNICA;São Cristóvão
280680;2801;28;SE;Sergipe;MACRO UNICA;São Domingos
280690;2801;28;SE;Sergipe;MACRO UNICA;São Francisco
280700;2801;28;SE;Sergipe;MACRO UNICA;São Miguel do Aleixo
280710;2801;28;SE;Sergipe;MACRO UNICA;Simão Dias
280720;2801;28;SE;Sergipe;MACRO UNICA;Siriri
280730;2801;28;SE;Sergipe;MACRO UNICA;Telha
280740;2801;28;SE;Sergipe;MACRO UNICA;Tobias Barreto
280750;2801;28;SE;Sergipe;MACRO UNICA;Tomar do Geru
280760;2801;28;SE;Sergipe;MACRO UNICA;Umbaúba
290010;2917;29;BA;Bahia;CENTRO-LESTE (NRS - FEIRA SANTANA);Abaíra
290020;2913;29;BA;Bahia;NORTE - (NRS - JUAZEIRO);Abaré
290030;2914;29;BA;Bahia;NORDESTE (NRS - ALAGOINHAS);Acajutiba
290035;2914;29;BA;Bahia;NORDESTE (NRS - ALAGOINHAS);Adustina
290040;2917;29;BA;Bahia;CENTRO-LESTE (NRS - FEIRA SANTANA);Água Fria
290050;2911;29;BA;Bahia;SUDOESTE (NBS - VITORIA CONQUISTA);Érico Cardoso
290060;2910;29;BA;Bahia;SUL (NBS - ILHEUS);Aiquara
290070;2914;29;BA;Bahia;NORDESTE (NRS - ALAGOINHAS);Alagoinhas
290080;2916;29;BA;Bahia;EXTREMO SUL (NRS - TEIXEIRA FREITAS);Alcobaça
290090;2910;29;BA;Bahia;SUL (NBS - ILHEUS);Almadina
290100;2915;29;BA;Bahia;LESTE - (NRS - SALVADOR);Amargosa
290110;2917;29;BA;Bahia;CENTRO-LESTE (NRS - FEIRA SANTANA);Amélia Rodrigues
290115;2918;29;BA;Bahia;CENTRO - NORTE (NRS - JACOBINA);América Dourada
290120;2911;29;BA;Bahia;SUDOESTE (NBS - VITORIA CONQUISTA);Anagé
290130;2917;29;BA;Bahia;CENTRO-LESTE (NRS - FEIRA SANTANA);Andaraí
290135;2913;29;BA;Bahia;NORTE - (NRS - JUAZEIRO);Andorinha
290140;2912;29;BA;Bahia;OESTE (NBS - BARREIRAS);Angical
290150;2917;29;BA;Bahia;CENTRO-LESTE (NRS - FEIRA SANTANA);Anguera
290160;2914;29;BA;Bahia;NORDESTE (NRS - ALAGOINHAS);Antas
290170;2917;29;BA;Bahia;CENTRO-LESTE (NRS - FEIRA SANTANA);Antônio Cardoso
290180;2913;29;BA;Bahia;NORTE - (NRS - JUAZEIRO);Antônio Gonçalves
290190;2914;29;BA;Bahia;NORDESTE (NRS - ALAGOINHAS);Aporá
290195;2910;29;BA;Bahia;SUL (NBS - ILHEUS);Apuarema
290200;2911;29;BA;Bahia;SUDOESTE (NBS - VITORIA CONQUISTA);Aracatu
290205;2914;29;BA;Bahia;NORDESTE (NRS - ALAGOINHAS);Araçás
290210;2917;29;BA;Bahia;CENTRO-LESTE (NRS - FEIRA SANTANA);Araci
290220;2914;29;BA;Bahia;NORDESTE (NRS - ALAGOINHAS);Aramari
290225;2910;29;BA;Bahia;SUL (NBS - ILHEUS);Arataca
290230;2915;29;BA;Bahia;LESTE - (NRS - SALVADOR);Aratuípe
290240;2910;29;BA;Bahia;SUL (NBS - ILHEUS);Aurelino Leal
290250;2912;29;BA;Bahia;OESTE (NBS - BARREIRAS);Baianópolis
290260;2917;29;BA;Bahia;CENTRO-LESTE (NRS - FEIRA SANTANA);Baixa Grande
290265;2914;29;BA;Bahia;NORDESTE (NRS - ALAGOINHAS);Banzaê
290270;2912;29;BA;Bahia;OESTE (NBS - BARREIRAS);Barra
290280;2911;29;BA;Bahia;SUDOESTE (NBS - VITORIA CONQUISTA);Barra da Estiva
290290;2911;29;BA;Bahia;SUDOESTE (NBS - VITORIA CONQUISTA);Barra do Choça
290300;2918;29;BA;Bahia;CENTRO - NORTE (NRS - JACOBINA);Barra do Mendes
290310;2910;29;BA;Bahia;SUL (NBS - ILHEUS);Barra do Rocha
290320;2912;29;BA;Bahia;OESTE (NBS - BARREIRAS);Barreiras
290323;2918;29;BA;Bahia;CENTRO - NORTE (NRS - JACOBINA);Barro Alto
290327;2917;29;BA;Bahia;CENTRO-LESTE (NRS - FEIRA SANTANA);Barrocas
290330;2910;29;BA;Bahia;SUL (NBS - ILHEUS);Barro Preto
290340;2916;29;BA;Bahia;EXTREMO SUL (NRS - TEIXEIRA FREITAS);Belmonte
290350;2911;29;BA;Bahia;SUDOESTE (NBS - VITORIA CONQUISTA);Belo Campo
290360;2917;29;BA;Bahia;CENTRO-LESTE (NRS - FEIRA SANTANA);Biritinga
290370;2910;29;BA;Bahia;SUL (NBS - ILHEUS);Boa Nova
290380;2917;29;BA;Bahia;CENTRO-LESTE (NRS - FEIRA SANTANA);Boa Vista do Tupim
290390;2912;29;BA;Bahia;OESTE (NBS - BARREIRAS);Bom Jesus da Lapa
290395;2911;29;BA;Bahia;SUDOESTE (NBS - VITORIA CONQUISTA);Bom Jesus da Serra
290400;2917;29;BA;Bahia;CENTRO-LESTE (NRS - FEIRA SANTANA);Boninal
290405;2917;29;BA;Bahia;CENTRO-LESTE (NRS - FEIRA SANTANA);Bonito
290410;2911;29;BA;Bahia;SUDOESTE (NBS - VITORIA CONQUISTA);Boquira
290420;2911;29;BA;Bahia;SUDOESTE (NBS - VITORIA CONQUISTA);Botuporã
290430;2910;29;BA;Bahia;SUL (NBS - ILHEUS);Brejões
290440;2912;29;BA;Bahia;OESTE (NBS - BARREIRAS);Brejolândia
290450;2912;29;BA;Bahia;OESTE (NBS - BARREIRAS);Brotas de Macaúbas
290460;2911;29;BA;Bahia;SUDOESTE (NBS - VITORIA CONQUISTA);Brumado
290470;2910;29;BA;Bahia;SUL (NBS - ILHEUS);Buerarema
290475;2912;29;BA;Bahia;OESTE (NBS - BARREIRAS);Buritirama
290480;2911;29;BA;Bahia;SUDOESTE (NBS - VITORIA CONQUISTA);Caatiba
290485;2915;29;BA;Bahia;LESTE - (NRS - SALVADOR);Cabaceiras do Paraguaçu
290490;2915;29;BA;Bahia;LESTE - (NRS - SALVADOR);Cachoeira
290500;2911;29;BA;Bahia;SUDOESTE (NBS - VITORIA CONQUISTA);Caculé
290510;2918;29;BA;Bahia;CENTRO - NORTE (NRS - JACOBINA);Caém
290515;2911;29;BA;Bahia;SUDOESTE (NBS - VITORIA CONQUISTA);Caetanos
290520;2911;29;BA;Bahia;SUDOESTE (NBS - VITORIA CONQUISTA);Caetité
290530;2918;29;BA;Bahia;CENTRO - NORTE (NRS - JACOBINA);Cafarnaum
290540;2910;29;BA;Bahia;SUL (NBS - ILHEUS);Cairu
290550;2918;29;BA;Bahia;CENTRO - NORTE (NRS - JACOBINA);Caldeirão Grande
290560;2910;29;BA;Bahia;SUL (NBS - ILHEUS);Camacan
290570;2915;29;BA;Bahia;LESTE - (NRS - SALVADOR);Camaçari
290580;2910;29;BA;Bahia;SUL (NBS - ILHEUS);Camamu
290590;2913;29;BA;Bahia;NORTE - (NRS - JUAZEIRO);Campo Alegre de Lourdes
290600;2913;29;BA;Bahia;NORTE - (NRS - JUAZEIRO);Campo Formoso
290610;2912;29;BA;Bahia;OESTE (NBS - BARREIRAS);Canápolis
290620;2918;29;BA;Bahia;CENTRO - NORTE (NRS - JACOBINA);Canarana
290630;2910;29;BA;Bahia;SUL (NBS - ILHEUS);Canavieiras
290640;2917;29;BA;Bahia;CENTRO-LESTE (NRS - FEIRA SANTANA);Candeal
290650;2915;29;BA;Bahia;LESTE - (NRS - SALVADOR);Candeias
290660;2911;29;BA;Bahia;SUDOESTE (NBS - VITORIA CONQUISTA);Candiba
290670;2911;29;BA;Bahia;SUDOESTE (NBS - VITORIA CONQUISTA);Cândido Sales
290680;2917;29;BA;Bahia;CENTRO-LESTE (NRS - FEIRA SANTANA);Cansanção
290682;2913;29;BA;Bahia;NORTE - (NRS - JUAZEIRO);Canudos
290685;2917;29;BA;Bahia;CENTRO-LESTE (NRS - FEIRA SANTANA);Capela do Alto Alegre
290687;2918;29;BA;Bahia;CENTRO - NORTE (NRS - JACOBINA);Capim Grosso
290689;2911;29;BA;Bahia;SUDOESTE (NBS - VITORIA CONQUISTA);Caraíbas
290690;2916;29;BA;Bahia;EXTREMO SUL (NRS - TEIXEIRA FREITAS);Caravelas
290700;2914;29;BA;Bahia;NORDESTE (NRS - ALAGOINHAS);Cardeal da Silva
290710;2911;29;BA;Bahia;SUDOESTE (NBS - VITORIA CONQUISTA);Carinhanha
290720;2913;29;BA;Bahia;NORTE - (NRS - JUAZEIRO);Casa Nova
290730;2915;29;BA;Bahia;LESTE - (NRS - SALVADOR);Castro Alves
290740;2912;29;BA;Bahia;OESTE (NBS - BARREIRAS);Catolândia
290750;2914;29;BA;Bahia;NORDESTE (NRS - ALAGOINHAS);Catu
290755;2911;29;BA;Bahia;SUDOESTE (NBS - VITORIA CONQUISTA);Caturama
290760;2918;29;BA;Bahia;CENTRO - NORTE (NRS - JACOBINA);Central
290770;2913;29;BA;Bahia;NORTE - (NRS - JUAZEIRO);Chorrochó
290780;2914;29;BA;Bahia;NORDESTE (NRS - ALAGOINHAS);Cícero Dantas
290790;2914;29;BA;Bahia;NORDESTE (NRS - ALAGOINHAS);Cipó
290800;2910;29;BA;Bahia;SUL (NBS - ILHEUS);Coaraci
290810;2912;29;BA;Bahia;OESTE (NBS - BARREIRAS);Cocos
290820;2915;29;BA;Bahia;LESTE - (NRS - SALVADOR);Conceição da Feira
290830;2915;29;BA;Bahia;LESTE - (NRS - SALVADOR);Conceição do Almeida
290840;2917;29;BA;Bahia;CENTRO-LESTE (NRS - FEIRA SANTANA);Conceição do Coité
290850;2917;29;BA;Bahia;CENTRO-LESTE (NRS - FEIRA SANTANA);Conceição do Jacuípe
290860;2915;29;BA;Bahia;LESTE - (NRS - SALVADOR);Conde
290870;2911;29;BA;Bahia;SUDOESTE (NBS - VITORIA CONQUISTA);Condeúba
290880;2911;29;BA;Bahia;SUDOESTE (NBS - VITORIA CONQUISTA);Contendas do Sincorá
290890;2917;29;BA;Bahia;CENTRO-LESTE (NRS - FEIRA SANTANA);Coração de Maria
290900;2911;29;BA;Bahia;SUDOESTE (NBS - VITORIA CONQUISTA);Cordeiros
290910;2912;29;BA;Bahia;OESTE (NBS - BARREIRAS);Coribe
290920;2914;29;BA;Bahia;NORDESTE (NRS - ALAGOINHAS);Coronel João Sá
290930;2912;29;BA;Bahia;OESTE (NBS - BARREIRAS);Correntina
290940;2912;29;BA;Bahia;OESTE (NBS - BARREIRAS);Cotegipe
290950;2910;29;BA;Bahia;SUL (NBS - ILHEUS);Cravolândia
290960;2914;29;BA;Bahia;NORDESTE (NRS - ALAGOINHAS);Crisópolis
290970;2912;29;BA;Bahia;OESTE (NBS - BARREIRAS);Cristópolis
290980;2915;29;BA;Bahia;LESTE - (NRS - SALVADOR);Cruz das Almas
290990;2913;29;BA;Bahia;NORTE - (NRS - JUAZEIRO);Curaçá
291000;2910;29;BA;Bahia;SUL (NBS - ILHEUS);Dário Meira
291005;2915;29;BA;Bahia;LESTE - (NRS - SALVADOR);Dias d'Ávila
291010;2911;29;BA;Bahia;SUDOESTE (NBS - VITORIA CONQUISTA);Dom Basílio
291020;2915;29;BA;Bahia;LESTE - (NRS - SALVADOR);Dom Macedo Costa
291030;2915;29;BA;Bahia;LESTE - (NRS - SALVADOR);Elísio Medrado
291040;2911;29;BA;Bahia;SUDOESTE (NBS - VITORIA CONQUISTA);Encruzilhada
291050;2914;29;BA;Bahia;NORDESTE (NRS - ALAGOINHAS);Entre Rios
291060;2914;29;BA;Bahia;NORDESTE (NRS - ALAGOINHAS);Esplanada
291070;2917;29;BA;Bahia;CENTRO-LESTE (NRS - FEIRA SANTANA);Euclides da Cunha
291072;2916;29;BA;Bahia;EXTREMO SUL (NRS - TEIXEIRA FREITAS);Eunápolis
291075;2914;29;BA;Bahia;NORDESTE (NRS - ALAGOINHAS);Fátima
291077;2911;29;BA;Bahia;SUDOESTE (NBS - VITORIA CONQUISTA);Feira da Mata
291080;2917;29;BA;Bahia;CENTRO-LESTE (NRS - FEIRA SANTANA);Feira de Santana
291085;2913;29;BA;Bahia;NORTE - (NRS - JUAZEIRO);Filadélfia
291090;2911;29;BA;Bahia;SUDOESTE (NBS - VITORIA CONQUISTA);Firmino Alves
291100;2910;29;BA;Bahia;SUL (NBS - ILHEUS);Floresta Azul
291110;2912;29;BA;Bahia;OESTE (NBS - BARREIRAS);Formosa do Rio Preto
291120;2910;29;BA;Bahia;SUL (NBS - ILHEUS);Gandu
291125;2917;29;BA;Bahia;CENTRO-LESTE (NRS - FEIRA SANTANA);Gavião
291130;2918;29;BA;Bahia;CENTRO - NORTE (NRS - JACOBINA);Gentio do Ouro
291140;2913;29;BA;Bahia;NORTE - (NRS - JUAZEIRO);Glória
291150;2910;29;BA;Bahia;SUL (NBS - ILHEUS);Gongogi
291160;2915;29;BA;Bahia;LESTE - (NRS - SALVADOR);Governador Mangabeira
291165;2911;29;BA;Bahia;SUDOESTE (NBS - VITORIA CONQUISTA);Guajeru
291170;2911;29;BA;Bahia;SUDOESTE (NBS - VITORIA CONQUISTA);Guanambi
291180;2916;29;BA;Bahia;EXTREMO SUL (NRS - TEIXEIRA FREITAS);Guaratinga
291185;2914;29;BA;Bahia;NORDESTE (NRS - ALAGOINHAS);Heliópolis
291190;2917;29;BA;Bahia;CENTRO-LESTE (NRS - FEIRA SANTANA);Iaçu
291200;2911;29;BA;Bahia;SUDOESTE (NBS - VITORIA CONQUISTA);Ibiassucê
291210;2910;29;BA;Bahia;SUL (NBS - ILHEUS);Ibicaraí
291220;2911;29;BA;Bahia;SUDOESTE (NBS - VITORIA CONQUISTA);Ibicoara
291230;2911;29;BA;Bahia;SUDOESTE (NBS - VITORIA CONQUISTA);Ibicuí
291240;2918;29;BA;Bahia;CENTRO - NORTE (NRS - JACOBINA);Ibipeba
291250;2911;29;BA;Bahia;SUDOESTE (NBS - VITORIA CONQUISTA);Ibipitanga
291260;2917;29;BA;Bahia;CENTRO-LESTE (NRS - FEIRA SANTANA);Ibiquera
291270;2910;29;BA;Bahia;SUL (NBS - ILHEUS);Ibirapitanga
291280;2916;29;BA;Bahia;EXTREMO SUL (NRS - TEIXEIRA FREITAS);Ibirapuã
291290;2910;29;BA;Bahia;SUL (NBS - ILHEUS);Ibirataia
291300;2917;29;BA;Bahia;CENTRO-LESTE (NRS - FEIRA SANTANA);Ibitiara
291310;2918;29;BA;Bahia;CENTRO - NORTE (NRS - JACOBINA);Ibititá
291320;2912;29;BA;Bahia;OESTE (NBS - BARREIRAS);Ibotirama
291330;2917;29;BA;Bahia;CENTRO-LESTE (NRS - FEIRA SANTANA);Ichu
291340;2911;29;BA;Bahia;SUDOESTE (NBS - VITORIA CONQUISTA);Igaporã
291345;2910;29;BA;Bahia;SUL (NBS - ILHEUS);Igrapiúna
291350;2911;29;BA;Bahia;SUDOESTE (NBS - VITORIA CONQUISTA);Iguaí
291360;2910;29;BA;Bahia;SUL (NBS - ILHEUS);Ilhéus
291370;2914;29;BA;Bahia;NORDESTE (NRS - ALAGOINHAS);Inhambupe
291380;2917;29;BA;Bahia;CENTRO-LESTE (NRS - FEIRA SANTANA);Ipecaetá
291390;2910;29;BA;Bahia;SUL (NBS - ILHEUS);Ipiaú
291400;2917;29;BA;Bahia;CENTRO-LESTE (NRS - FEIRA SANTANA);Ipirá
291410;2912;29;BA;Bahia;OESTE (NBS - BARREIRAS);Ipupiara
291420;2910;29;BA;Bahia;SUL (NBS - ILHEUS);Irajuba
291430;2910;29;BA;Bahia;SUL (NBS - ILHEUS);Iramaia
291440;2917;29;BA;Bahia;CENTRO-LESTE (NRS - FEIRA SANTANA);Iraquara
291450;2917;29;BA;Bahia;CENTRO-LESTE (NRS - FEIRA SANTANA);Irará
291460;2918;29;BA;Bahia;CENTRO - NORTE (NRS - JACOBINA);Irecê
291465;2916;29;BA;Bahia;EXTREMO SUL (NRS - TEIXEIRA FREITAS);Itabela
291470;2917;29;BA;Bahia;CENTRO-LESTE (NRS - FEIRA SANTANA);Itaberaba
291480;2910;29;BA;Bahia;SUL (NBS - ILHEUS);Itabuna
291490;2910;29;BA;Bahia;SUL (NBS - ILHEUS);Itacaré
291500;2917;29;BA;Bahia;CENTRO-LESTE (NRS - FEIRA SANTANA);Itaeté
291510;2910;29;BA;Bahia;SUL (NBS - ILHEUS);Itagi
291520;2910;29;BA;Bahia;SUL (NBS - ILHEUS);Itagibá
291530;2916;29;BA;Bahia;EXTREMO SUL (NRS - TEIXEIRA FREITAS);Itagimirim
291535;2918;29;BA;Bahia;CENTRO - NORTE (NRS - JACOBINA);Itaguaçu da Bahia
291540;2910;29;BA;Bahia;SUL (NBS - ILHEUS);Itaju do Colônia
291550;2910;29;BA;Bahia;SUL (NBS - ILHEUS);Itajuípe
291560;2916;29;BA;Bahia;EXTREMO SUL (NRS - TEIXEIRA FREITAS);Itamaraju
291570;2910;29;BA;Bahia;SUL (NBS - ILHEUS);Itamari
291580;2911;29;BA;Bahia;SUDOESTE (NBS - VITORIA CONQUISTA);Itambé
291590;2914;29;BA;Bahia;NORDESTE (NRS - ALAGOINHAS);Itanagra
291600;2916;29;BA;Bahia;EXTREMO SUL (NRS - TEIXEIRA FREITAS);Itanhém
291610;2915;29;BA;Bahia;LESTE - (NRS - SALVADOR);Itaparica
291620;2910;29;BA;Bahia;SUL (NBS - ILHEUS);Itapé
291630;2916;29;BA;Bahia;EXTREMO SUL (NRS - TEIXEIRA FREITAS);Itapebi
291640;2911;29;BA;Bahia;SUDOESTE (NBS - VITORIA CONQUISTA);Itapetinga
291650;2914;29;BA;Bahia;NORDESTE (NRS - ALAGOINHAS);Itapicuru
291660;2910;29;BA;Bahia;SUL (NBS - ILHEUS);Itapitanga
291670;2910;29;BA;Bahia;SUL (NBS - ILHEUS);Itaquara
291680;2911;29;BA;Bahia;SUDOESTE (NBS - VITORIA CONQUISTA);Itarantim
291685;2915;29;BA;Bahia;LESTE - (NRS - SALVADOR);Itatim
291690;2910;29;BA;Bahia;SUL (NBS - ILHEUS);Itiruçu
291700;2913;29;BA;Bahia;NORTE - (NRS - JUAZEIRO);Itiúba
291710;2911;29;BA;Bahia;SUDOESTE (NBS - VITORIA CONQUISTA);Itororó
291720;2911;29;BA;Bahia;SUDOESTE (NBS - VITORIA CONQUISTA);Ituaçu
291730;2910;29;BA;Bahia;SUL (NBS - ILHEUS);Ituberá
291733;2911;29;BA;Bahia;SUDOESTE (NBS - VITORIA CONQUISTA);Iuiu
291735;2912;29;BA;Bahia;OESTE (NBS - BARREIRAS);Jaborandi
291740;2911;29;BA;Bahia;SUDOESTE (NBS - VITORIA CONQUISTA);Jacaraci
291750;2918;29;BA;Bahia;CENTRO - NORTE (NRS - JACOBINA);Jacobina
291760;2910;29;BA;Bahia;SUL (NBS - ILHEUS);Jaguaquara
291770;2913;29;BA;Bahia;NORTE - (NRS - JUAZEIRO);Jaguarari
291780;2915;29;BA;Bahia;LESTE - (NRS - SALVADOR);Jaguaripe
291790;2914;29;BA;Bahia;NORDESTE (NRS - ALAGOINHAS);Jandaíra
291800;2910;29;BA;Bahia;SUL (NBS - ILHEUS);Jequié
291810;2913;29;BA;Bahia;NORTE - (NRS - JUAZEIRO);Jeremoabo
291820;2915;29;BA;Bahia;LESTE - (NRS - SALVADOR);Jiquiriçá
291830;2910;29;BA;Bahia;SUL (NBS - ILHEUS);Jitaúna
291835;2918;29;BA;Bahia;CENTRO - NORTE (NRS - JACOBINA);João Dourado
291840;2913;29;BA;Bahia;NORTE - (NRS - JUAZEIRO);Juazeiro
291845;2916;29;BA;Bahia;EXTREMO SUL (NRS - TEIXEIRA FREITAS);Jucuruçu
291850;2918;29;BA;Bahia;CENTRO - NORTE (NRS - JACOBINA);Jussara
291855;2910;29;BA;Bahia;SUL (NBS - ILHEUS);Jussari
291860;2911;29;BA;Bahia;SUDOESTE (NBS - VITORIA CONQUISTA);Jussiape
291870;2910;29;BA;Bahia;SUL (NBS - ILHEUS);Lafaiete Coutinho
291875;2911;29;BA;Bahia;SUDOESTE (NBS - VITORIA CONQUISTA);Lagoa Real
291880;2915;29;BA;Bahia;LESTE - (NRS - SALVADOR);Laje
291890;2916;29;BA;Bahia;EXTREMO SUL (NRS - TEIXEIRA FREITAS);Lajedão
291900;2917;29;BA;Bahia;CENTRO-LESTE (NRS - FEIRA SANTANA);Lajedinho
291905;2910;29;BA;Bahia;SUL (NBS - ILHEUS);Lajedo do Tabocal
291910;2917;29;BA;Bahia;CENTRO-LESTE (NRS - FEIRA SANTANA);Lamarão
291915;2918;29;BA;Bahia;CENTRO - NORTE (NRS - JACOBINA);Lapão
291920;2915;29;BA;Bahia;LESTE - (NRS - SALVADOR);Lauro de Freitas
291930;2917;29;BA;Bahia;CENTRO-LESTE (NRS - FEIRA SANTANA);Lençóis
291940;2911;29;BA;Bahia;SUDOESTE (NBS - VITORIA CONQUISTA);Licínio de Almeida
291950;2911;29;BA;Bahia;SUDOESTE (NBS - VITORIA CONQUISTA);Livramento de Nossa Senhora
291955;2912;29;BA;Bahia;OESTE (NBS - BARREIRAS);Luís Eduardo Magalhães
291960;2917;29;BA;Bahia;CENTRO-LESTE (NRS - FEIRA SANTANA);Macajuba
291970;2911;29;BA;Bahia;SUDOESTE (NBS - VITORIA CONQUISTA);Macarani
291980;2911;29;BA;Bahia;SUDOESTE (NBS - VITORIA CONQUISTA);Macaúbas
291990;2913;29;BA;Bahia;NORTE - (NRS - JUAZEIRO);Macururé
291992;2915;29;BA;Bahia;LESTE - (NRS - SALVADOR);Madre de Deus
291995;2911;29;BA;Bahia;SUDOESTE (NBS - VITORIA CONQUISTA);Maetinga
292000;2911;29;BA;Bahia;SUDOESTE (NBS - VITORIA CONQUISTA);Maiquinique
292010;2918;29;BA;Bahia;CENTRO - NORTE (NRS - JACOBINA);Mairi
292020;2911;29;BA;Bahia;SUDOESTE (NBS - VITORIA CONQUISTA);Malhada
292030;2911;29;BA;Bahia;SUDOESTE (NBS - VITORIA CONQUISTA);Malhada de Pedras
292040;2910;29;BA;Bahia;SUL (NBS - ILHEUS);Manoel Vitorino
292045;2912;29;BA;Bahia;OESTE (NBS - BARREIRAS);Mansidão
292050;2910;29;BA;Bahia;SUL (NBS - ILHEUS);Maracás
292060;2915;29;BA;Bahia;LESTE - (NRS - SALVADOR);Maragogipe
292070;2910;29;BA;Bahia;SUL (NBS - ILHEUS);Maraú
292080;2917;29;BA;Bahia;CENTRO-LESTE (NRS - FEIRA SANTANA);Marcionílio Souza
292090;2910;29;BA;Bahia;SUL (NBS - ILHEUS);Mascote
292100;2915;29;BA;Bahia;LESTE - (NRS - SALVADOR);Mata de São João
292105;2911;29;BA;Bahia;SUDOESTE (NBS - VITORIA CONQUISTA);Matina
292110;2916;29;BA;Bahia;EXTREMO SUL (NRS - TEIXEIRA FREITAS);Medeiros Neto
292120;2918;29;BA;Bahia;CENTRO - NORTE (NRS - JACOBINA);Miguel Calmon
292130;2915;29;BA;Bahia;LESTE - (NRS - SALVADOR);Milagres
292140;2918;29;BA;Bahia;CENTRO - NORTE (NRS - JACOBINA);Mirangaba
292145;2911;29;BA;Bahia;SUDOESTE (NBS - VITORIA CONQUISTA);Mirante
292150;2917;29;BA;Bahia;CENTRO-LESTE (NRS - FEIRA SANTANA);Monte Santo
292160;2912;29;BA;Bahia;OESTE (NBS - BARREIRAS);Morpará
292170;2918;29;BA;Bahia;CENTRO - NORTE (NRS - JACOBINA);Morro do Chapéu
292180;2911;29;BA;Bahia;SUDOESTE (NBS - VITORIA CONQUISTA);Mortugaba
292190;2917;29;BA;Bahia;CENTRO-LESTE (NRS - FEIRA SANTANA);Mucugê
292200;2916;29;BA;Bahia;EXTREMO SUL (NRS - TEIXEIRA FREITAS);Mucuri
292205;2918;29;BA;Bahia;CENTRO - NORTE (NRS - JACOBINA);Mulungu do Morro
292210;2917;29;BA;Bahia;CENTRO-LESTE (NRS - FEIRA SANTANA);Mundo Novo
292220;2915;29;BA;Bahia;LESTE - (NRS - SALVADOR);Muniz Ferreira
292225;2912;29;BA;Bahia;OESTE (NBS - BARREIRAS);Muquém do São Francisco
292230;2915;29;BA;Bahia;LESTE - (NRS - SALVADOR);Muritiba
292240;2915;29;BA;Bahia;LESTE - (NRS - SALVADOR);Mutuípe
292250;2915;29;BA;Bahia;LESTE - (NRS - SALVADOR);Nazaré
292260;2910;29;BA;Bahia;SUL (NBS - ILHEUS);Nilo Peçanha
292265;2917;29;BA;Bahia;CENTRO-LESTE (NRS - FEIRA SANTANA);Nordestina
292270;2911;29;BA;Bahia;SUDOESTE (NBS - VITORIA CONQUISTA);Nova Canaã
292273;2917;29;BA;Bahia;CENTRO-LESTE (NRS - FEIRA SANTANA);Nova Fátima
292275;2910;29;BA;Bahia;SUL (NBS - ILHEUS);Nova Ibiá
292280;2910;29;BA;Bahia;SUL (NBS - ILHEUS);Nova Itarana
292285;2917;29;BA;Bahia;CENTRO-LESTE (NRS - FEIRA SANTANA);Nova Redenção
292290;2914;29;BA;Bahia;NORDESTE (NRS - ALAGOINHAS);Nova Soure
292300;2916;29;BA;Bahia;EXTREMO SUL (NRS - TEIXEIRA FREITAS);Nova Viçosa
292303;2917;29;BA;Bahia;CENTRO-LESTE (NRS - FEIRA SANTANA);Novo Horizonte
292305;2914;29;BA;Bahia;NORDESTE (NRS - ALAGOINHAS);Novo Triunfo
292310;2914;29;BA;Bahia;NORDESTE (NRS - ALAGOINHAS);Olindina
292320;2912;29;BA;Bahia;OESTE (NBS - BARREIRAS);Oliveira dos Brejinhos
292330;2914;29;BA;Bahia;NORDESTE (NRS - ALAGOINHAS);Ouriçangas
292335;2918;29;BA;Bahia;CENTRO - NORTE (NRS - JACOBINA);Ourolândia
292340;2911;29;BA;Bahia;SUDOESTE (NBS - VITORIA CONQUISTA);Palmas de Monte Alto
292350;2917;29;BA;Bahia;CENTRO-LESTE (NRS - FEIRA SANTANA);Palmeiras
292360;2911;29;BA;Bahia;SUDOESTE (NBS - VITORIA CONQUISTA);Paramirim
292370;2912;29;BA;Bahia;OESTE (NBS - BARREIRAS);Paratinga
292380;2914;29;BA;Bahia;NORDESTE (NRS - ALAGOINHAS);Paripiranga
292390;2910;29;BA;Bahia;SUL (NBS - ILHEUS);Pau Brasil
292400;2913;29;BA;Bahia;NORTE - (NRS - JUAZEIRO);Paulo Afonso
292405;2917;29;BA;Bahia;CENTRO-LESTE (NRS - FEIRA SANTANA);Pé de Serra
292410;2914;29;BA;Bahia;NORDESTE (NRS - ALAGOINHAS);Pedrão
292420;2913;29;BA;Bahia;NORTE - (NRS - JUAZEIRO);Pedro Alexandre
292430;2917;29;BA;Bahia;CENTRO-LESTE (NRS - FEIRA SANTANA);Piatã
292440;2913;29;BA;Bahia;NORTE - (NRS - JUAZEIRO);Pilão Arcado
292450;2911;29;BA;Bahia;SUDOESTE (NBS - VITORIA CONQUISTA);Pindaí
292460;2913;29;BA;Bahia;NORTE - (NRS - JUAZEIRO);Pindobaçu
292465;2917;29;BA;Bahia;CENTRO-LESTE (NRS - FEIRA SANTANA);Pintadas
292467;2910;29;BA;Bahia;SUL (NBS - ILHEUS);Piraí do Norte
292470;2911;29;BA;Bahia;SUDOESTE (NBS - VITORIA CONQUISTA);Piripá
292480;2918;29;BA;Bahia;CENTRO - NORTE (NRS - JACOBINA);Piritiba
292490;2910;29;BA;Bahia;SUL (NBS - ILHEUS);Planaltino
292500;2911;29;BA;Bahia;SUDOESTE (NBS - VITORIA CONQUISTA);Planalto
292510;2911;29;BA;Bahia;SUDOESTE (NBS - VITORIA CONQUISTA);Poções
292520;2915;29;BA;Bahia;LESTE - (NRS - SALVADOR);Pojuca
292525;2913;29;BA;Bahia;NORTE - (NRS - JUAZEIRO);Ponto Novo
292530;2916;29;BA;Bahia;EXTREMO SUL (NRS - TEIXEIRA FREITAS);Porto Seguro
292540;2911;29;BA;Bahia;SUDOESTE (NBS - VITORIA CONQUISTA);Potiraguá
292550;2916;29;BA;Bahia;EXTREMO SUL (NRS - TEIXEIRA FREITAS);Prado
292560;2918;29;BA;Bahia;CENTRO - NORTE (NRS - JACOBINA);Presidente Dutra
292570;2911;29;BA;Bahia;SUDOESTE (NBS - VITORIA CONQUISTA);Presidente Jânio Quadros
292575;2915;29;BA;Bahia;LESTE - (NRS - SALVADOR);Presidente Tancredo Neves
292580;2917;29;BA;Bahia;CENTRO-LESTE (NRS - FEIRA SANTANA);Queimadas
292590;2917;29;BA;Bahia;CENTRO-LESTE (NRS - FEIRA SANTANA);Quijingue
292593;2918;29;BA;Bahia;CENTRO - NORTE (NRS - JACOBINA);Quixabeira
292595;2917;29;BA;Bahia;CENTRO-LESTE (NRS - FEIRA SANTANA);Rafael Jambeiro
292600;2913;29;BA;Bahia;NORTE - (NRS - JUAZEIRO);Remanso
292610;2917;29;BA;Bahia;CENTRO-LESTE (NRS - FEIRA SANTANA);Retirolândia
292620;2912;29;BA;Bahia;OESTE (NBS - BARREIRAS);Riachão das Neves
292630;2917;29;BA;Bahia;CENTRO-LESTE (NRS - FEIRA SANTANA);Riachão do Jacuípe
292640;2911;29;BA;Bahia;SUDOESTE (NBS - VITORIA CONQUISTA);Riacho de Santana
292650;2914;29;BA;Bahia;NORDESTE (NRS - ALAGOINHAS);Ribeira do Amparo
292660;2914;29;BA;Bahia;NORDESTE (NRS - ALAGOINHAS);Ribeira do Pombal
292665;2911;29;BA;Bahia;SUDOESTE (NBS - VITORIA CONQUISTA);Ribeirão do Largo
292670;2911;29;BA;Bahia;SUDOESTE (NBS - VITORIA CONQUISTA);Rio de Contas
292680;2911;29;BA;Bahia;SUDOESTE (NBS - VITORIA CONQUISTA);Rio do Antônio
292690;2911;29;BA;Bahia;SUDOESTE (NBS - VITORIA CONQUISTA);Rio do Pires
292700;2914;29;BA;Bahia;NORDESTE (NRS - ALAGOINHAS);Rio Real
292710;2913;29;BA;Bahia;NORTE - (NRS - JUAZEIRO);Rodelas
292720;2917;29;BA;Bahia;CENTRO-LESTE (NRS - FEIRA SANTANA);Ruy Barbosa
292730;2915;29;BA;Bahia;LESTE - (NRS - SALVADOR);Salinas da Margarida
292740;2915;29;BA;Bahia;LESTE - (NRS - SALVADOR);Salvador
292750;2917;29;BA;Bahia;CENTRO-LESTE (NRS - FEIRA SANTANA);Santa Bárbara
292760;2913;29;BA;Bahia;NORTE - (NRS - JUAZEIRO);Santa Brígida
292770;2916;29;BA;Bahia;EXTREMO SUL (NRS - TEIXEIRA FREITAS);Santa Cruz Cabrália
292780;2910;29;BA;Bahia;SUL (NBS - ILHEUS);Santa Cruz da Vitória
292790;2910;29;BA;Bahia;SUL (NBS - ILHEUS);Santa Inês
292800;2917;29;BA;Bahia;CENTRO-LESTE (NRS - FEIRA SANTANA);Santaluz
292805;2910;29;BA;Bahia;SUL (NBS - ILHEUS);Santa Luzia
292810;2912;29;BA;Bahia;OESTE (NBS - BARREIRAS);Santa Maria da Vitória
292820;2912;29;BA;Bahia;OESTE (NBS - BARREIRAS);Santana
292830;2917;29;BA;Bahia;CENTRO-LESTE (NRS - FEIRA SANTANA);Santanópolis
292840;2912;29;BA;Bahia;OESTE (NBS - BARREIRAS);Santa Rita de Cássia
292850;2915;29;BA;Bahia;LESTE - (NRS - SALVADOR);Santa Terezinha
292860;2915;29;BA;Bahia;LESTE - (NRS - SALVADOR);Santo Amaro
292870;2915;29;BA;Bahia;LESTE - (NRS - SALVADOR);Santo Antônio de Jesus
292880;2917;29;BA;Bahia;CENTRO-LESTE (NRS - FEIRA SANTANA);Santo Estêvão
292890;2912;29;BA;Bahia;OESTE (NBS - BARREIRAS);São Desidério
292895;2917;29;BA;Bahia;CENTRO-LESTE (NRS - FEIRA SANTANA);São Domingos
292900;2915;29;BA;Bahia;LESTE - (NRS - SALVADOR);São Félix
292905;2912;29;BA;Bahia;OESTE (NBS - BARREIRAS);São Félix do Coribe
292910;2915;29;BA;Bahia;LESTE - (NRS - SALVADOR);São Felipe
292920;2915;29;BA;Bahia;LESTE - (NRS - SALVADOR);São Francisco do Conde
292925;2918;29;BA;Bahia;CENTRO - NORTE (NRS - JACOBINA);São Gabriel
292930;2917;29;BA;Bahia;CENTRO-LESTE (NRS - FEIRA SANTANA);São Gonçalo dos Campos
292935;2910;29;BA;Bahia;SUL (NBS - ILHEUS);São José da Vitória
292937;2918;29;BA;Bahia;CENTRO - NORTE (NRS - JACOBINA);São José do Jacuípe
292940;2915;29;BA;Bahia;LESTE - (NRS - SALVADOR);São Miguel das Matas
292950;2915;29;BA;Bahia;LESTE - (NRS - SALVADOR);São Sebastião do Passé
292960;2915;29;BA;Bahia;LESTE - (NRS - SALVADOR);Sapeaçu
292970;2914;29;BA;Bahia;NORDESTE (NRS - ALAGOINHAS);Sátiro Dias
292975;2915;29;BA;Bahia;LESTE - (NRS - SALVADOR);Saubara
292980;2918;29;BA;Bahia;CENTRO - NORTE (NRS - JACOBINA);Saúde
292990;2917;29;BA;Bahia;CENTRO-LESTE (NRS - FEIRA SANTANA);Seabra
293000;2911;29;BA;Bahia;SUDOESTE (NBS - VITORIA CONQUISTA);Sebastião Laranjeiras
293010;2913;29;BA;Bahia;NORTE - (NRS - JUAZEIRO);Senhor do Bonfim
293015;2912;29;BA;Bahia;OESTE (NBS - BARREIRAS);Serra do Ramalho
293020;2913;29;BA;Bahia;NORTE - (NRS - JUAZEIRO);Sento Sé
293030;2912;29;BA;Bahia;OESTE (NBS - BARREIRAS);Serra Dourada
293040;2917;29;BA;Bahia;CENTRO-LESTE (NRS - FEIRA SANTANA);Serra Preta
293050;2917;29;BA;Bahia;CENTRO-LESTE (NRS - FEIRA SANTANA);Serrinha
293060;2918;29;BA;Bahia;CENTRO - NORTE (NRS - JACOBINA);Serrolândia
293070;2915;29;BA;Bahia;LESTE - (NRS - SALVADOR);Simões Filho
293075;2912;29;BA;Bahia;OESTE (NBS - BARREIRAS);Sítio do Mato
293076;2914;29;BA;Bahia;NORDESTE (NRS - ALAGOINHAS);Sítio do Quinto
293077;2913;29;BA;Bahia;NORTE - (NRS - JUAZEIRO);Sobradinho
293080;2917;29;BA;Bahia;CENTRO-LESTE (NRS - FEIRA SANTANA);Souto Soares
293090;2912;29;BA;Bahia;OESTE (NBS - BARREIRAS);Tabocas do Brejo Velho
293100;2911;29;BA;Bahia;SUDOESTE (NBS - VITORIA CONQUISTA);Tanhaçu
293105;2911;29;BA;Bahia;SUDOESTE (NBS - VITORIA CONQUISTA);Tanque Novo
293110;2917;29;BA;Bahia;CENTRO-LESTE (NRS - FEIRA SANTANA);Tanquinho
293120;2910;29;BA;Bahia;SUL (NBS - ILHEUS);Taperoá
293130;2918;29;BA;Bahia;CENTRO - NORTE (NRS - JACOBINA);Tapiramutá
293135;2916;29;BA;Bahia;EXTREMO SUL (NRS - TEIXEIRA FREITAS);Teixeira de Freitas
293140;2917;29;BA;Bahia;CENTRO-LESTE (NRS - FEIRA SANTANA);Teodoro Sampaio
293150;2917;29;BA;Bahia;CENTRO-LESTE (NRS - FEIRA SANTANA);Teofilândia
293160;2915;29;BA;Bahia;LESTE - (NRS - SALVADOR);Teolândia
293170;2917;29;BA;Bahia;CENTRO-LESTE (NRS - FEIRA SANTANA);Terra Nova
293180;2911;29;BA;Bahia;SUDOESTE (NBS - VITORIA CONQUISTA);Tremedal
293190;2914;29;BA;Bahia;NORDESTE (NRS - ALAGOINHAS);Tucano
293200;2913;29;BA;Bahia;NORTE - (NRS - JUAZEIRO);Uauá
293210;2915;29;BA;Bahia;LESTE - (NRS - SALVADOR);Ubaíra
293220;2910;29;BA;Bahia;SUL (NBS - ILHEUS);Ubaitaba
293230;2910;29;BA;Bahia;SUL (NBS - ILHEUS);Ubatã
293240;2918;29;BA;Bahia;CENTRO - NORTE (NRS - JACOBINA);Uibaí
293245;2918;29;BA;Bahia;CENTRO - NORTE (NRS - JACOBINA);Umburanas
293250;2910;29;BA;Bahia;SUL (NBS - ILHEUS);Una
293260;2911;29;BA;Bahia;SUDOESTE (NBS - VITORIA CONQUISTA);Urandi
293270;2910;29;BA;Bahia;SUL (NBS - ILHEUS);Uruçuca
293280;2917;29;BA;Bahia;CENTRO-LESTE (NRS - FEIRA SANTANA);Utinga
293290;2910;29;BA;Bahia;SUL (NBS - ILHEUS);Valença
293300;2917;29;BA;Bahia;CENTRO-LESTE (NRS - FEIRA SANTANA);Valente
293305;2918;29;BA;Bahia;CENTRO - NORTE (NRS - JACOBINA);Várzea da Roça
293310;2918;29;BA;Bahia;CENTRO - NORTE (NRS - JACOBINA);Várzea do Poço
293315;2918;29;BA;Bahia;CENTRO - NORTE (NRS - JACOBINA);Várzea Nova
293317;2915;29;BA;Bahia;LESTE - (NRS - SALVADOR);Varzedo
293320;2915;29;BA;Bahia;LESTE - (NRS - SALVADOR);Vera Cruz
293325;2916;29;BA;Bahia;EXTREMO SUL (NRS - TEIXEIRA FREITAS);Vereda
293330;2911;29;BA;Bahia;SUDOESTE (NBS - VITORIA CONQUISTA);Vitória da Conquista
293340;2917;29;BA;Bahia;CENTRO-LESTE (NRS - FEIRA SANTANA);Wagner
293345;2912;29;BA;Bahia;OESTE (NBS - BARREIRAS);Wanderley
293350;2910;29;BA;Bahia;SUL (NBS - ILHEUS);Wenceslau Guimarães
293360;2918;29;BA;Bahia;CENTRO - NORTE (NRS - JACOBINA);Xique-Xique
310010;3113;31;MG;Minas Gerais;TRIANGULO DO NORTE;Abadia dos Dourados
310020;3103;31;MG;Minas Gerais;CENTRO;Abaeté
310030;3110;31;MG;Minas Gerais;LESTE DO SUL;Abre Campo
310040;3110;31;MG;Minas Gerais;LESTE DO SUL;Acaiaca
310050;3114;31;MG;Minas Gerais;VALE DO ACO;Açucena
310060;3106;31;MG;Minas Gerais;LESTE;Água Boa
310070;3112;31;MG;Minas Gerais;TRIANGULO DO SUL;Água Comprida
310080;3105;31;MG;Minas Gerais;OESTE;Aguanil
310090;3111;31;MG;Minas Gerais;NORDESTE;Águas Formosas
310100;3111;31;MG;Minas Gerais;NORDESTE;Águas Vermelhas
310110;3106;31;MG;Minas Gerais;LESTE;Aimorés
310120;3101;31;MG;Minas Gerais;SUL;Aiuruoca
310130;3101;31;MG;Minas Gerais;SUL;Alagoa
310140;3115;31;MG;Minas Gerais;EXTREMO SUL;Albertina
310150;3107;31;MG;Minas Gerais;SUDESTE;Além Paraíba
310160;3116;31;MG;Minas Gerais;SUDOESTE;Alfenas
310163;3102;31;MG;Minas Gerais;CENTRO SUL;Alfredo Vasconcelos
310170;3111;31;MG;Minas Gerais;NORDESTE;Almenara
310180;3106;31;MG;Minas Gerais;LESTE;Alpercata
310190;3116;31;MG;Minas Gerais;SUDOESTE;Alpinópolis
310200;3116;31;MG;Minas Gerais;SUDOESTE;Alterosa
310205;3110;31;MG;Minas Gerais;LESTE DO SUL;Alto Caparaó
310210;3102;31;MG;Minas Gerais;CENTRO SUL;Alto Rio Doce
310220;3106;31;MG;Minas Gerais;LESTE;Alvarenga
310230;3110;31;MG;Minas Gerais;LESTE DO SUL;Alvinópolis
310240;3104;31;MG;Minas Gerais;JEQUITINHONHA;Alvorada de Minas
310250;3110;31;MG;Minas Gerais;LESTE DO SUL;Amparo do Serra
310260;3115;31;MG;Minas Gerais;EXTREMO SUL;Andradas
310270;3111;31;MG;Minas Gerais;NORDESTE;Cachoeira de Pajeú
310280;3107;31;MG;Minas Gerais;SUDESTE;Andrelândia
310285;3111;31;MG;Minas Gerais;NORDESTE;Angelândia
310290;3102;31;MG;Minas Gerais;CENTRO SUL;Antônio Carlos
310300;3114;31;MG;Minas Gerais;VALE DO ACO;Antônio Dias
310310;3107;31;MG;Minas Gerais;SUDESTE;Antônio Prado de Minas
310320;3103;31;MG;Minas Gerais;CENTRO;Araçaí
310330;3107;31;MG;Minas Gerais;SUDESTE;Aracitaba
310340;3104;31;MG;Minas Gerais;JEQUITINHONHA;Araçuaí
310350;3113;31;MG;Minas Gerais;TRIANGULO DO NORTE;Araguari
310360;3107;31;MG;Minas Gerais;SUDESTE;Arantina
310370;3110;31;MG;Minas Gerais;LESTE DO SUL;Araponga
310375;3113;31;MG;Minas Gerais;TRIANGULO DO NORTE;Araporã
310380;3109;31;MG;Minas Gerais;NOROESTE;Arapuá
310390;3105;31;MG;Minas Gerais;OESTE;Araújos
310400;3112;31;MG;Minas Gerais;TRIANGULO DO SUL;Araxá
310410;3116;31;MG;Minas Gerais;SUDOESTE;Arceburgo
310420;3105;31;MG;Minas Gerais;OESTE;Arcos
310430;3116;31;MG;Minas Gerais;SUDOESTE;Areado
310440;3107;31;MG;Minas Gerais;SUDESTE;Argirita
310445;3104;31;MG;Minas Gerais;JEQUITINHONHA;Aricanduva
310450;3109;31;MG;Minas Gerais;NOROESTE;Arinos
310460;3107;31;MG;Minas Gerais;SUDESTE;Astolfo Dutra
310470;3111;31;MG;Minas Gerais;NORDESTE;Ataléia
310480;3103;31;MG;Minas Gerais;CENTRO;Augusto de Lima
310490;3101;31;MG;Minas Gerais;SUL;Baependi
310500;3103;31;MG;Minas Gerais;CENTRO;Baldim
310510;3105;31;MG;Minas Gerais;OESTE;Bambuí
310520;3111;31;MG;Minas Gerais;NORDESTE;Bandeira
310530;3116;31;MG;Minas Gerais;SUDOESTE;Bandeira do Sul
310540;3103;31;MG;Minas Gerais;CENTRO;Barão de Cocais
310550;3107;31;MG;Minas Gerais;SUDESTE;Barão de Monte Alto
310560;3102;31;MG;Minas Gerais;CENTRO SUL;Barbacena
310570;3110;31;MG;Minas Gerais;LESTE DO SUL;Barra Longa
310590;3102;31;MG;Minas Gerais;CENTRO SUL;Barroso
310600;3103;31;MG;Minas Gerais;CENTRO;Bela Vista de Minas
310610;3107;31;MG;Minas Gerais;SUDESTE;Belmiro Braga
310620;3103;31;MG;Minas Gerais;CENTRO;Belo Horizonte
310630;3114;31;MG;Minas Gerais;VALE DO ACO;Belo Oriente
310640;3103;31;MG;Minas Gerais;CENTRO;Belo Vale
310650;3104;31;MG;Minas Gerais;JEQUITINHONHA;Berilo
310660;3111;31;MG;Minas Gerais;NORDESTE;Bertópolis
310665;3108;31;MG;Minas Gerais;NORTE;Berizal
310670;3103;31;MG;Minas Gerais;CENTRO;Betim
310680;3107;31;MG;Minas Gerais;SUDESTE;Bias Fortes
310690;3107;31;MG;Minas Gerais;SUDESTE;Bicas
310700;3103;31;MG;Minas Gerais;CENTRO;Biquinhas
310710;3101;31;MG;Minas Gerais;SUL;Boa Esperança
310720;3107;31;MG;Minas Gerais;SUDESTE;Bocaina de Minas
310730;3108;31;MG;Minas Gerais;NORTE;Bocaiúva
310740;3105;31;MG;Minas Gerais;OESTE;Bom Despacho
310750;3107;31;MG;Minas Gerais;SUDESTE;Bom Jardim de Minas
310760;3116;31;MG;Minas Gerais;SUDOESTE;Bom Jesus da Penha
310770;3103;31;MG;Minas Gerais;CENTRO;Bom Jesus do Amparo
310780;3114;31;MG;Minas Gerais;VALE DO ACO;Bom Jesus do Galho
310790;3115;31;MG;Minas Gerais;EXTREMO SUL;Bom Repouso
310800;3102;31;MG;Minas Gerais;CENTRO SUL;Bom Sucesso
310810;3103;31;MG;Minas Gerais;CENTRO;Bonfim
310820;3109;31;MG;Minas Gerais;NOROESTE;Bonfinópolis de Minas
310825;3108;31;MG;Minas Gerais;NORTE;Bonito de Minas
310830;3115;31;MG;Minas Gerais;EXTREMO SUL;Borda da Mata
310840;3116;31;MG;Minas Gerais;SUDOESTE;Botelhos
310850;3108;31;MG;Minas Gerais;NORTE;Botumirim
310855;3109;31;MG;Minas Gerais;NOROESTE;Brasilândia de Minas
310860;3108;31;MG;Minas Gerais;NORTE;Brasília de Minas
310870;3107;31;MG;Minas Gerais;SUDESTE;Brás Pires
310880;3114;31;MG;Minas Gerais;VALE DO ACO;Braúnas
310890;3115;31;MG;Minas Gerais;EXTREMO SUL;Brazópolis
310900;3103;31;MG;Minas Gerais;CENTRO;Brumadinho
310910;3115;31;MG;Minas Gerais;EXTREMO SUL;Bueno Brandão
310920;3103;31;MG;Minas Gerais;CENTRO;Buenópolis
310925;3114;31;MG;Minas Gerais;VALE DO ACO;Bugre
310930;3109;31;MG;Minas Gerais;NOROESTE;Buritis
310940;3108;31;MG;Minas Gerais;NORTE;Buritizeiro
310945;3109;31;MG;Minas Gerais;NOROESTE;Cabeceira Grande
310950;3116;31;MG;Minas Gerais;SUDOESTE;Cabo Verde
310960;3103;31;MG;Minas Gerais;CENTRO;Cachoeira da Prata
310970;3115;31;MG;Minas Gerais;EXTREMO SUL;Cachoeira de Minas
310980;3113;31;MG;Minas Gerais;TRIANGULO DO NORTE;Cachoeira Dourada
310990;3103;31;MG;Minas Gerais;CENTRO;Caetanópolis
311000;3103;31;MG;Minas Gerais;CENTRO;Caeté
311010;3107;31;MG;Minas Gerais;SUDESTE;Caiana
311020;3110;31;MG;Minas Gerais;LESTE DO SUL;Cajuri
311030;3115;31;MG;Minas Gerais;EXTREMO SUL;Caldas
311040;3105;31;MG;Minas Gerais;OESTE;Camacho
311050;3115;31;MG;Minas Gerais;EXTREMO SUL;Camanducaia
311060;3115;31;MG;Minas Gerais;EXTREMO SUL;Cambuí
311070;3101;31;MG;Minas Gerais;SUL;Cambuquira
311080;3111;31;MG;Minas Gerais;NORDESTE;Campanário
311090;3101;31;MG;Minas Gerais;SUL;Campanha
311100;3116;31;MG;Minas Gerais;SUDOESTE;Campestre
311110;3113;31;MG;Minas Gerais;TRIANGULO DO NORTE;Campina Verde
311115;3108;31;MG;Minas Gerais;NORTE;Campo Azul
311120;3105;31;MG;Minas Gerais;OESTE;Campo Belo
311130;3116;31;MG;Minas Gerais;SUDOESTE;Campo do Meio
311140;3112;31;MG;Minas Gerais;TRIANGULO DO SUL;Campo Florido
311150;3112;31;MG;Minas Gerais;TRIANGULO DO SUL;Campos Altos
311160;3116;31;MG;Minas Gerais;SUDOESTE;Campos Gerais
311170;3110;31;MG;Minas Gerais;LESTE DO SUL;Canaã
311180;3113;31;MG;Minas Gerais;TRIANGULO DO NORTE;Canápolis
311190;3105;31;MG;Minas Gerais;OESTE;Cana Verde
311200;3105;31;MG;Minas Gerais;OESTE;Candeias
311205;3106;31;MG;Minas Gerais;LESTE;Cantagalo
311210;3107;31;MG;Minas Gerais;SUDESTE;Caparaó
311220;3102;31;MG;Minas Gerais;CENTRO SUL;Capela Nova
311230;3104;31;MG;Minas Gerais;JEQUITINHONHA;Capelinha
311240;3116;31;MG;Minas Gerais;SUDOESTE;Capetinga
311250;3103;31;MG;Minas Gerais;CENTRO;Capim Branco
311260;3113;31;MG;Minas Gerais;TRIANGULO DO NORTE;Capinópolis
311265;3106;31;MG;Minas Gerais;LESTE;Capitão Andrade
311270;3108;31;MG;Minas Gerais;NORTE;Capitão Enéas
311280;3116;31;MG;Minas Gerais;SUDOESTE;Capitólio
311290;3110;31;MG;Minas Gerais;LESTE DO SUL;Caputira
311300;3111;31;MG;Minas Gerais;NORDESTE;Caraí
311310;3102;31;MG;Minas Gerais;CENTRO SUL;Caranaíba
311320;3102;31;MG;Minas Gerais;CENTRO SUL;Carandaí
311330;3107;31;MG;Minas Gerais;SUDESTE;Carangola
311340;3114;31;MG;Minas Gerais;VALE DO ACO;Caratinga
311350;3104;31;MG;Minas Gerais;JEQUITINHONHA;Carbonita
311360;3115;31;MG;Minas Gerais;EXTREMO SUL;Careaçu
311370;3111;31;MG;Minas Gerais;NORDESTE;Carlos Chagas
311380;3103;31;MG;Minas Gerais;CENTRO;Carmésia
311390;3101;31;MG;Minas Gerais;SUL;Carmo da Cachoeira
311400;3105;31;MG;Minas Gerais;OESTE;Carmo da Mata
311410;3101;31;MG;Minas Gerais;SUL;Carmo de Minas
311420;3105;31;MG;Minas Gerais;OESTE;Carmo do Cajuru
311430;3109;31;MG;Minas Gerais;NOROESTE;Carmo do Paranaíba
311440;3116;31;MG;Minas Gerais;SUDOESTE;Carmo do Rio Claro
311450;3105;31;MG;Minas Gerais;OESTE;Carmópolis de Minas
311455;3112;31;MG;Minas Gerais;TRIANGULO DO SUL;Carneirinho
311460;3101;31;MG;Minas Gerais;SUL;Carrancas
311470;3116;31;MG;Minas Gerais;SUDOESTE;Carvalhópolis
311480;3101;31;MG;Minas Gerais;SUL;Carvalhos
311490;3102;31;MG;Minas Gerais;CENTRO SUL;Casa Grande
311500;3113;31;MG;Minas Gerais;TRIANGULO DO NORTE;Cascalho Rico
311510;3116;31;MG;Minas Gerais;SUDOESTE;Cássia
311520;3102;31;MG;Minas Gerais;CENTRO SUL;Conceição da Barra de Minas
311530;3107;31;MG;Minas Gerais;SUDESTE;Cataguases
311535;3103;31;MG;Minas Gerais;CENTRO;Catas Altas
311540;3102;31;MG;Minas Gerais;CENTRO SUL;Catas Altas da Noruega
311545;3111;31;MG;Minas Gerais;NORDESTE;Catuji
311547;3108;31;MG;Minas Gerais;NORTE;Catuti
311550;3101;31;MG;Minas Gerais;SUL;Caxambu
311560;3103;31;MG;Minas Gerais;CENTRO;Cedro do Abaeté
311570;3106;31;MG;Minas Gerais;LESTE;Central de Minas
311580;3113;31;MG;Minas Gerais;TRIANGULO DO NORTE;Centralina
311590;3107;31;MG;Minas Gerais;SUDESTE;Chácara
311600;3110;31;MG;Minas Gerais;LESTE DO SUL;Chalé
311610;3104;31;MG;Minas Gerais;JEQUITINHONHA;Chapada do Norte
311615;3109;31;MG;Minas Gerais;NOROESTE;Chapada Gaúcha
311620;3107;31;MG;Minas Gerais;SUDESTE;Chiador
311630;3102;31;MG;Minas Gerais;CENTRO SUL;Cipotânea
311640;3116;31;MG;Minas Gerais;SUDOESTE;Claraval
311650;3108;31;MG;Minas Gerais;NORTE;Claro dos Poções
311660;3105;31;MG;Minas Gerais;OESTE;Cláudio
311670;3107;31;MG;Minas Gerais;SUDESTE;Coimbra
311680;3104;31;MG;Minas Gerais;JEQUITINHONHA;Coluna
311690;3112;31;MG;Minas Gerais;TRIANGULO DO SUL;Comendador Gomes
311700;3111;31;MG;Minas Gerais;NORDESTE;Comercinho
311710;3116;31;MG;Minas Gerais;SUDOESTE;Conceição da Aparecida
311720;3115;31;MG;Minas Gerais;EXTREMO SUL;Conceição das Pedras
311730;3112;31;MG;Minas Gerais;TRIANGULO DO SUL;Conceição das Alagoas
311740;3110;31;MG;Minas Gerais;LESTE DO SUL;Conceição de Ipanema
311750;3104;31;MG;Minas Gerais;JEQUITINHONHA;Conceição do Mato Dentro
311760;3105;31;MG;Minas Gerais;OESTE;Conceição do Pará
311770;3101;31;MG;Minas Gerais;SUL;Conceição do Rio Verde
311780;3115;31;MG;Minas Gerais;EXTREMO SUL;Conceição dos Ouros
311783;3108;31;MG;Minas Gerais;NORTE;Cônego Marinho
311787;3103;31;MG;Minas Gerais;CENTRO;Confins
311790;3115;31;MG;Minas Gerais;EXTREMO SUL;Congonhal
311800;3102;31;MG;Minas Gerais;CENTRO SUL;Congonhas
311810;3104;31;MG;Minas Gerais;JEQUITINHONHA;Congonhas do Norte
311820;3112;31;MG;Minas Gerais;TRIANGULO DO SUL;Conquista
311830;3102;31;MG;Minas Gerais;CENTRO SUL;Conselheiro Lafaiete
311840;3106;31;MG;Minas Gerais;LESTE;Conselheiro Pena
311850;3115;31;MG;Minas Gerais;EXTREMO SUL;Consolação
311860;3103;31;MG;Minas Gerais;CENTRO;Contagem
311870;3101;31;MG;Minas Gerais;SUL;Coqueiral
311880;3108;31;MG;Minas Gerais;NORTE;Coração de Jesus
311890;3103;31;MG;Minas Gerais;CENTRO;Cordisburgo
311900;3101;31;MG;Minas Gerais;SUL;Cordislândia
311910;3103;31;MG;Minas Gerais;CENTRO;Corinto
311920;3106;31;MG;Minas Gerais;LESTE;Coroaci
311930;3113;31;MG;Minas Gerais;TRIANGULO DO NORTE;Coromandel
311940;3114;31;MG;Minas Gerais;VALE DO ACO;Coronel Fabriciano
311950;3104;31;MG;Minas Gerais;JEQUITINHONHA;Coronel Murta
311960;3107;31;MG;Minas Gerais;SUDESTE;Coronel Pacheco
311970;3102;31;MG;Minas Gerais;CENTRO SUL;Coronel Xavier Chaves
311980;3105;31;MG;Minas Gerais;OESTE;Córrego Danta
311990;3115;31;MG;Minas Gerais;EXTREMO SUL;Córrego do Bom Jesus
311995;3105;31;MG;Minas Gerais;OESTE;Córrego Fundo
312000;3114;31;MG;Minas Gerais;VALE DO ACO;Córrego Novo
312010;3104;31;MG;Minas Gerais;JEQUITINHONHA;Couto de Magalhães de Minas
312015;3111;31;MG;Minas Gerais;NORDESTE;Crisólita
312020;3105;31;MG;Minas Gerais;OESTE;Cristais
312030;3108;31;MG;Minas Gerais;NORTE;Cristália
312040;3102;31;MG;Minas Gerais;CENTRO SUL;Cristiano Otoni
312050;3101;31;MG;Minas Gerais;SUL;Cristina
312060;3103;31;MG;Minas Gerais;CENTRO;Crucilândia
312070;3109;31;MG;Minas Gerais;NOROESTE;Cruzeiro da Fortaleza
312080;3101;31;MG;Minas Gerais;SUL;Cruzília
312083;3106;31;MG;Minas Gerais;LESTE;Cuparaque
312087;3108;31;MG;Minas Gerais;NORTE;Curral de Dentro
312090;3103;31;MG;Minas Gerais;CENTRO;Curvelo
312100;3104;31;MG;Minas Gerais;JEQUITINHONHA;Datas
312110;3115;31;MG;Minas Gerais;EXTREMO SUL;Delfim Moreira
312120;3116;31;MG;Minas Gerais;SUDOESTE;Delfinópolis
312125;3112;31;MG;Minas Gerais;TRIANGULO DO SUL;Delta
312130;3107;31;MG;Minas Gerais;SUDESTE;Descoberto
312140;3102;31;MG;Minas Gerais;CENTRO SUL;Desterro de Entre Rios
312150;3102;31;MG;Minas Gerais;CENTRO SUL;Desterro do Melo
312160;3104;31;MG;Minas Gerais;JEQUITINHONHA;Diamantina
312170;3110;31;MG;Minas Gerais;LESTE DO SUL;Diogo de Vasconcelos
312180;3114;31;MG;Minas Gerais;VALE DO ACO;Dionísio
312190;3107;31;MG;Minas Gerais;SUDESTE;Divinésia
312200;3107;31;MG;Minas Gerais;SUDESTE;Divino
312210;3106;31;MG;Minas Gerais;LESTE;Divino das Laranjeiras
312220;3106;31;MG;Minas Gerais;LESTE;Divinolândia de Minas
312230;3105;31;MG;Minas Gerais;OESTE;Divinópolis
312235;3111;31;MG;Minas Gerais;NORDESTE;Divisa Alegre
312240;3116;31;MG;Minas Gerais;SUDOESTE;Divisa Nova
312245;3111;31;MG;Minas Gerais;NORDESTE;Divisópolis
312247;3109;31;MG;Minas Gerais;NOROESTE;Dom Bosco
312250;3114;31;MG;Minas Gerais;VALE DO ACO;Dom Cavati
312260;3103;31;MG;Minas Gerais;CENTRO;Dom Joaquim
312270;3110;31;MG;Minas Gerais;LESTE DO SUL;Dom Silvério
312280;3101;31;MG;Minas Gerais;SUL;Dom Viçoso
312290;3107;31;MG;Minas Gerais;SUDESTE;Dona Euzébia
312300;3102;31;MG;Minas Gerais;CENTRO SUL;Dores de Campos
312310;3103;31;MG;Minas Gerais;CENTRO;Dores de Guanhães
312320;3105;31;MG;Minas Gerais;OESTE;Dores do Indaiá
312330;3107;31;MG;Minas Gerais;SUDESTE;Dores do Turvo
312340;3116;31;MG;Minas Gerais;SUDOESTE;Doresópolis
312350;3113;31;MG;Minas Gerais;TRIANGULO DO NORTE;Douradoquara
312352;3110;31;MG;Minas Gerais;LESTE DO SUL;Durandé
312360;3101;31;MG;Minas Gerais;SUL;Elói Mendes
312370;3106;31;MG;Minas Gerais;LESTE;Engenheiro Caldas
312380;3108;31;MG;Minas Gerais;NORTE;Engenheiro Navarro
312385;3114;31;MG;Minas Gerais;VALE DO ACO;Entre Folhas
312390;3102;31;MG;Minas Gerais;CENTRO SUL;Entre Rios de Minas
312400;3107;31;MG;Minas Gerais;SUDESTE;Ervália
312410;3103;31;MG;Minas Gerais;CENTRO;Esmeraldas
312420;3107;31;MG;Minas Gerais;SUDESTE;Espera Feliz
312430;3108;31;MG;Minas Gerais;NORTE;Espinosa
312440;3115;31;MG;Minas Gerais;EXTREMO SUL;Espírito Santo do Dourado
312450;3115;31;MG;Minas Gerais;EXTREMO SUL;Estiva
312460;3107;31;MG;Minas Gerais;SUDESTE;Estrela Dalva
312470;3105;31;MG;Minas Gerais;OESTE;Estrela do Indaiá
312480;3113;31;MG;Minas Gerais;TRIANGULO DO NORTE;Estrela do Sul
312490;3107;31;MG;Minas Gerais;SUDESTE;Eugenópolis
312500;3107;31;MG;Minas Gerais;SUDESTE;Ewbank da Câmara
312510;3115;31;MG;Minas Gerais;EXTREMO SUL;Extrema
312520;3116;31;MG;Minas Gerais;SUDOESTE;Fama
312530;3107;31;MG;Minas Gerais;SUDESTE;Faria Lemos
312540;3104;31;MG;Minas Gerais;JEQUITINHONHA;Felício dos Santos
312550;3104;31;MG;Minas Gerais;JEQUITINHONHA;São Gonçalo do Rio Preto
312560;3111;31;MG;Minas Gerais;NORDESTE;Felisburgo
312570;3103;31;MG;Minas Gerais;CENTRO;Felixlândia
312580;3106;31;MG;Minas Gerais;LESTE;Fernandes Tourinho
312590;3103;31;MG;Minas Gerais;CENTRO;Ferros
312595;3107;31;MG;Minas Gerais;SUDESTE;Fervedouro
312600;3103;31;MG;Minas Gerais;CENTRO;Florestal
312610;3105;31;MG;Minas Gerais;OESTE;Formiga
312620;3109;31;MG;Minas Gerais;NOROESTE;Formoso
312630;3116;31;MG;Minas Gerais;SUDOESTE;Fortaleza de Minas
312640;3103;31;MG;Minas Gerais;CENTRO;Fortuna de Minas
312650;3104;31;MG;Minas Gerais;JEQUITINHONHA;Francisco Badaró
312660;3108;31;MG;Minas Gerais;NORTE;Francisco Dumont
312670;3108;31;MG;Minas Gerais;NORTE;Francisco Sá
312675;3111;31;MG;Minas Gerais;NORDESTE;Franciscópolis
312680;3111;31;MG;Minas Gerais;NORDESTE;Frei Gaspar
312690;3106;31;MG;Minas Gerais;LESTE;Frei Inocêncio
312695;3106;31;MG;Minas Gerais;LESTE;Frei Lagonegro
312700;3112;31;MG;Minas Gerais;TRIANGULO DO SUL;Fronteira
312705;3111;31;MG;Minas Gerais;NORDESTE;Fronteira dos Vales
312707;3108;31;MG;Minas Gerais;NORTE;Fruta de Leite
312710;3112;31;MG;Minas Gerais;TRIANGULO DO SUL;Frutal
312720;3103;31;MG;Minas Gerais;CENTRO;Funilândia
312730;3106;31;MG;Minas Gerais;LESTE;Galiléia
312733;3108;31;MG;Minas Gerais;NORTE;Gameleiras
312735;3108;31;MG;Minas Gerais;NORTE;Glaucilândia
312737;3106;31;MG;Minas Gerais;LESTE;Goiabeira
312738;3107;31;MG;Minas Gerais;SUDESTE;Goianá
312740;3115;31;MG;Minas Gerais;EXTREMO SUL;Gonçalves
312750;3106;31;MG;Minas Gerais;LESTE;Gonzaga
312760;3104;31;MG;Minas Gerais;JEQUITINHONHA;Gouveia
312770;3106;31;MG;Minas Gerais;LESTE;Governador Valadares
312780;3108;31;MG;Minas Gerais;NORTE;Grão Mogol
312790;3113;31;MG;Minas Gerais;TRIANGULO DO NORTE;Grupiara
312800;3103;31;MG;Minas Gerais;CENTRO;Guanhães
312810;3116;31;MG;Minas Gerais;SUDOESTE;Guapé
312820;3110;31;MG;Minas Gerais;LESTE DO SUL;Guaraciaba
312825;3108;31;MG;Minas Gerais;NORTE;Guaraciama
312830;3116;31;MG;Minas Gerais;SUDOESTE;Guaranésia
312840;3107;31;MG;Minas Gerais;SUDESTE;Guarani
312850;3107;31;MG;Minas Gerais;SUDESTE;Guarará
312860;3109;31;MG;Minas Gerais;NOROESTE;Guarda-Mor
312870;3116;31;MG;Minas Gerais;SUDOESTE;Guaxupé
312880;3107;31;MG;Minas Gerais;SUDESTE;Guidoval
312890;3109;31;MG;Minas Gerais;NOROESTE;Guimarânia
312900;3107;31;MG;Minas Gerais;SUDESTE;Guiricema
312910;3113;31;MG;Minas Gerais;TRIANGULO DO NORTE;Gurinhatã
312920;3115;31;MG;Minas Gerais;EXTREMO SUL;Heliodora
312930;3114;31;MG;Minas Gerais;VALE DO ACO;Iapu
312940;3102;31;MG;Minas Gerais;CENTRO SUL;Ibertioga
312950;3112;31;MG;Minas Gerais;TRIANGULO DO SUL;Ibiá
312960;3108;31;MG;Minas Gerais;NORTE;Ibiaí
312965;3108;31;MG;Minas Gerais;NORTE;Ibiracatu
312970;3116;31;MG;Minas Gerais;SUDOESTE;Ibiraci
312980;3103;31;MG;Minas Gerais;CENTRO;Ibirité
312990;3115;31;MG;Minas Gerais;EXTREMO SUL;Ibitiúra de Minas
313000;3102;31;MG;Minas Gerais;CENTRO SUL;Ibituruna
313005;3108;31;MG;Minas Gerais;NORTE;Icaraí de Minas
313010;3103;31;MG;Minas Gerais;CENTRO;Igarapé
313020;3105;31;MG;Minas Gerais;OESTE;Igaratinga
313030;3105;31;MG;Minas Gerais;OESTE;Iguatama
313040;3101;31;MG;Minas Gerais;SUL;Ijaci
313050;3101;31;MG;Minas Gerais;SUL;Ilicínea
313055;3114;31;MG;Minas Gerais;VALE DO ACO;Imbé de Minas
313060;3115;31;MG;Minas Gerais;EXTREMO SUL;Inconfidentes
313065;3108;31;MG;Minas Gerais;NORTE;Indaiabira
313070;3113;31;MG;Minas Gerais;TRIANGULO DO NORTE;Indianópolis
313080;3101;31;MG;Minas Gerais;SUL;Ingaí
313090;3114;31;MG;Minas Gerais;VALE DO ACO;Inhapim
313100;3103;31;MG;Minas Gerais;CENTRO;Inhaúma
313110;3103;31;MG;Minas Gerais;CENTRO;Inimutaba
313115;3114;31;MG;Minas Gerais;VALE DO ACO;Ipaba
313120;3110;31;MG;Minas Gerais;LESTE DO SUL;Ipanema
313130;3114;31;MG;Minas Gerais;VALE DO ACO;Ipatinga
313140;3113;31;MG;Minas Gerais;TRIANGULO DO NORTE;Ipiaçu
313150;3115;31;MG;Minas Gerais;EXTREMO SUL;Ipuiúna
313160;3113;31;MG;Minas Gerais;TRIANGULO DO NORTE;Iraí de Minas
313170;3103;31;MG;Minas Gerais;CENTRO;Itabira
313180;3106;31;MG;Minas Gerais;LESTE;Itabirinha
313190;3103;31;MG;Minas Gerais;CENTRO;Itabirito
313200;3108;31;MG;Minas Gerais;NORTE;Itacambira
313210;3108;31;MG;Minas Gerais;NORTE;Itacarambi
313220;3105;31;MG;Minas Gerais;OESTE;Itaguara
313230;3111;31;MG;Minas Gerais;NORDESTE;Itaipé
313240;3115;31;MG;Minas Gerais;EXTREMO SUL;Itajubá
313250;3104;31;MG;Minas Gerais;JEQUITINHONHA;Itamarandiba
313260;3107;31;MG;Minas Gerais;SUDESTE;Itamarati de Minas
313270;3111;31;MG;Minas Gerais;NORDESTE;Itambacuri
313280;3103;31;MG;Minas Gerais;CENTRO;Itambé do Mato Dentro
313290;3116;31;MG;Minas Gerais;SUDOESTE;Itamogi
313300;3101;31;MG;Minas Gerais;SUL;Itamonte
313310;3101;31;MG;Minas Gerais;SUL;Itanhandu
313320;3106;31;MG;Minas Gerais;LESTE;Itanhomi
313330;3111;31;MG;Minas Gerais;NORDESTE;Itaobim
313340;3112;31;MG;Minas Gerais;TRIANGULO DO SUL;Itapagipe
313350;3105;31;MG;Minas Gerais;OESTE;Itapecerica
313360;3115;31;MG;Minas Gerais;EXTREMO SUL;Itapeva
313370;3105;31;MG;Minas Gerais;OESTE;Itatiaiuçu
313375;3116;31;MG;Minas Gerais;SUDOESTE;Itaú de Minas
313380;3105;31;MG;Minas Gerais;OESTE;Itaúna
313390;3102;31;MG;Minas Gerais;CENTRO SUL;Itaverava
313400;3111;31;MG;Minas Gerais;NORDESTE;Itinga
313410;3106;31;MG;Minas Gerais;LESTE;Itueta
313420;3113;31;MG;Minas Gerais;TRIANGULO DO NORTE;Ituiutaba
313430;3101;31;MG;Minas Gerais;SUL;Itumirim
313440;3112;31;MG;Minas Gerais;TRIANGULO DO SUL;Iturama
313450;3101;31;MG;Minas Gerais;SUL;Itutinga
313460;3103;31;MG;Minas Gerais;CENTRO;Jaboticatubas
313470;3111;31;MG;Minas Gerais;NORDESTE;Jacinto
313480;3116;31;MG;Minas Gerais;SUDOESTE;Jacuí
313490;3115;31;MG;Minas Gerais;EXTREMO SUL;Jacutinga
313500;3114;31;MG;Minas Gerais;VALE DO ACO;Jaguaraçu
313505;3108;31;MG;Minas Gerais;NORTE;Jaíba
313507;3106;31;MG;Minas Gerais;LESTE;Jampruca
313510;3108;31;MG;Minas Gerais;NORTE;Janaúba
313520;3108;31;MG;Minas Gerais;NORTE;Januária
313530;3105;31;MG;Minas Gerais;OESTE;Japaraíba
313535;3108;31;MG;Minas Gerais;NORTE;Japonvar
313540;3102;31;MG;Minas Gerais;CENTRO SUL;Jeceaba
313545;3104;31;MG;Minas Gerais;JEQUITINHONHA;Jenipapo de Minas
313550;3110;31;MG;Minas Gerais;LESTE DO SUL;Jequeri
313560;3108;31;MG;Minas Gerais;NORTE;Jequitaí
313570;3103;31;MG;Minas Gerais;CENTRO;Jequitibá
313580;3111;31;MG;Minas Gerais;NORDESTE;Jequitinhonha
313590;3101;31;MG;Minas Gerais;SUL;Jesuânia
313600;3111;31;MG;Minas Gerais;NORDESTE;Joaíma
313610;3114;31;MG;Minas Gerais;VALE DO ACO;Joanésia
313620;3103;31;MG;Minas Gerais;CENTRO;João Monlevade
313630;3109;31;MG;Minas Gerais;NOROESTE;João Pinheiro
313640;3108;31;MG;Minas Gerais;NORTE;Joaquim Felício
313650;3111;31;MG;Minas Gerais;NORDESTE;Jordânia
313652;3104;31;MG;Minas Gerais;JEQUITINHONHA;José Gonçalves de Minas
313655;3106;31;MG;Minas Gerais;LESTE;José Raydan
313657;3108;31;MG;Minas Gerais;NORTE;Josenópolis
313660;3103;31;MG;Minas Gerais;CENTRO;Nova União
313665;3103;31;MG;Minas Gerais;CENTRO;Juatuba
313670;3107;31;MG;Minas Gerais;SUDESTE;Juiz de Fora
313680;3108;31;MG;Minas Gerais;NORTE;Juramento
313690;3116;31;MG;Minas Gerais;SUDOESTE;Juruaia
313695;3108;31;MG;Minas Gerais;NORTE;Juvenília
313700;3111;31;MG;Minas Gerais;NORDESTE;Ladainha
313710;3109;31;MG;Minas Gerais;NOROESTE;Lagamar
313720;3105;31;MG;Minas Gerais;OESTE;Lagoa da Prata
313730;3108;31;MG;Minas Gerais;NORTE;Lagoa dos Patos
313740;3102;31;MG;Minas Gerais;CENTRO SUL;Lagoa Dourada
313750;3109;31;MG;Minas Gerais;NOROESTE;Lagoa Formosa
313753;3109;31;MG;Minas Gerais;NOROESTE;Lagoa Grande
313760;3103;31;MG;Minas Gerais;CENTRO;Lagoa Santa
313770;3110;31;MG;Minas Gerais;LESTE DO SUL;Lajinha
313780;3101;31;MG;Minas Gerais;SUL;Lambari
313790;3102;31;MG;Minas Gerais;CENTRO SUL;Lamim
313800;3107;31;MG;Minas Gerais;SUDESTE;Laranjal
313810;3108;31;MG;Minas Gerais;NORTE;Lassance
313820;3101;31;MG;Minas Gerais;SUL;Lavras
313830;3105;31;MG;Minas Gerais;OESTE;Leandro Ferreira
313835;3104;31;MG;Minas Gerais;JEQUITINHONHA;Leme do Prado
313840;3107;31;MG;Minas Gerais;SUDESTE;Leopoldina
313850;3107;31;MG;Minas Gerais;SUDESTE;Liberdade
313860;3107;31;MG;Minas Gerais;SUDESTE;Lima Duarte
313862;3112;31;MG;Minas Gerais;TRIANGULO DO SUL;Limeira do Oeste
313865;3108;31;MG;Minas Gerais;NORTE;Lontra
313867;3110;31;MG;Minas Gerais;LESTE DO SUL;Luisburgo
313868;3108;31;MG;Minas Gerais;NORTE;Luislândia
313870;3101;31;MG;Minas Gerais;SUL;Luminárias
313880;3105;31;MG;Minas Gerais;OESTE;Luz
313890;3111;31;MG;Minas Gerais;NORDESTE;Machacalis
313900;3116;31;MG;Minas Gerais;SUDOESTE;Machado
313910;3102;31;MG;Minas Gerais;CENTRO SUL;Madre de Deus de Minas
313920;3111;31;MG;Minas Gerais;NORDESTE;Malacacheta
313925;3108;31;MG;Minas Gerais;NORTE;Mamonas
313930;3108;31;MG;Minas Gerais;NORTE;Manga
313940;3110;31;MG;Minas Gerais;LESTE DO SUL;Manhuaçu
313950;3110;31;MG;Minas Gerais;LESTE DO SUL;Manhumirim
313960;3106;31;MG;Minas Gerais;LESTE;Mantena
313970;3103;31;MG;Minas Gerais;CENTRO;Maravilhas
313980;3107;31;MG;Minas Gerais;SUDESTE;Mar de Espanha
313990;3115;31;MG;Minas Gerais;EXTREMO SUL;Maria da Fé
314000;3103;31;MG;Minas Gerais;CENTRO;Mariana
314010;3106;31;MG;Minas Gerais;LESTE;Marilac
314015;3103;31;MG;Minas Gerais;CENTRO;Mário Campos
314020;3107;31;MG;Minas Gerais;SUDESTE;Maripá de Minas
314030;3114;31;MG;Minas Gerais;VALE DO ACO;Marliéria
314040;3115;31;MG;Minas Gerais;EXTREMO SUL;Marmelópolis
314050;3105;31;MG;Minas Gerais;OESTE;Martinho Campos
314053;3110;31;MG;Minas Gerais;LESTE DO SUL;Martins Soares
314055;3111;31;MG;Minas Gerais;NORDESTE;Mata Verde
314060;3103;31;MG;Minas Gerais;CENTRO;Materlândia
314070;3103;31;MG;Minas Gerais;CENTRO;Mateus Leme
314080;3107;31;MG;Minas Gerais;SUDESTE;Matias Barbosa
314085;3108;31;MG;Minas Gerais;NORTE;Matias Cardoso
314090;3110;31;MG;Minas Gerais;LESTE DO SUL;Matipó
314100;3108;31;MG;Minas Gerais;NORTE;Mato Verde
314110;3103;31;MG;Minas Gerais;CENTRO;Matozinhos
314120;3109;31;MG;Minas Gerais;NOROESTE;Matutina
314130;3105;31;MG;Minas Gerais;OESTE;Medeiros
314140;3111;31;MG;Minas Gerais;NORDESTE;Medina
314150;3106;31;MG;Minas Gerais;LESTE;Mendes Pimentel
314160;3107;31;MG;Minas Gerais;SUDESTE;Mercês
314170;3114;31;MG;Minas Gerais;VALE DO ACO;Mesquita
314180;3104;31;MG;Minas Gerais;JEQUITINHONHA;Minas Novas
314190;3101;31;MG;Minas Gerais;SUL;Minduri
314200;3108;31;MG;Minas Gerais;NORTE;Mirabela
314210;3107;31;MG;Minas Gerais;SUDESTE;Miradouro
314220;3107;31;MG;Minas Gerais;SUDESTE;Miraí
314225;3108;31;MG;Minas Gerais;NORTE;Miravânia
314230;3103;31;MG;Minas Gerais;CENTRO;Moeda
314240;3105;31;MG;Minas Gerais;OESTE;Moema
314250;3103;31;MG;Minas Gerais;CENTRO;Monjolos
314260;3101;31;MG;Minas Gerais;SUL;Monsenhor Paulo
314270;3108;31;MG;Minas Gerais;NORTE;Montalvânia
314280;3113;31;MG;Minas Gerais;TRIANGULO DO NORTE;Monte Alegre de Minas
314290;3108;31;MG;Minas Gerais;NORTE;Monte Azul
314300;3116;31;MG;Minas Gerais;SUDOESTE;Monte Belo
314310;3113;31;MG;Minas Gerais;TRIANGULO DO NORTE;Monte Carmelo
314315;3111;31;MG;Minas Gerais;NORDESTE;Monte Formoso
314320;3116;31;MG;Minas Gerais;SUDOESTE;Monte Santo de Minas
314330;3108;31;MG;Minas Gerais;NORTE;Montes Claros
314340;3115;31;MG;Minas Gerais;EXTREMO SUL;Monte Sião
314345;3108;31;MG;Minas Gerais;NORTE;Montezuma
314350;3103;31;MG;Minas Gerais;CENTRO;Morada Nova de Minas
314360;3103;31;MG;Minas Gerais;CENTRO;Morro da Garça
314370;3103;31;MG;Minas Gerais;CENTRO;Morro do Pilar
314380;3115;31;MG;Minas Gerais;EXTREMO SUL;Munhoz
314390;3107;31;MG;Minas Gerais;SUDESTE;Muriaé
314400;3110;31;MG;Minas Gerais;LESTE DO SUL;Mutum
314410;3116;31;MG;Minas Gerais;SUDOESTE;Muzambinho
314420;3106;31;MG;Minas Gerais;LESTE;Nacip Raydan
314430;3111;31;MG;Minas Gerais;NORDESTE;Nanuque
314435;3114;31;MG;Minas Gerais;VALE DO ACO;Naque
314437;3109;31;MG;Minas Gerais;NOROESTE;Natalândia
314440;3115;31;MG;Minas Gerais;EXTREMO SUL;Natércia
314450;3102;31;MG;Minas Gerais;CENTRO SUL;Nazareno
314460;3101;31;MG;Minas Gerais;SUL;Nepomuceno
314465;3108;31;MG;Minas Gerais;NORTE;Ninheira
314467;3106;31;MG;Minas Gerais;LESTE;Nova Belém
314470;3103;31;MG;Minas Gerais;CENTRO;Nova Era
314480;3103;31;MG;Minas Gerais;CENTRO;Nova Lima
314490;3111;31;MG;Minas Gerais;NORDESTE;Nova Módica
314500;3113;31;MG;Minas Gerais;TRIANGULO DO NORTE;Nova Ponte
314505;3108;31;MG;Minas Gerais;NORTE;Nova Porteirinha
314510;3116;31;MG;Minas Gerais;SUDOESTE;Nova Resende
314520;3105;31;MG;Minas Gerais;OESTE;Nova Serrana
314530;3111;31;MG;Minas Gerais;NORDESTE;Novo Cruzeiro
314535;3111;31;MG;Minas Gerais;NORDESTE;Novo Oriente de Minas
314537;3108;31;MG;Minas Gerais;NORTE;Novorizonte
314540;3107;31;MG;Minas Gerais;SUDESTE;Olaria
314545;3108;31;MG;Minas Gerais;NORTE;Olhos-d'Água
314550;3101;31;MG;Minas Gerais;SUL;Olímpio Noronha
314560;3105;31;MG;Minas Gerais;OESTE;Oliveira
314570;3107;31;MG;Minas Gerais;SUDESTE;Oliveira Fortes
314580;3105;31;MG;Minas Gerais;OESTE;Onça de Pitangui
314585;3110;31;MG;Minas Gerais;LESTE DO SUL;Oratórios
314587;3107;31;MG;Minas Gerais;SUDESTE;Orizânia
314590;3102;31;MG;Minas Gerais;CENTRO SUL;Ouro Branco
314600;3115;31;MG;Minas Gerais;EXTREMO SUL;Ouro Fino
314610;3103;31;MG;Minas Gerais;CENTRO;Ouro Preto
314620;3111;31;MG;Minas Gerais;NORDESTE;Ouro Verde de Minas
314625;3108;31;MG;Minas Gerais;NORTE;Padre Carvalho
314630;3111;31;MG;Minas Gerais;NORDESTE;Padre Paraíso
314640;3103;31;MG;Minas Gerais;CENTRO;Paineiras
314650;3105;31;MG;Minas Gerais;OESTE;Pains
314655;3108;31;MG;Minas Gerais;NORTE;Pai Pedro
314660;3102;31;MG;Minas Gerais;CENTRO SUL;Paiva
314670;3107;31;MG;Minas Gerais;SUDESTE;Palma
314675;3111;31;MG;Minas Gerais;NORDESTE;Palmópolis
314690;3103;31;MG;Minas Gerais;CENTRO;Papagaios
314700;3109;31;MG;Minas Gerais;NOROESTE;Paracatu
314710;3105;31;MG;Minas Gerais;OESTE;Pará de Minas
314720;3116;31;MG;Minas Gerais;SUDOESTE;Paraguaçu
314730;3115;31;MG;Minas Gerais;EXTREMO SUL;Paraisópolis
314740;3103;31;MG;Minas Gerais;CENTRO;Paraopeba
314750;3103;31;MG;Minas Gerais;CENTRO;Passabém
314760;3101;31;MG;Minas Gerais;SUL;Passa Quatro
314770;3105;31;MG;Minas Gerais;OESTE;Passa Tempo
314780;3107;31;MG;Minas Gerais;SUDESTE;Passa Vinte
314790;3116;31;MG;Minas Gerais;SUDOESTE;Passos
314795;3108;31;MG;Minas Gerais;NORTE;Patis
314800;3109;31;MG;Minas Gerais;NOROESTE;Patos de Minas
314810;3113;31;MG;Minas Gerais;TRIANGULO DO NORTE;Patrocínio
314820;3107;31;MG;Minas Gerais;SUDESTE;Patrocínio do Muriaé
314830;3110;31;MG;Minas Gerais;LESTE DO SUL;Paula Cândido
314840;3106;31;MG;Minas Gerais;LESTE;Paulistas
314850;3111;31;MG;Minas Gerais;NORDESTE;Pavão
314860;3106;31;MG;Minas Gerais;LESTE;Peçanha
314870;3111;31;MG;Minas Gerais;NORDESTE;Pedra Azul
314875;3107;31;MG;Minas Gerais;SUDESTE;Pedra Bonita
314880;3110;31;MG;Minas Gerais;LESTE DO SUL;Pedra do Anta
314890;3105;31;MG;Minas Gerais;OESTE;Pedra do Indaiá
314900;3107;31;MG;Minas Gerais;SUDESTE;Pedra Dourada
314910;3115;31;MG;Minas Gerais;EXTREMO SUL;Pedralva
314915;3108;31;MG;Minas Gerais;NORTE;Pedras de Maria da Cruz
314920;3112;31;MG;Minas Gerais;TRIANGULO DO SUL;Pedrinópolis
314930;3103;31;MG;Minas Gerais;CENTRO;Pedro Leopoldo
314940;3107;31;MG;Minas Gerais;SUDESTE;Pedro Teixeira
314950;3107;31;MG;Minas Gerais;SUDESTE;Pequeri
314960;3103;31;MG;Minas Gerais;CENTRO;Pequi
314970;3105;31;MG;Minas Gerais;OESTE;Perdigão
314980;3112;31;MG;Minas Gerais;TRIANGULO DO SUL;Perdizes
314990;3101;31;MG;Minas Gerais;SUL;Perdões
314995;3114;31;MG;Minas Gerais;VALE DO ACO;Periquito
315000;3111;31;MG;Minas Gerais;NORDESTE;Pescador
315010;3107;31;MG;Minas Gerais;SUDESTE;Piau
315015;3114;31;MG;Minas Gerais;VALE DO ACO;Piedade de Caratinga
315020;3110;31;MG;Minas Gerais;LESTE DO SUL;Piedade de Ponte Nova
315030;3102;31;MG;Minas Gerais;CENTRO SUL;Piedade do Rio Grande
315040;3103;31;MG;Minas Gerais;CENTRO;Piedade dos Gerais
315050;3116;31;MG;Minas Gerais;SUDOESTE;Pimenta
315053;3114;31;MG;Minas Gerais;VALE DO ACO;Pingo d'Água
315057;3108;31;MG;Minas Gerais;NORTE;Pintópolis
315060;3105;31;MG;Minas Gerais;OESTE;Piracema
315070;3112;31;MG;Minas Gerais;TRIANGULO DO SUL;Pirajuba
315080;3102;31;MG;Minas Gerais;CENTRO SUL;Piranga
315090;3115;31;MG;Minas Gerais;EXTREMO SUL;Piranguçu
315100;3115;31;MG;Minas Gerais;EXTREMO SUL;Piranguinho
315110;3107;31;MG;Minas Gerais;SUDESTE;Pirapetinga
315120;3108;31;MG;Minas Gerais;NORTE;Pirapora
315130;3107;31;MG;Minas Gerais;SUDESTE;Piraúba
315140;3105;31;MG;Minas Gerais;OESTE;Pitangui
315150;3116;31;MG;Minas Gerais;SUDOESTE;Piumhi
315160;3112;31;MG;Minas Gerais;TRIANGULO DO SUL;Planura
315170;3116;31;MG;Minas Gerais;SUDOESTE;Poço Fundo
315180;3115;31;MG;Minas Gerais;EXTREMO SUL;Poços de Caldas
315190;3110;31;MG;Minas Gerais;LESTE DO SUL;Pocrane
315200;3103;31;MG;Minas Gerais;CENTRO;Pompéu
315210;3110;31;MG;Minas Gerais;LESTE DO SUL;Ponte Nova
315213;3108;31;MG;Minas Gerais;NORTE;Ponto Chique
315217;3111;31;MG;Minas Gerais;NORDESTE;Ponto dos Volantes
315220;3108;31;MG;Minas Gerais;NORTE;Porteirinha
315230;3110;31;MG;Minas Gerais;LESTE DO SUL;Porto Firme
315240;3111;31;MG;Minas Gerais;NORDESTE;Poté
315250;3115;31;MG;Minas Gerais;EXTREMO SUL;Pouso Alegre
315260;3101;31;MG;Minas Gerais;SUL;Pouso Alto
315270;3102;31;MG;Minas Gerais;CENTRO SUL;Prados
315280;3113;31;MG;Minas Gerais;TRIANGULO DO NORTE;Prata
315290;3116;31;MG;Minas Gerais;SUDOESTE;Pratápolis
315300;3112;31;MG;Minas Gerais;TRIANGULO DO SUL;Pratinha
315310;3107;31;MG;Minas Gerais;SUDESTE;Presidente Bernardes
315320;3103;31;MG;Minas Gerais;CENTRO;Presidente Juscelino
315330;3104;31;MG;Minas Gerais;JEQUITINHONHA;Presidente Kubitschek
315340;3109;31;MG;Minas Gerais;NOROESTE;Presidente Olegário
315350;3110;31;MG;Minas Gerais;LESTE DO SUL;Alto Jequitibá
315360;3103;31;MG;Minas Gerais;CENTRO;Prudente de Morais
315370;3103;31;MG;Minas Gerais;CENTRO;Quartel Geral
315380;3102;31;MG;Minas Gerais;CENTRO SUL;Queluzito
315390;3103;31;MG;Minas Gerais;CENTRO;Raposos
315400;3110;31;MG;Minas Gerais;LESTE DO SUL;Raul Soares
315410;3107;31;MG;Minas Gerais;SUDESTE;Recreio
315415;3110;31;MG;Minas Gerais;LESTE DO SUL;Reduto
315420;3102;31;MG;Minas Gerais;CENTRO SUL;Resende Costa
315430;3106;31;MG;Minas Gerais;LESTE;Resplendor
315440;3102;31;MG;Minas Gerais;CENTRO SUL;Ressaquinha
315445;3109;31;MG;Minas Gerais;NOROESTE;Riachinho
315450;3108;31;MG;Minas Gerais;NORTE;Riacho dos Machados
315460;3103;31;MG;Minas Gerais;CENTRO;Ribeirão das Neves
315470;3101;31;MG;Minas Gerais;SUL;Ribeirão Vermelho
315480;3103;31;MG;Minas Gerais;CENTRO;Rio Acima
315490;3110;31;MG;Minas Gerais;LESTE DO SUL;Rio Casca
315500;3110;31;MG;Minas Gerais;LESTE DO SUL;Rio Doce
315510;3111;31;MG;Minas Gerais;NORDESTE;Rio do Prado
315520;3102;31;MG;Minas Gerais;CENTRO SUL;Rio Espera
315530;3103;31;MG;Minas Gerais;CENTRO;Rio Manso
315540;3107;31;MG;Minas Gerais;SUDESTE;Rio Novo
315550;3109;31;MG;Minas Gerais;NOROESTE;Rio Paranaíba
315560;3108;31;MG;Minas Gerais;NORTE;Rio Pardo de Minas
315570;3103;31;MG;Minas Gerais;CENTRO;Rio Piracicaba
315580;3107;31;MG;Minas Gerais;SUDESTE;Rio Pomba
315590;3107;31;MG;Minas Gerais;SUDESTE;Rio Preto
315600;3103;31;MG;Minas Gerais;CENTRO;Rio Vermelho
315610;3102;31;MG;Minas Gerais;CENTRO SUL;Ritápolis
315620;3107;31;MG;Minas Gerais;SUDESTE;Rochedo de Minas
315630;3107;31;MG;Minas Gerais;SUDESTE;Rodeiro
315640;3113;31;MG;Minas Gerais;TRIANGULO DO NORTE;Romaria
315645;3107;31;MG;Minas Gerais;SUDESTE;Rosário da Limeira
315650;3108;31;MG;Minas Gerais;NORTE;Rubelita
315660;3111;31;MG;Minas Gerais;NORDESTE;Rubim
315670;3103;31;MG;Minas Gerais;CENTRO;Sabará
315680;3103;31;MG;Minas Gerais;CENTRO;Sabinópolis
315690;3112;31;MG;Minas Gerais;TRIANGULO DO SUL;Sacramento
315700;3108;31;MG;Minas Gerais;NORTE;Salinas
315710;3111;31;MG;Minas Gerais;NORDESTE;Salto da Divisa
315720;3103;31;MG;Minas Gerais;CENTRO;Santa Bárbara
315725;3114;31;MG;Minas Gerais;VALE DO ACO;Santa Bárbara do Leste
315727;3107;31;MG;Minas Gerais;SUDESTE;Santa Bárbara do Monte Verde
315730;3102;31;MG;Minas Gerais;CENTRO SUL;Santa Bárbara do Tugúrio
315733;3102;31;MG;Minas Gerais;CENTRO SUL;Santa Cruz de Minas
315737;3108;31;MG;Minas Gerais;NORTE;Santa Cruz de Salinas
315740;3110;31;MG;Minas Gerais;LESTE DO SUL;Santa Cruz do Escalvado
315750;3106;31;MG;Minas Gerais;LESTE;Santa Efigênia de Minas
315760;3108;31;MG;Minas Gerais;NORTE;Santa Fé de Minas
315765;3111;31;MG;Minas Gerais;NORDESTE;Santa Helena de Minas
315770;3112;31;MG;Minas Gerais;TRIANGULO DO SUL;Santa Juliana
315780;3103;31;MG;Minas Gerais;CENTRO;Santa Luzia
315790;3110;31;MG;Minas Gerais;LESTE DO SUL;Santa Margarida
315800;3103;31;MG;Minas Gerais;CENTRO;Santa Maria de Itabira
315810;3111;31;MG;Minas Gerais;NORDESTE;Santa Maria do Salto
315820;3106;31;MG;Minas Gerais;LESTE;Santa Maria do Suaçuí
315830;3101;31;MG;Minas Gerais;SUL;Santana da Vargem
315840;3107;31;MG;Minas Gerais;SUDESTE;Santana de Cataguases
315850;3103;31;MG;Minas Gerais;CENTRO;Santana de Pirapama
315860;3107;31;MG;Minas Gerais;SUDESTE;Santana do Deserto
315870;3102;31;MG;Minas Gerais;CENTRO SUL;Santana do Garambéu
315880;3105;31;MG;Minas Gerais;OESTE;Santana do Jacaré
315890;3110;31;MG;Minas Gerais;LESTE DO SUL;Santana do Manhuaçu
315895;3114;31;MG;Minas Gerais;VALE DO ACO;Santana do Paraíso
315900;3103;31;MG;Minas Gerais;CENTRO;Santana do Riacho
315910;3102;31;MG;Minas Gerais;CENTRO SUL;Santana dos Montes
315920;3115;31;MG;Minas Gerais;EXTREMO SUL;Santa Rita de Caldas
315930;3107;31;MG;Minas Gerais;SUDESTE;Santa Rita de Jacutinga
315935;3114;31;MG;Minas Gerais;VALE DO ACO;Santa Rita de Minas
315940;3102;31;MG;Minas Gerais;CENTRO SUL;Santa Rita de Ibitipoca
315950;3106;31;MG;Minas Gerais;LESTE;Santa Rita do Itueto
315960;3115;31;MG;Minas Gerais;EXTREMO SUL;Santa Rita do Sapucaí
315970;3109;31;MG;Minas Gerais;NOROESTE;Santa Rosa da Serra
315980;3113;31;MG;Minas Gerais;TRIANGULO DO NORTE;Santa Vitória
315990;3105;31;MG;Minas Gerais;OESTE;Santo Antônio do Amparo
316000;3107;31;MG;Minas Gerais;SUDESTE;Santo Antônio do Aventureiro
316010;3110;31;MG;Minas Gerais;LESTE DO SUL;Santo Antônio do Grama
316020;3104;31;MG;Minas Gerais;JEQUITINHONHA;Santo Antônio do Itambé
316030;3111;31;MG;Minas Gerais;NORDESTE;Santo Antônio do Jacinto
316040;3105;31;MG;Minas Gerais;OESTE;Santo Antônio do Monte
316045;3108;31;MG;Minas Gerais;NORTE;Santo Antônio do Retiro
316050;3103;31;MG;Minas Gerais;CENTRO;Santo Antônio do Rio Abaixo
316060;3103;31;MG;Minas Gerais;CENTRO;Santo Hipólito
316070;3107;31;MG;Minas Gerais;SUDESTE;Santos Dumont
316080;3101;31;MG;Minas Gerais;SUL;São Bento Abade
316090;3102;31;MG;Minas Gerais;CENTRO SUL;São Brás do Suaçuí
316095;3114;31;MG;Minas Gerais;VALE DO ACO;São Domingos das Dores
316100;3103;31;MG;Minas Gerais;CENTRO;São Domingos do Prata
316105;3106;31;MG;Minas Gerais;LESTE;São Félix de Minas
316110;3108;31;MG;Minas Gerais;NORTE;São Francisco
316120;3105;31;MG;Minas Gerais;OESTE;São Francisco de Paula
316130;3112;31;MG;Minas Gerais;TRIANGULO DO SUL;São Francisco de Sales
316140;3107;31;MG;Minas Gerais;SUDESTE;São Francisco do Glória
316150;3107;31;MG;Minas Gerais;SUDESTE;São Geraldo
316160;3106;31;MG;Minas Gerais;LESTE;São Geraldo da Piedade
316165;3106;31;MG;Minas Gerais;LESTE;São Geraldo do Baixio
316170;3109;31;MG;Minas Gerais;NOROESTE;São Gonçalo do Abaeté
316180;3105;31;MG;Minas Gerais;OESTE;São Gonçalo do Pará
316190;3103;31;MG;Minas Gerais;CENTRO;São Gonçalo do Rio Abaixo
316200;3101;31;MG;Minas Gerais;SUL;São Gonçalo do Sapucaí
316210;3109;31;MG;Minas Gerais;NOROESTE;São Gotardo
316220;3116;31;MG;Minas Gerais;SUDOESTE;São João Batista do Glória
316225;3108;31;MG;Minas Gerais;NORTE;São João da Lagoa
316230;3115;31;MG;Minas Gerais;EXTREMO SUL;São João da Mata
316240;3108;31;MG;Minas Gerais;NORTE;São João da Ponte
316245;3108;31;MG;Minas Gerais;NORTE;São João das Missões
316250;3102;31;MG;Minas Gerais;CENTRO SUL;São João del Rei
316255;3110;31;MG;Minas Gerais;LESTE DO SUL;São João do Manhuaçu
316257;3106;31;MG;Minas Gerais;LESTE;São João do Manteninha
316260;3114;31;MG;Minas Gerais;VALE DO ACO;São João do Oriente
316265;3108;31;MG;Minas Gerais;NORTE;São João do Pacuí
316270;3108;31;MG;Minas Gerais;NORTE;São João do Paraíso
316280;3106;31;MG;Minas Gerais;LESTE;São João Evangelista
316290;3107;31;MG;Minas Gerais;SUDESTE;São João Nepomuceno
316292;3103;31;MG;Minas Gerais;CENTRO;São Joaquim de Bicas
316294;3116;31;MG;Minas Gerais;SUDOESTE;São José da Barra
316295;3103;31;MG;Minas Gerais;CENTRO;São José da Lapa
316300;3106;31;MG;Minas Gerais;LESTE;São José da Safira
316310;3105;31;MG;Minas Gerais;OESTE;São José da Varginha
316320;3115;31;MG;Minas Gerais;EXTREMO SUL;São José do Alegre
316330;3111;31;MG;Minas Gerais;NORDESTE;São José do Divino
316340;3110;31;MG;Minas Gerais;LESTE DO SUL;São José do Goiabal
316350;3106;31;MG;Minas Gerais;LESTE;São José do Jacuri
316360;3110;31;MG;Minas Gerais;LESTE DO SUL;São José do Mantimento
316370;3101;31;MG;Minas Gerais;SUL;São Lourenço
316380;3110;31;MG;Minas Gerais;LESTE DO SUL;São Miguel do Anta
316390;3116;31;MG;Minas Gerais;SUDOESTE;São Pedro da União
316400;3110;31;MG;Minas Gerais;LESTE DO SUL;São Pedro dos Ferros
316410;3106;31;MG;Minas Gerais;LESTE;São Pedro do Suaçuí
316420;3108;31;MG;Minas Gerais;NORTE;São Romão
316430;3116;31;MG;Minas Gerais;SUDOESTE;São Roque de Minas
316440;3115;31;MG;Minas Gerais;EXTREMO SUL;São Sebastião da Bela Vista
316443;3107;31;MG;Minas Gerais;SUDESTE;São Sebastião da Vargem Alegre
316447;3114;31;MG;Minas Gerais;VALE DO ACO;São Sebastião do Anta
316450;3106;31;MG;Minas Gerais;LESTE;São Sebastião do Maranhão
316460;3105;31;MG;Minas Gerais;OESTE;São Sebastião do Oeste
316470;3116;31;MG;Minas Gerais;SUDOESTE;São Sebastião do Paraíso
316480;3103;31;MG;Minas Gerais;CENTRO;São Sebastião do Rio Preto
316490;3101;31;MG;Minas Gerais;SUL;São Sebastião do Rio Verde
316500;3102;31;MG;Minas Gerais;CENTRO SUL;São Tiago
316510;3116;31;MG;Minas Gerais;SUDOESTE;São Tomás de Aquino
316520;3101;31;MG;Minas Gerais;SUL;São Tomé das Letras
316530;3102;31;MG;Minas Gerais;CENTRO SUL;São Vicente de Minas
316540;3115;31;MG;Minas Gerais;EXTREMO SUL;Sapucaí-Mirim
316550;3106;31;MG;Minas Gerais;LESTE;Sardoá
316553;3103;31;MG;Minas Gerais;CENTRO;Sarzedo
316555;3111;31;MG;Minas Gerais;NORDESTE;Setubinha
316556;3110;31;MG;Minas Gerais;LESTE DO SUL;Sem-Peixe
316557;3115;31;MG;Minas Gerais;EXTREMO SUL;Senador Amaral
316560;3107;31;MG;Minas Gerais;SUDESTE;Senador Cortes
316570;3107;31;MG;Minas Gerais;SUDESTE;Senador Firmino
316580;3115;31;MG;Minas Gerais;EXTREMO SUL;Senador José Bento
316590;3104;31;MG;Minas Gerais;JEQUITINHONHA;Senador Modestino Gonçalves
316600;3102;31;MG;Minas Gerais;CENTRO SUL;Senhora de Oliveira
316610;3103;31;MG;Minas Gerais;CENTRO;Senhora do Porto
316620;3102;31;MG;Minas Gerais;CENTRO SUL;Senhora dos Remédios
316630;3110;31;MG;Minas Gerais;LESTE DO SUL;Sericita
316640;3101;31;MG;Minas Gerais;SUL;Seritinga
316650;3104;31;MG;Minas Gerais;JEQUITINHONHA;Serra Azul de Minas
316660;3105;31;MG;Minas Gerais;OESTE;Serra da Saudade
316670;3111;31;MG;Minas Gerais;NORDESTE;Serra dos Aimorés
316680;3109;31;MG;Minas Gerais;NOROESTE;Serra do Salitre
316690;3116;31;MG;Minas Gerais;SUDOESTE;Serrania
316695;3108;31;MG;Minas Gerais;NORTE;Serranópolis de Minas
316700;3101;31;MG;Minas Gerais;SUL;Serranos
316710;3104;31;MG;Minas Gerais;JEQUITINHONHA;Serro
316720;3103;31;MG;Minas Gerais;CENTRO;Sete Lagoas
316730;3107;31;MG;Minas Gerais;SUDESTE;Silveirânia
316740;3115;31;MG;Minas Gerais;EXTREMO SUL;Silvianópolis
316750;3107;31;MG;Minas Gerais;SUDESTE;Simão Pereira
316760;3110;31;MG;Minas Gerais;LESTE DO SUL;Simonésia
316770;3106;31;MG;Minas Gerais;LESTE;Sobrália
316780;3101;31;MG;Minas Gerais;SUL;Soledade de Minas
316790;3107;31;MG;Minas Gerais;SUDESTE;Tabuleiro
316800;3108;31;MG;Minas Gerais;NORTE;Taiobeiras
316805;3110;31;MG;Minas Gerais;LESTE DO SUL;Taparuba
316810;3112;31;MG;Minas Gerais;TRIANGULO DO SUL;Tapira
316820;3105;31;MG;Minas Gerais;OESTE;Tapiraí
316830;3103;31;MG;Minas Gerais;CENTRO;Taquaraçu de Minas
316840;3106;31;MG;Minas Gerais;LESTE;Tarumirim
316850;3110;31;MG;Minas Gerais;LESTE DO SUL;Teixeiras
316860;3111;31;MG;Minas Gerais;NORDESTE;Teófilo Otoni
316870;3114;31;MG;Minas Gerais;VALE DO ACO;Timóteo
316880;3102;31;MG;Minas Gerais;CENTRO SUL;Tiradentes
316890;3109;31;MG;Minas Gerais;NOROESTE;Tiros
316900;3107;31;MG;Minas Gerais;SUDESTE;Tocantins
316905;3115;31;MG;Minas Gerais;EXTREMO SUL;Tocos do Moji
316910;3115;31;MG;Minas Gerais;EXTREMO SUL;Toledo
316920;3107;31;MG;Minas Gerais;SUDESTE;Tombos
316930;3101;31;MG;Minas Gerais;SUL;Três Corações
316935;3103;31;MG;Minas Gerais;CENTRO;Três Marias
316940;3101;31;MG;Minas Gerais;SUL;Três Pontas
316950;3106;31;MG;Minas Gerais;LESTE;Tumiritinga
316960;3113;31;MG;Minas Gerais;TRIANGULO DO NORTE;Tupaciguara
316970;3104;31;MG;Minas Gerais;JEQUITINHONHA;Turmalina
316980;3115;31;MG;Minas Gerais;EXTREMO SUL;Turvolândia
316990;3107;31;MG;Minas Gerais;SUDESTE;Ubá
317000;3108;31;MG;Minas Gerais;NORTE;Ubaí
317005;3114;31;MG;Minas Gerais;VALE DO ACO;Ubaporanga
317010;3112;31;MG;Minas Gerais;TRIANGULO DO SUL;Uberaba
317020;3113;31;MG;Minas Gerais;TRIANGULO DO NORTE;Uberlândia
317030;3111;31;MG;Minas Gerais;NORDESTE;Umburatiba
317040;3109;31;MG;Minas Gerais;NOROESTE;Unaí
317043;3112;31;MG;Minas Gerais;TRIANGULO DO SUL;União de Minas
317047;3109;31;MG;Minas Gerais;NOROESTE;Uruana de Minas
317050;3110;31;MG;Minas Gerais;LESTE DO SUL;Urucânia
317052;3108;31;MG;Minas Gerais;NORTE;Urucuia
317057;3114;31;MG;Minas Gerais;VALE DO ACO;Vargem Alegre
317060;3116;31;MG;Minas Gerais;SUDOESTE;Vargem Bonita
317065;3108;31;MG;Minas Gerais;NORTE;Vargem Grande do Rio Pardo
317070;3101;31;MG;Minas Gerais;SUL;Varginha
317075;3109;31;MG;Minas Gerais;NOROESTE;Varjão de Minas
317080;3108;31;MG;Minas Gerais;NORTE;Várzea da Palma
317090;3108;31;MG;Minas Gerais;NORTE;Varzelândia
317100;3109;31;MG;Minas Gerais;NOROESTE;Vazante
317103;3108;31;MG;Minas Gerais;NORTE;Verdelândia
317107;3104;31;MG;Minas Gerais;JEQUITINHONHA;Veredinha
317110;3112;31;MG;Minas Gerais;TRIANGULO DO SUL;Veríssimo
317115;3114;31;MG;Minas Gerais;VALE DO ACO;Vermelho Novo
317120;3103;31;MG;Minas Gerais;CENTRO;Vespasiano
317130;3110;31;MG;Minas Gerais;LESTE DO SUL;Viçosa
317140;3107;31;MG;Minas Gerais;SUDESTE;Vieiras
317150;3106;31;MG;Minas Gerais;LESTE;Mathias Lobato
317160;3104;31;MG;Minas Gerais;JEQUITINHONHA;Virgem da Lapa
317170;3101;31;MG;Minas Gerais;SUL;Virgínia
317180;3103;31;MG;Minas Gerais;CENTRO;Virginópolis
317190;3106;31;MG;Minas Gerais;LESTE;Virgolândia
317200;3107;31;MG;Minas Gerais;SUDESTE;Visconde do Rio Branco
317210;3107;31;MG;Minas Gerais;SUDESTE;Volta Grande
317220;3115;31;MG;Minas Gerais;EXTREMO SUL;Wenceslau Braz
320010;3207;32;ES;Espírito Santo;METROPOLITANA;Afonso Cláudio
320013;3209;32;ES;Espírito Santo;CENTRAL NORTE;Águia Branca
320016;3209;32;ES;Espírito Santo;CENTRAL NORTE;Água Doce do Norte
320020;3205;32;ES;Espírito Santo;SUL;Alegre
320030;3205;32;ES;Espírito Santo;SUL;Alfredo Chaves
320035;3209;32;ES;Espírito Santo;CENTRAL NORTE;Alto Rio Novo
320040;3205;32;ES;Espírito Santo;SUL;Anchieta
320050;3205;32;ES;Espírito Santo;SUL;Apiacá
320060;3207;32;ES;Espírito Santo;METROPOLITANA;Aracruz
320070;3205;32;ES;Espírito Santo;SUL;Atílio Vivacqua
320080;3209;32;ES;Espírito Santo;CENTRAL NORTE;Baixo Guandu
320090;3209;32;ES;Espírito Santo;CENTRAL NORTE;Barra de São Francisco
320100;3209;32;ES;Espírito Santo;CENTRAL NORTE;Boa Esperança
320110;3205;32;ES;Espírito Santo;SUL;Bom Jesus do Norte
320115;3207;32;ES;Espírito Santo;METROPOLITANA;Brejetuba
320120;3205;32;ES;Espírito Santo;SUL;Cachoeiro de Itapemirim
320130;3207;32;ES;Espírito Santo;METROPOLITANA;Cariacica
320140;3205;32;ES;Espírito Santo;SUL;Castelo
320150;3209;32;ES;Espírito Santo;CENTRAL NORTE;Colatina
320160;3209;32;ES;Espírito Santo;CENTRAL NORTE;Conceição da Barra
320170;3207;32;ES;Espírito Santo;METROPOLITANA;Conceição do Castelo
320180;3205;32;ES;Espírito Santo;SUL;Divino de São Lourenço
320190;3207;32;ES;Espírito Santo;METROPOLITANA;Domingos Martins
320200;3205;32;ES;Espírito Santo;SUL;Dores do Rio Preto
320210;3209;32;ES;Espírito Santo;CENTRAL NORTE;Ecoporanga
320220;3207;32;ES;Espírito Santo;METROPOLITANA;Fundão
320225;3209;32;ES;Espírito Santo;CENTRAL NORTE;Governador Lindenberg
320230;3205;32;ES;Espírito Santo;SUL;Guaçuí
320240;3207;32;ES;Espírito Santo;METROPOLITANA;Guarapari
320245;3207;32;ES;Espírito Santo;METROPOLITANA;Ibatiba
320250;3207;32;ES;Espírito Santo;METROPOLITANA;Ibiraçu
320255;3205;32;ES;Espírito Santo;SUL;Ibitirama
320260;3205;32;ES;Espírito Santo;SUL;Iconha
320265;3205;32;ES;Espírito Santo;SUL;Irupi
320270;3207;32;ES;Espírito Santo;METROPOLITANA;Itaguaçu
320280;3205;32;ES;Espírito Santo;SUL;Itapemirim
320290;3207;32;ES;Espírito Santo;METROPOLITANA;Itarana
320300;3205;32;ES;Espírito Santo;SUL;Iúna
320305;3209;32;ES;Espírito Santo;CENTRAL NORTE;Jaguaré
320310;3205;32;ES;Espírito Santo;SUL;Jerônimo Monteiro
320313;3207;32;ES;Espírito Santo;METROPOLITANA;João Neiva
320316;3207;32;ES;Espírito Santo;METROPOLITANA;Laranja da Terra
320320;3209;32;ES;Espírito Santo;CENTRAL NORTE;Linhares
320330;3209;32;ES;Espírito Santo;CENTRAL NORTE;Mantenópolis
320332;3205;32;ES;Espírito Santo;SUL;Marataízes
320334;3207;32;ES;Espírito Santo;METROPOLITANA;Marechal Floriano
320335;3209;32;ES;Espírito Santo;CENTRAL NORTE;Marilândia
320340;3205;32;ES;Espírito Santo;SUL;Mimoso do Sul
320350;3209;32;ES;Espírito Santo;CENTRAL NORTE;Montanha
320360;3209;32;ES;Espírito Santo;CENTRAL NORTE;Mucurici
320370;3205;32;ES;Espírito Santo;SUL;Muniz Freire
320380;3205;32;ES;Espírito Santo;SUL;Muqui
320390;3209;32;ES;Espírito Santo;CENTRAL NORTE;Nova Venécia
320400;3209;32;ES;Espírito Santo;CENTRAL NORTE;Pancas
320405;3209;32;ES;Espírito Santo;CENTRAL NORTE;Pedro Canário
320410;3209;32;ES;Espírito Santo;CENTRAL NORTE;Pinheiros
320420;3205;32;ES;Espírito Santo;SUL;Piúma
320425;3209;32;ES;Espírito Santo;CENTRAL NORTE;Ponto Belo
320430;3205;32;ES;Espírito Santo;SUL;Presidente Kennedy
320435;3209;32;ES;Espírito Santo;CENTRAL NORTE;Rio Bananal
320440;3205;32;ES;Espírito Santo;SUL;Rio Novo do Sul
320450;3207;32;ES;Espírito Santo;METROPOLITANA;Santa Leopoldina
320455;3207;32;ES;Espírito Santo;METROPOLITANA;Santa Maria de Jetibá
320460;3207;32;ES;Espírito Santo;METROPOLITANA;Santa Teresa
320465;3209;32;ES;Espírito Santo;CENTRAL NORTE;São Domingos do Norte
320470;3209;32;ES;Espírito Santo;CENTRAL NORTE;São Gabriel da Palha
320480;3205;32;ES;Espírito Santo;SUL;São José do Calçado
320490;3209;32;ES;Espírito Santo;CENTRAL NORTE;São Mateus
320495;3209;32;ES;Espírito Santo;CENTRAL NORTE;São Roque do Canaã
320500;3207;32;ES;Espírito Santo;METROPOLITANA;Serra
320501;3209;32;ES;Espírito Santo;CENTRAL NORTE;Sooretama
320503;3205;32;ES;Espírito Santo;SUL;Vargem Alta
320506;3207;32;ES;Espírito Santo;METROPOLITANA;Venda Nova do Imigrante
320510;3207;32;ES;Espírito Santo;METROPOLITANA;Viana
320515;3209;32;ES;Espírito Santo;CENTRAL NORTE;Vila Pavão
320517;3209;32;ES;Espírito Santo;CENTRAL NORTE;Vila Valério
320520;3207;32;ES;Espírito Santo;METROPOLITANA;Vila Velha
320530;3207;32;ES;Espírito Santo;METROPOLITANA;Vitória
330010;3312;33;RJ;Rio de Janeiro;MACRORREGIAO I;Angra dos Reis
330015;3312;33;RJ;Rio de Janeiro;MACRORREGIAO I;Aperibé
330020;3312;33;RJ;Rio de Janeiro;MACRORREGIAO I;Araruama
330022;3312;33;RJ;Rio de Janeiro;MACRORREGIAO I;Areal
330023;3312;33;RJ;Rio de Janeiro;MACRORREGIAO I;Armação dos Búzios
330025;3312;33;RJ;Rio de Janeiro;MACRORREGIAO I;Arraial do Cabo
330030;3312;33;RJ;Rio de Janeiro;MACRORREGIAO I;Barra do Piraí
330040;3312;33;RJ;Rio de Janeiro;MACRORREGIAO I;Barra Mansa
330045;3312;33;RJ;Rio de Janeiro;MACRORREGIAO I;Belford Roxo
330050;3312;33;RJ;Rio de Janeiro;MACRORREGIAO I;Bom Jardim
330060;3312;33;RJ;Rio de Janeiro;MACRORREGIAO I;Bom Jesus do Itabapoana
330070;3312;33;RJ;Rio de Janeiro;MACRORREGIAO I;Cabo Frio
330080;3312;33;RJ;Rio de Janeiro;MACRORREGIAO I;Cachoeiras de Macacu
330090;3312;33;RJ;Rio de Janeiro;MACRORREGIAO I;Cambuci
330093;3312;33;RJ;Rio de Janeiro;MACRORREGIAO I;Carapebus
330095;3312;33;RJ;Rio de Janeiro;MACRORREGIAO I;Comendador Levy Gasparian
330100;3312;33;RJ;Rio de Janeiro;MACRORREGIAO I;Campos dos Goytacazes
330110;3312;33;RJ;Rio de Janeiro;MACRORREGIAO I;Cantagalo
330115;3312;33;RJ;Rio de Janeiro;MACRORREGIAO I;Cardoso Moreira
330120;3312;33;RJ;Rio de Janeiro;MACRORREGIAO I;Carmo
330130;3312;33;RJ;Rio de Janeiro;MACRORREGIAO I;Casimiro de Abreu
330140;3312;33;RJ;Rio de Janeiro;MACRORREGIAO I;Conceição de Macabu
330150;3312;33;RJ;Rio de Janeiro;MACRORREGIAO I;Cordeiro
330160;3312;33;RJ;Rio de Janeiro;MACRORREGIAO I;Duas Barras
330170;3312;33;RJ;Rio de Janeiro;MACRORREGIAO I;Duque de Caxias
330180;3312;33;RJ;Rio de Janeiro;MACRORREGIAO I;Engenheiro Paulo de Frontin
330185;3312;33;RJ;Rio de Janeiro;MACRORREGIAO I;Guapimirim
330187;3312;33;RJ;Rio de Janeiro;MACRORREGIAO I;Iguaba Grande
330190;3312;33;RJ;Rio de Janeiro;MACRORREGIAO I;Itaboraí
330200;3312;33;RJ;Rio de Janeiro;MACRORREGIAO I;Itaguaí
330205;3312;33;RJ;Rio de Janeiro;MACRORREGIAO I;Italva
330210;3312;33;RJ;Rio de Janeiro;MACRORREGIAO I;Itaocara
330220;3312;33;RJ;Rio de Janeiro;MACRORREGIAO I;Itaperuna
330225;3312;33;RJ;Rio de Janeiro;MACRORREGIAO I;Itatiaia
330227;3312;33;RJ;Rio de Janeiro;MACRORREGIAO I;Japeri
330230;3312;33;RJ;Rio de Janeiro;MACRORREGIAO I;Laje do Muriaé
330240;3312;33;RJ;Rio de Janeiro;MACRORREGIAO I;Macaé
330245;3312;33;RJ;Rio de Janeiro;MACRORREGIAO I;Macuco
330250;3312;33;RJ;Rio de Janeiro;MACRORREGIAO I;Magé
330260;3312;33;RJ;Rio de Janeiro;MACRORREGIAO I;Mangaratiba
330270;3312;33;RJ;Rio de Janeiro;MACRORREGIAO I;Maricá
330280;3312;33;RJ;Rio de Janeiro;MACRORREGIAO I;Mendes
330285;3312;33;RJ;Rio de Janeiro;MACRORREGIAO I;Mesquita
330290;3312;33;RJ;Rio de Janeiro;MACRORREGIAO I;Miguel Pereira
330300;3312;33;RJ;Rio de Janeiro;MACRORREGIAO I;Miracema
330310;3312;33;RJ;Rio de Janeiro;MACRORREGIAO I;Natividade
330320;3312;33;RJ;Rio de Janeiro;MACRORREGIAO I;Nilópolis
330330;3312;33;RJ;Rio de Janeiro;MACRORREGIAO I;Niterói
330340;3312;33;RJ;Rio de Janeiro;MACRORREGIAO I;Nova Friburgo
330350;3312;33;RJ;Rio de Janeiro;MACRORREGIAO I;Nova Iguaçu
330360;3312;33;RJ;Rio de Janeiro;MACRORREGIAO I;Paracambi
330370;3312;33;RJ;Rio de Janeiro;MACRORREGIAO I;Paraíba do Sul
330380;3312;33;RJ;Rio de Janeiro;MACRORREGIAO I;Paraty
330385;3312;33;RJ;Rio de Janeiro;MACRORREGIAO I;Paty do Alferes
330390;3312;33;RJ;Rio de Janeiro;MACRORREGIAO I;Petrópolis
330395;3312;33;RJ;Rio de Janeiro;MACRORREGIAO I;Pinheiral
330400;3312;33;RJ;Rio de Janeiro;MACRORREGIAO I;Piraí
330410;3312;33;RJ;Rio de Janeiro;MACRORREGIAO I;Porciúncula
330411;3312;33;RJ;Rio de Janeiro;MACRORREGIAO I;Porto Real
330412;3312;33;RJ;Rio de Janeiro;MACRORREGIAO I;Quatis
330414;3312;33;RJ;Rio de Janeiro;MACRORREGIAO I;Queimados
330415;3312;33;RJ;Rio de Janeiro;MACRORREGIAO I;Quissamã
330420;3312;33;RJ;Rio de Janeiro;MACRORREGIAO I;Resende
330430;3312;33;RJ;Rio de Janeiro;MACRORREGIAO I;Rio Bonito
330440;3312;33;RJ;Rio de Janeiro;MACRORREGIAO I;Rio Claro
330450;3312;33;RJ;Rio de Janeiro;MACRORREGIAO I;Rio das Flores
330452;3312;33;RJ;Rio de Janeiro;MACRORREGIAO I;Rio das Ostras
330455;3312;33;RJ;Rio de Janeiro;MACRORREGIAO I;Rio de Janeiro
330460;3312;33;RJ;Rio de Janeiro;MACRORREGIAO I;Santa Maria Madalena
330470;3312;33;RJ;Rio de Janeiro;MACRORREGIAO I;Santo Antônio de Pádua
330475;3312;33;RJ;Rio de Janeiro;MACRORREGIAO I;São Francisco de Itabapoana
330480;3312;33;RJ;Rio de Janeiro;MACRORREGIAO I;São Fidélis
330490;3312;33;RJ;Rio de Janeiro;MACRORREGIAO I;São Gonçalo
330500;3312;33;RJ;Rio de Janeiro;MACRORREGIAO I;São João da Barra
330510;3312;33;RJ;Rio de Janeiro;MACRORREGIAO I;São João de Meriti
330513;3312;33;RJ;Rio de Janeiro;MACRORREGIAO I;São José de Ubá
330515;3312;33;RJ;Rio de Janeiro;MACRORREGIAO I;São José do Vale do Rio Preto
330520;3312;33;RJ;Rio de Janeiro;MACRORREGIAO I;São Pedro da Aldeia
330530;3312;33;RJ;Rio de Janeiro;MACRORREGIAO I;São Sebastião do Alto
330540;3312;33;RJ;Rio de Janeiro;MACRORREGIAO I;Sapucaia
330550;3312;33;RJ;Rio de Janeiro;MACRORREGIAO I;Saquarema
330555;3312;33;RJ;Rio de Janeiro;MACRORREGIAO I;Seropédica
330560;3312;33;RJ;Rio de Janeiro;MACRORREGIAO I;Silva Jardim
330570;3312;33;RJ;Rio de Janeiro;MACRORREGIAO I;Sumidouro
330575;3312;33;RJ;Rio de Janeiro;MACRORREGIAO I;Tanguá
330580;3312;33;RJ;Rio de Janeiro;MACRORREGIAO I;Teresópolis
330590;3312;33;RJ;Rio de Janeiro;MACRORREGIAO I;Trajano de Moraes
330600;3312;33;RJ;Rio de Janeiro;MACRORREGIAO I;Três Rios
330610;3312;33;RJ;Rio de Janeiro;MACRORREGIAO I;Valença
330615;3312;33;RJ;Rio de Janeiro;MACRORREGIAO I;Varre-Sai
330620;3312;33;RJ;Rio de Janeiro;MACRORREGIAO I;Vassouras
330630;3312;33;RJ;Rio de Janeiro;MACRORREGIAO I;Volta Redonda
350010;3533;35;SP;São Paulo;RRAS10;Adamantina
350020;3531;35;SP;São Paulo;RRAS12;Adolfo
350030;3528;35;SP;São Paulo;RRAS15;Aguaí
350040;3528;35;SP;São Paulo;RRAS15;Águas da Prata
350050;3528;35;SP;São Paulo;RRAS15;Águas de Lindóia
350055;3518;35;SP;São Paulo;RRAS9;Águas de Santa Bárbara
350060;3529;35;SP;São Paulo;RRAS14;Águas de São Pedro
350070;3518;35;SP;São Paulo;RRAS9;Agudos
350075;3519;35;SP;São Paulo;RRAS8;Alambari
350080;3532;35;SP;São Paulo;RRAS11;Alfredo Marcondes
350090;3530;35;SP;São Paulo;RRAS13;Altair
350100;3530;35;SP;São Paulo;RRAS13;Altinópolis
350110;3536;35;SP;São Paulo;RRAS19;Alto Alegre
350115;3519;35;SP;São Paulo;RRAS8;Alumínio
350120;3531;35;SP;São Paulo;RRAS12;Álvares Florence
350130;3532;35;SP;São Paulo;RRAS11;Álvares Machado
350140;3533;35;SP;São Paulo;RRAS10;Álvaro de Carvalho
350150;3533;35;SP;São Paulo;RRAS10;Alvinlândia
350160;3528;35;SP;São Paulo;RRAS15;Americana
350170;3535;35;SP;São Paulo;RRAS18;Américo Brasiliense
350180;3531;35;SP;São Paulo;RRAS12;Américo de Campos
350190;3528;35;SP;São Paulo;RRAS15;Amparo
350200;3529;35;SP;São Paulo;RRAS14;Analândia
350210;3536;35;SP;São Paulo;RRAS19;Andradina
350220;3519;35;SP;São Paulo;RRAS8;Angatuba
350230;3518;35;SP;São Paulo;RRAS9;Anhembi
350240;3532;35;SP;São Paulo;RRAS11;Anhumas
350250;3526;35;SP;São Paulo;RRAS17;Aparecida
350260;3531;35;SP;São Paulo;RRAS12;Aparecida d'Oeste
350270;3519;35;SP;São Paulo;RRAS8;Apiaí
350275;3519;35;SP;São Paulo;RRAS8;Araçariguama
350280;3536;35;SP;São Paulo;RRAS19;Araçatuba
350290;3519;35;SP;São Paulo;RRAS8;Araçoiaba da Serra
350300;3530;35;SP;São Paulo;RRAS13;Aramina
350310;3518;35;SP;São Paulo;RRAS9;Arandu
350315;3526;35;SP;São Paulo;RRAS17;Arapeí
350320;3535;35;SP;São Paulo;RRAS18;Araraquara
350330;3529;35;SP;São Paulo;RRAS14;Araras
350335;3533;35;SP;São Paulo;RRAS10;Arco-Íris
350340;3518;35;SP;São Paulo;RRAS9;Arealva
350350;3526;35;SP;São Paulo;RRAS17;Areias
350360;3518;35;SP;São Paulo;RRAS9;Areiópolis
350370;3531;35;SP;São Paulo;RRAS12;Ariranha
350380;3528;35;SP;São Paulo;RRAS15;Artur Nogueira
350390;3525;35;SP;São Paulo;RRAS2;Arujá
350395;3531;35;SP;São Paulo;RRAS12;Aspásia
350400;3533;35;SP;São Paulo;RRAS10;Assis
350410;3527;35;SP;São Paulo;RRAS16;Atibaia
350420;3536;35;SP;São Paulo;RRAS19;Auriflama
350430;3518;35;SP;São Paulo;RRAS9;Avaí
350440;3536;35;SP;São Paulo;RRAS19;Avanhandava
350450;3518;35;SP;São Paulo;RRAS9;Avaré
350460;3531;35;SP;São Paulo;RRAS12;Bady Bassitt
350470;3518;35;SP;São Paulo;RRAS9;Balbinos
350480;3531;35;SP;São Paulo;RRAS12;Bálsamo
350490;3526;35;SP;São Paulo;RRAS17;Bananal
350500;3518;35;SP;São Paulo;RRAS9;Barão de Antonina
350510;3536;35;SP;São Paulo;RRAS19;Barbosa
350520;3518;35;SP;São Paulo;RRAS9;Bariri
350530;3518;35;SP;São Paulo;RRAS9;Barra Bonita
350535;3519;35;SP;São Paulo;RRAS8;Barra do Chapéu
350540;3520;35;SP;São Paulo;RRAS7;Barra do Turvo
350550;3530;35;SP;São Paulo;RRAS13;Barretos
350560;3530;35;SP;São Paulo;RRAS13;Barrinha
350570;3522;35;SP;São Paulo;RRAS5;Barueri
350580;3533;35;SP;São Paulo;RRAS10;Bastos
350590;3530;35;SP;São Paulo;RRAS13;Batatais
350600;3518;35;SP;São Paulo;RRAS9;Bauru
350610;3530;35;SP;São Paulo;RRAS13;Bebedouro
350620;3536;35;SP;São Paulo;RRAS19;Bento de Abreu
350630;3533;35;SP;São Paulo;RRAS10;Bernardino de Campos
350635;3520;35;SP;São Paulo;RRAS7;Bertioga
350640;3536;35;SP;São Paulo;RRAS19;Bilac
350650;3536;35;SP;São Paulo;RRAS19;Birigui
350660;3525;35;SP;São Paulo;RRAS2;Biritiba Mirim
350670;3535;35;SP;São Paulo;RRAS18;Boa Esperança do Sul
350680;3518;35;SP;São Paulo;RRAS9;Bocaina
350690;3518;35;SP;São Paulo;RRAS9;Bofete
350700;3519;35;SP;São Paulo;RRAS8;Boituva
350710;3527;35;SP;São Paulo;RRAS16;Bom Jesus dos Perdões
350715;3519;35;SP;São Paulo;RRAS8;Bom Sucesso de Itararé
350720;3533;35;SP;São Paulo;RRAS10;Borá
350730;3518;35;SP;São Paulo;RRAS9;Boracéia
350740;3535;35;SP;São Paulo;RRAS18;Borborema
350745;3518;35;SP;São Paulo;RRAS9;Borebi
350750;3518;35;SP;São Paulo;RRAS9;Botucatu
350760;3527;35;SP;São Paulo;RRAS16;Bragança Paulista
350770;3536;35;SP;São Paulo;RRAS19;Braúna
350775;3536;35;SP;São Paulo;RRAS19;Brejo Alegre
350780;3530;35;SP;São Paulo;RRAS13;Brodowski
350790;3518;35;SP;São Paulo;RRAS9;Brotas
350800;3519;35;SP;São Paulo;RRAS8;Buri
350810;3536;35;SP;São Paulo;RRAS19;Buritama
350820;3530;35;SP;São Paulo;RRAS13;Buritizal
350830;3518;35;SP;São Paulo;RRAS9;Cabrália Paulista
350840;3527;35;SP;São Paulo;RRAS16;Cabreúva
350850;3526;35;SP;São Paulo;RRAS17;Caçapava
350860;3526;35;SP;São Paulo;RRAS17;Cachoeira Paulista
350870;3528;35;SP;São Paulo;RRAS15;Caconde
350880;3518;35;SP;São Paulo;RRAS9;Cafelândia
350890;3532;35;SP;São Paulo;RRAS11;Caiabu
350900;3524;35;SP;São Paulo;RRAS3;Caieiras
350910;3532;35;SP;São Paulo;RRAS11;Caiuá
350920;3524;35;SP;São Paulo;RRAS3;Cajamar
350925;3520;35;SP;São Paulo;RRAS7;Cajati
350930;3530;35;SP;São Paulo;RRAS13;Cajobi
350940;3530;35;SP;São Paulo;RRAS13;Cajuru
350945;3519;35;SP;São Paulo;RRAS8;Campina do Monte Alegre
350950;3528;35;SP;São Paulo;RRAS15;Campinas
350960;3527;35;SP;São Paulo;RRAS16;Campo Limpo Paulista
350970;3526;35;SP;São Paulo;RRAS17;Campos do Jordão
350980;3533;35;SP;São Paulo;RRAS10;Campos Novos Paulista
350990;3520;35;SP;São Paulo;RRAS7;Cananéia
350995;3526;35;SP;São Paulo;RRAS17;Canas
351000;3533;35;SP;São Paulo;RRAS10;Cândido Mota
351010;3535;35;SP;São Paulo;RRAS18;Cândido Rodrigues
351015;3533;35;SP;São Paulo;RRAS10;Canitar
351020;3519;35;SP;São Paulo;RRAS8;Capão Bonito
351030;3519;35;SP;São Paulo;RRAS8;Capela do Alto
351040;3529;35;SP;São Paulo;RRAS14;Capivari
351050;3526;35;SP;São Paulo;RRAS17;Caraguatatuba
351060;3522;35;SP;São Paulo;RRAS5;Carapicuíba
351070;3531;35;SP;São Paulo;RRAS12;Cardoso
351080;3528;35;SP;São Paulo;RRAS15;Casa Branca
351090;3530;35;SP;São Paulo;RRAS13;Cássia dos Coqueiros
351100;3536;35;SP;São Paulo;RRAS19;Castilho
351110;3531;35;SP;São Paulo;RRAS12;Catanduva
351120;3531;35;SP;São Paulo;RRAS12;Catiguá
351130;3531;35;SP;São Paulo;RRAS12;Cedral
351140;3518;35;SP;São Paulo;RRAS9;Cerqueira César
351150;3519;35;SP;São Paulo;RRAS8;Cerquilho
351160;3519;35;SP;São Paulo;RRAS8;Cesário Lange
351170;3529;35;SP;São Paulo;RRAS14;Charqueada
351190;3536;35;SP;São Paulo;RRAS19;Clementina
351200;3530;35;SP;São Paulo;RRAS13;Colina
351210;3530;35;SP;São Paulo;RRAS13;Colômbia
351220;3529;35;SP;São Paulo;RRAS14;Conchal
351230;3518;35;SP;São Paulo;RRAS9;Conchas
351240;3529;35;SP;São Paulo;RRAS14;Cordeirópolis
351250;3536;35;SP;São Paulo;RRAS19;Coroados
351260;3518;35;SP;São Paulo;RRAS9;Coronel Macedo
351270;3529;35;SP;São Paulo;RRAS14;Corumbataí
351280;3528;35;SP;São Paulo;RRAS15;Cosmópolis
351290;3531;35;SP;São Paulo;RRAS12;Cosmorama
351300;3523;35;SP;São Paulo;RRAS4;Cotia
351310;3530;35;SP;São Paulo;RRAS13;Cravinhos
351320;3530;35;SP;São Paulo;RRAS13;Cristais Paulista
351330;3533;35;SP;São Paulo;RRAS10;Cruzália
351340;3526;35;SP;São Paulo;RRAS17;Cruzeiro
351350;3520;35;SP;São Paulo;RRAS7;Cubatão
351360;3526;35;SP;São Paulo;RRAS17;Cunha
351370;3535;35;SP;São Paulo;RRAS18;Descalvado
351380;3534;35;SP;São Paulo;RRAS1;Diadema
351385;3531;35;SP;São Paulo;RRAS12;Dirce Reis
351390;3528;35;SP;São Paulo;RRAS15;Divinolândia
351400;3535;35;SP;São Paulo;RRAS18;Dobrada
351410;3518;35;SP;São Paulo;RRAS9;Dois Córregos
351420;3531;35;SP;São Paulo;RRAS12;Dolcinópolis
351430;3535;35;SP;São Paulo;RRAS18;Dourado
351440;3532;35;SP;São Paulo;RRAS11;Dracena
351450;3518;35;SP;São Paulo;RRAS9;Duartina
351460;3530;35;SP;São Paulo;RRAS13;Dumont
351470;3533;35;SP;São Paulo;RRAS10;Echaporã
351480;3520;35;SP;São Paulo;RRAS7;Eldorado
351490;3529;35;SP;São Paulo;RRAS14;Elias Fausto
351492;3531;35;SP;São Paulo;RRAS12;Elisiário
351495;3531;35;SP;São Paulo;RRAS12;Embaúba
351500;3523;35;SP;São Paulo;RRAS4;Embu das Artes
351510;3523;35;SP;São Paulo;RRAS4;Embu-Guaçu
351512;3532;35;SP;São Paulo;RRAS11;Emilianópolis
351515;3529;35;SP;São Paulo;RRAS14;Engenheiro Coelho
351518;3528;35;SP;São Paulo;RRAS15;Espírito Santo do Pinhal
351519;3533;35;SP;São Paulo;RRAS10;Espírito Santo do Turvo
351520;3531;35;SP;São Paulo;RRAS12;Estrela d'Oeste
351530;3532;35;SP;São Paulo;RRAS11;Estrela do Norte
351535;3532;35;SP;São Paulo;RRAS11;Euclides da Cunha Paulista
351540;3518;35;SP;São Paulo;RRAS9;Fartura
351550;3531;35;SP;São Paulo;RRAS12;Fernandópolis
351560;3531;35;SP;São Paulo;RRAS12;Fernando Prestes
351565;3533;35;SP;São Paulo;RRAS10;Fernão
351570;3525;35;SP;São Paulo;RRAS2;Ferraz de Vasconcelos
351580;3532;35;SP;São Paulo;RRAS11;Flora Rica
351590;3531;35;SP;São Paulo;RRAS12;Floreal
351600;3533;35;SP;São Paulo;RRAS10;Flórida Paulista
351610;3533;35;SP;São Paulo;RRAS10;Florínea
351620;3530;35;SP;São Paulo;RRAS13;Franca
351630;3524;35;SP;São Paulo;RRAS3;Francisco Morato
351640;3524;35;SP;São Paulo;RRAS3;Franco da Rocha
351650;3536;35;SP;São Paulo;RRAS19;Gabriel Monteiro
351660;3533;35;SP;São Paulo;RRAS10;Gália
351670;3533;35;SP;São Paulo;RRAS10;Garça
351680;3531;35;SP;São Paulo;RRAS12;Gastão Vidigal
351685;3535;35;SP;São Paulo;RRAS18;Gavião Peixoto
351690;3531;35;SP;São Paulo;RRAS12;General Salgado
351700;3518;35;SP;São Paulo;RRAS9;Getulina
351710;3536;35;SP;São Paulo;RRAS19;Glicério
351720;3518;35;SP;São Paulo;RRAS9;Guaiçara
351730;3533;35;SP;São Paulo;RRAS10;Guaimbê
351740;3530;35;SP;São Paulo;RRAS13;Guaíra
351750;3531;35;SP;São Paulo;RRAS12;Guapiaçu
351760;3519;35;SP;São Paulo;RRAS8;Guapiara
351770;3530;35;SP;São Paulo;RRAS13;Guará
351780;3536;35;SP;São Paulo;RRAS19;Guaraçaí
351790;3530;35;SP;São Paulo;RRAS13;Guaraci
351800;3531;35;SP;São Paulo;RRAS12;Guarani d'Oeste
351810;3533;35;SP;São Paulo;RRAS10;Guarantã
351820;3536;35;SP;São Paulo;RRAS19;Guararapes
351830;3525;35;SP;São Paulo;RRAS2;Guararema
351840;3526;35;SP;São Paulo;RRAS17;Guaratinguetá
351850;3519;35;SP;São Paulo;RRAS8;Guareí
351860;3530;35;SP;São Paulo;RRAS13;Guariba
351870;3520;35;SP;São Paulo;RRAS7;Guarujá
351880;3525;35;SP;São Paulo;RRAS2;Guarulhos
351885;3530;35;SP;São Paulo;RRAS13;Guatapará
351890;3536;35;SP;São Paulo;RRAS19;Guzolândia
351900;3533;35;SP;São Paulo;RRAS10;Herculândia
351905;3528;35;SP;São Paulo;RRAS15;Holambra
351907;3528;35;SP;São Paulo;RRAS15;Hortolândia
351910;3518;35;SP;São Paulo;RRAS9;Iacanga
351920;3533;35;SP;São Paulo;RRAS10;Iacri
351925;3518;35;SP;São Paulo;RRAS9;Iaras
351930;3535;35;SP;São Paulo;RRAS18;Ibaté
351940;3531;35;SP;São Paulo;RRAS12;Ibirá
351950;3533;35;SP;São Paulo;RRAS10;Ibirarema
351960;3535;35;SP;São Paulo;RRAS18;Ibitinga
351970;3519;35;SP;São Paulo;RRAS8;Ibiúna
351980;3531;35;SP;São Paulo;RRAS12;Icém
351990;3532;35;SP;São Paulo;RRAS11;Iepê
352000;3518;35;SP;São Paulo;RRAS9;Igaraçu do Tietê
352010;3530;35;SP;São Paulo;RRAS13;Igarapava
352020;3526;35;SP;São Paulo;RRAS17;Igaratá
352030;3520;35;SP;São Paulo;RRAS7;Iguape
352040;3526;35;SP;São Paulo;RRAS17;Ilhabela
352042;3520;35;SP;São Paulo;RRAS7;Ilha Comprida
352044;3536;35;SP;São Paulo;RRAS19;Ilha Solteira
352050;3528;35;SP;São Paulo;RRAS15;Indaiatuba
352060;3532;35;SP;São Paulo;RRAS11;Indiana
352070;3531;35;SP;São Paulo;RRAS12;Indiaporã
352080;3533;35;SP;São Paulo;RRAS10;Inúbia Paulista
352090;3533;35;SP;São Paulo;RRAS10;Ipaussu
352100;3519;35;SP;São Paulo;RRAS8;Iperó
352110;3529;35;SP;São Paulo;RRAS14;Ipeúna
352115;3531;35;SP;São Paulo;RRAS12;Ipiguá
352120;3520;35;SP;São Paulo;RRAS7;Iporanga
352130;3530;35;SP;São Paulo;RRAS13;Ipuã
352140;3529;35;SP;São Paulo;RRAS14;Iracemápolis
352150;3531;35;SP;São Paulo;RRAS12;Irapuã
352160;3532;35;SP;São Paulo;RRAS11;Irapuru
352170;3519;35;SP;São Paulo;RRAS8;Itaberá
352180;3518;35;SP;São Paulo;RRAS9;Itaí
352190;3531;35;SP;São Paulo;RRAS12;Itajobi
352200;3518;35;SP;São Paulo;RRAS9;Itaju
352210;3520;35;SP;São Paulo;RRAS7;Itanhaém
352215;3519;35;SP;São Paulo;RRAS8;Itaoca
352220;3523;35;SP;São Paulo;RRAS4;Itapecerica da Serra
352230;3519;35;SP;São Paulo;RRAS8;Itapetininga
352240;3519;35;SP;São Paulo;RRAS8;Itapeva
352250;3522;35;SP;São Paulo;RRAS5;Itapevi
352260;3528;35;SP;São Paulo;RRAS15;Itapira
352265;3519;35;SP;São Paulo;RRAS8;Itapirapuã Paulista
352270;3535;35;SP;São Paulo;RRAS18;Itápolis
352280;3518;35;SP;São Paulo;RRAS9;Itaporanga
352290;3518;35;SP;São Paulo;RRAS9;Itapuí
352300;3536;35;SP;São Paulo;RRAS19;Itapura
352310;3525;35;SP;São Paulo;RRAS2;Itaquaquecetuba
352320;3519;35;SP;São Paulo;RRAS8;Itararé
352330;3520;35;SP;São Paulo;RRAS7;Itariri
352340;3528;35;SP;São Paulo;RRAS15;Itatiba
352350;3518;35;SP;São Paulo;RRAS9;Itatinga
352360;3529;35;SP;São Paulo;RRAS14;Itirapina
352370;3530;35;SP;São Paulo;RRAS13;Itirapuã
352380;3528;35;SP;São Paulo;RRAS15;Itobi
352390;3519;35;SP;São Paulo;RRAS8;Itu
352400;3527;35;SP;São Paulo;RRAS16;Itupeva
352410;3530;35;SP;São Paulo;RRAS13;Ituverava
352420;3530;35;SP;São Paulo;RRAS13;Jaborandi
352430;3530;35;SP;São Paulo;RRAS13;Jaboticabal
352440;3526;35;SP;São Paulo;RRAS17;Jacareí
352450;3531;35;SP;São Paulo;RRAS12;Jaci
352460;3520;35;SP;São Paulo;RRAS7;Jacupiranga
352470;3528;35;SP;São Paulo;RRAS15;Jaguariúna
352480;3531;35;SP;São Paulo;RRAS12;Jales
352490;3526;35;SP;São Paulo;RRAS17;Jambeiro
352500;3522;35;SP;São Paulo;RRAS5;Jandira
352510;3530;35;SP;São Paulo;RRAS13;Jardinópolis
352520;3527;35;SP;São Paulo;RRAS16;Jarinu
352530;3518;35;SP;São Paulo;RRAS9;Jaú
352540;3530;35;SP;São Paulo;RRAS13;Jeriquara
352550;3527;35;SP;São Paulo;RRAS16;Joanópolis
352560;3532;35;SP;São Paulo;RRAS11;João Ramalho
352570;3531;35;SP;São Paulo;RRAS12;José Bonifácio
352580;3533;35;SP;São Paulo;RRAS10;Júlio Mesquita
352585;3519;35;SP;São Paulo;RRAS8;Jumirim
352590;3527;35;SP;São Paulo;RRAS16;Jundiaí
352600;3532;35;SP;São Paulo;RRAS11;Junqueirópolis
352610;3520;35;SP;São Paulo;RRAS7;Juquiá
352620;3523;35;SP;São Paulo;RRAS4;Juquitiba
352630;3526;35;SP;São Paulo;RRAS17;Lagoinha
352640;3518;35;SP;São Paulo;RRAS9;Laranjal Paulista
352650;3536;35;SP;São Paulo;RRAS19;Lavínia
352660;3526;35;SP;São Paulo;RRAS17;Lavrinhas
352670;3529;35;SP;São Paulo;RRAS14;Leme
352680;3518;35;SP;São Paulo;RRAS9;Lençóis Paulista
352690;3529;35;SP;São Paulo;RRAS14;Limeira
352700;3528;35;SP;São Paulo;RRAS15;Lindóia
352710;3518;35;SP;São Paulo;RRAS9;Lins
352720;3526;35;SP;São Paulo;RRAS17;Lorena
352725;3536;35;SP;São Paulo;RRAS19;Lourdes
352730;3527;35;SP;São Paulo;RRAS16;Louveira
352740;3533;35;SP;São Paulo;RRAS10;Lucélia
352750;3518;35;SP;São Paulo;RRAS9;Lucianópolis
352760;3530;35;SP;São Paulo;RRAS13;Luís Antônio
352770;3536;35;SP;São Paulo;RRAS19;Luiziânia
352780;3533;35;SP;São Paulo;RRAS10;Lupércio
352790;3533;35;SP;São Paulo;RRAS10;Lutécia
352800;3518;35;SP;São Paulo;RRAS9;Macatuba
352810;3531;35;SP;São Paulo;RRAS12;Macaubal
352820;3531;35;SP;São Paulo;RRAS12;Macedônia
352830;3531;35;SP;São Paulo;RRAS12;Magda
352840;3519;35;SP;São Paulo;RRAS8;Mairinque
352850;3524;35;SP;São Paulo;RRAS3;Mairiporã
352860;3518;35;SP;São Paulo;RRAS9;Manduri
352870;3532;35;SP;São Paulo;RRAS11;Marabá Paulista
352880;3533;35;SP;São Paulo;RRAS10;Maracaí
352885;3531;35;SP;São Paulo;RRAS12;Marapoama
352890;3533;35;SP;São Paulo;RRAS10;Mariápolis
352900;3533;35;SP;São Paulo;RRAS10;Marília
352910;3531;35;SP;São Paulo;RRAS12;Marinópolis
352920;3532;35;SP;São Paulo;RRAS11;Martinópolis
352930;3535;35;SP;São Paulo;RRAS18;Matão
352940;3534;35;SP;São Paulo;RRAS1;Mauá
352950;3531;35;SP;São Paulo;RRAS12;Mendonça
352960;3531;35;SP;São Paulo;RRAS12;Meridiano
352965;3531;35;SP;São Paulo;RRAS12;Mesópolis
352970;3530;35;SP;São Paulo;RRAS13;Miguelópolis
352980;3518;35;SP;São Paulo;RRAS9;Mineiros do Tietê
352990;3520;35;SP;São Paulo;RRAS7;Miracatu
353000;3531;35;SP;São Paulo;RRAS12;Mira Estrela
353010;3536;35;SP;São Paulo;RRAS19;Mirandópolis
353020;3532;35;SP;São Paulo;RRAS11;Mirante do Paranapanema
353030;3531;35;SP;São Paulo;RRAS12;Mirassol
353040;3531;35;SP;São Paulo;RRAS12;Mirassolândia
353050;3528;35;SP;São Paulo;RRAS15;Mococa
353060;3525;35;SP;São Paulo;RRAS2;Mogi das Cruzes
353070;3528;35;SP;São Paulo;RRAS15;Mogi Guaçu
353080;3528;35;SP;São Paulo;RRAS15;Mogi Mirim
353090;3529;35;SP;São Paulo;RRAS14;Mombuca
353100;3531;35;SP;São Paulo;RRAS12;Monções
353110;3520;35;SP;São Paulo;RRAS7;Mongaguá
353120;3528;35;SP;São Paulo;RRAS15;Monte Alegre do Sul
353130;3530;35;SP;São Paulo;RRAS13;Monte Alto
353140;3531;35;SP;São Paulo;RRAS12;Monte Aprazível
353150;3530;35;SP;São Paulo;RRAS13;Monte Azul Paulista
353160;3532;35;SP;São Paulo;RRAS11;Monte Castelo
353170;3526;35;SP;São Paulo;RRAS17;Monteiro Lobato
353180;3528;35;SP;São Paulo;RRAS15;Monte Mor
353190;3530;35;SP;São Paulo;RRAS13;Morro Agudo
353200;3528;35;SP;São Paulo;RRAS15;Morungaba
353205;3535;35;SP;São Paulo;RRAS18;Motuca
353210;3536;35;SP;São Paulo;RRAS19;Murutinga do Sul
353215;3532;35;SP;São Paulo;RRAS11;Nantes
353220;3532;35;SP;São Paulo;RRAS11;Narandiba
353230;3526;35;SP;São Paulo;RRAS17;Natividade da Serra
353240;3527;35;SP;São Paulo;RRAS16;Nazaré Paulista
353250;3531;35;SP;São Paulo;RRAS12;Neves Paulista
353260;3531;35;SP;São Paulo;RRAS12;Nhandeara
353270;3531;35;SP;São Paulo;RRAS12;Nipoã
353280;3531;35;SP;São Paulo;RRAS12;Nova Aliança
353282;3519;35;SP;São Paulo;RRAS8;Nova Campina
353284;3531;35;SP;São Paulo;RRAS12;Nova Canaã Paulista
353286;3536;35;SP;São Paulo;RRAS19;Nova Castilho
353290;3535;35;SP;São Paulo;RRAS18;Nova Europa
353300;3531;35;SP;São Paulo;RRAS12;Nova Granada
353310;3532;35;SP;São Paulo;RRAS11;Nova Guataporanga
353320;3536;35;SP;São Paulo;RRAS19;Nova Independência
353325;3531;35;SP;São Paulo;RRAS12;Novais
353330;3536;35;SP;São Paulo;RRAS19;Nova Luzitânia
353340;3528;35;SP;São Paulo;RRAS15;Nova Odessa
353350;3531;35;SP;São Paulo;RRAS12;Novo Horizonte
353360;3530;35;SP;São Paulo;RRAS13;Nuporanga
353370;3533;35;SP;São Paulo;RRAS10;Ocauçu
353380;3533;35;SP;São Paulo;RRAS10;Óleo
353390;3530;35;SP;São Paulo;RRAS13;Olímpia
353400;3531;35;SP;São Paulo;RRAS12;Onda Verde
353410;3533;35;SP;São Paulo;RRAS10;Oriente
353420;3531;35;SP;São Paulo;RRAS12;Orindiúva
353430;3530;35;SP;São Paulo;RRAS13;Orlândia
353440;3522;35;SP;São Paulo;RRAS5;Osasco
353450;3533;35;SP;São Paulo;RRAS10;Oscar Bressane
353460;3533;35;SP;São Paulo;RRAS10;Osvaldo Cruz
353470;3533;35;SP;São Paulo;RRAS10;Ourinhos
353475;3531;35;SP;São Paulo;RRAS12;Ouroeste
353480;3532;35;SP;São Paulo;RRAS11;Ouro Verde
353490;3533;35;SP;São Paulo;RRAS10;Pacaembu
353500;3531;35;SP;São Paulo;RRAS12;Palestina
353510;3531;35;SP;São Paulo;RRAS12;Palmares Paulista
353520;3531;35;SP;São Paulo;RRAS12;Palmeira d'Oeste
353530;3533;35;SP;São Paulo;RRAS10;Palmital
353540;3532;35;SP;São Paulo;RRAS11;Panorama
353550;3533;35;SP;São Paulo;RRAS10;Paraguaçu Paulista
353560;3526;35;SP;São Paulo;RRAS17;Paraibuna
353570;3531;35;SP;São Paulo;RRAS12;Paraíso
353580;3518;35;SP;São Paulo;RRAS9;Paranapanema
353590;3531;35;SP;São Paulo;RRAS12;Paranapuã
353600;3533;35;SP;São Paulo;RRAS10;Parapuã
353610;3518;35;SP;São Paulo;RRAS9;Pardinho
353620;3520;35;SP;São Paulo;RRAS7;Pariquera-Açu
353625;3531;35;SP;São Paulo;RRAS12;Parisi
353630;3530;35;SP;São Paulo;RRAS13;Patrocínio Paulista
353640;3532;35;SP;São Paulo;RRAS11;Paulicéia
353650;3528;35;SP;São Paulo;RRAS15;Paulínia
353657;3518;35;SP;São Paulo;RRAS9;Paulistânia
353660;3531;35;SP;São Paulo;RRAS12;Paulo de Faria
353670;3518;35;SP;São Paulo;RRAS9;Pederneiras
353680;3527;35;SP;São Paulo;RRAS16;Pedra Bela
353690;3531;35;SP;São Paulo;RRAS12;Pedranópolis
353700;3530;35;SP;São Paulo;RRAS13;Pedregulho
353710;3528;35;SP;São Paulo;RRAS15;Pedreira
353715;3533;35;SP;São Paulo;RRAS10;Pedrinhas Paulista
353720;3520;35;SP;São Paulo;RRAS7;Pedro de Toledo
353730;3536;35;SP;São Paulo;RRAS19;Penápolis
353740;3536;35;SP;São Paulo;RRAS19;Pereira Barreto
353750;3518;35;SP;São Paulo;RRAS9;Pereiras
353760;3520;35;SP;São Paulo;RRAS7;Peruíbe
353770;3536;35;SP;São Paulo;RRAS19;Piacatu
353780;3519;35;SP;São Paulo;RRAS8;Piedade
353790;3519;35;SP;São Paulo;RRAS8;Pilar do Sul
353800;3526;35;SP;São Paulo;RRAS17;Pindamonhangaba
353810;3531;35;SP;São Paulo;RRAS12;Pindorama
353820;3527;35;SP;São Paulo;RRAS16;Pinhalzinho
353830;3532;35;SP;São Paulo;RRAS11;Piquerobi
353850;3526;35;SP;São Paulo;RRAS17;Piquete
353860;3527;35;SP;São Paulo;RRAS16;Piracaia
353870;3529;35;SP;São Paulo;RRAS14;Piracicaba
353880;3518;35;SP;São Paulo;RRAS9;Piraju
353890;3518;35;SP;São Paulo;RRAS9;Pirajuí
353900;3531;35;SP;São Paulo;RRAS12;Pirangi
353910;3522;35;SP;São Paulo;RRAS5;Pirapora do Bom Jesus
353920;3532;35;SP;São Paulo;RRAS11;Pirapozinho
353930;3529;35;SP;São Paulo;RRAS14;Pirassununga
353940;3518;35;SP;São Paulo;RRAS9;Piratininga
353950;3530;35;SP;São Paulo;RRAS13;Pitangueiras
353960;3531;35;SP;São Paulo;RRAS12;Planalto
353970;3533;35;SP;São Paulo;RRAS10;Platina
353980;3525;35;SP;São Paulo;RRAS2;Poá
353990;3531;35;SP;São Paulo;RRAS12;Poloni
354000;3533;35;SP;São Paulo;RRAS10;Pompéia
354010;3518;35;SP;São Paulo;RRAS9;Pongaí
354020;3530;35;SP;São Paulo;RRAS13;Pontal
354025;3531;35;SP;São Paulo;RRAS12;Pontalinda
354030;3531;35;SP;São Paulo;RRAS12;Pontes Gestal
354040;3531;35;SP;São Paulo;RRAS12;Populina
354050;3518;35;SP;São Paulo;RRAS9;Porangaba
354060;3519;35;SP;São Paulo;RRAS8;Porto Feliz
354070;3535;35;SP;São Paulo;RRAS18;Porto Ferreira
354075;3526;35;SP;São Paulo;RRAS17;Potim
354080;3531;35;SP;São Paulo;RRAS12;Potirendaba
354085;3533;35;SP;São Paulo;RRAS10;Pracinha
354090;3530;35;SP;São Paulo;RRAS13;Pradópolis
354100;3520;35;SP;São Paulo;RRAS7;Praia Grande
354105;3518;35;SP;São Paulo;RRAS9;Pratânia
354110;3518;35;SP;São Paulo;RRAS9;Presidente Alves
354120;3532;35;SP;São Paulo;RRAS11;Presidente Bernardes
354130;3532;35;SP;São Paulo;RRAS11;Presidente Epitácio
354140;3532;35;SP;São Paulo;RRAS11;Presidente Prudente
354150;3532;35;SP;São Paulo;RRAS11;Presidente Venceslau
354160;3518;35;SP;São Paulo;RRAS9;Promissão
354165;3519;35;SP;São Paulo;RRAS8;Quadra
354170;3532;35;SP;São Paulo;RRAS11;Quatá
354180;3533;35;SP;São Paulo;RRAS10;Queiroz
354190;3526;35;SP;São Paulo;RRAS17;Queluz
354200;3533;35;SP;São Paulo;RRAS10;Quintana
354210;3529;35;SP;São Paulo;RRAS14;Rafard
354220;3532;35;SP;São Paulo;RRAS11;Rancharia
354230;3526;35;SP;São Paulo;RRAS17;Redenção da Serra
354240;3532;35;SP;São Paulo;RRAS11;Regente Feijó
354250;3518;35;SP;São Paulo;RRAS9;Reginópolis
354260;3520;35;SP;São Paulo;RRAS7;Registro
354270;3530;35;SP;São Paulo;RRAS13;Restinga
354280;3519;35;SP;São Paulo;RRAS8;Ribeira
354290;3535;35;SP;São Paulo;RRAS18;Ribeirão Bonito
354300;3519;35;SP;São Paulo;RRAS8;Ribeirão Branco
354310;3530;35;SP;São Paulo;RRAS13;Ribeirão Corrente
354320;3533;35;SP;São Paulo;RRAS10;Ribeirão do Sul
354323;3532;35;SP;São Paulo;RRAS11;Ribeirão dos Índios
354325;3519;35;SP;São Paulo;RRAS8;Ribeirão Grande
354330;3534;35;SP;São Paulo;RRAS1;Ribeirão Pires
354340;3530;35;SP;São Paulo;RRAS13;Ribeirão Preto
354350;3519;35;SP;São Paulo;RRAS8;Riversul
354360;3530;35;SP;São Paulo;RRAS13;Rifaina
354370;3535;35;SP;São Paulo;RRAS18;Rincão
354380;3533;35;SP;São Paulo;RRAS10;Rinópolis
354390;3529;35;SP;São Paulo;RRAS14;Rio Claro
354400;3529;35;SP;São Paulo;RRAS14;Rio das Pedras
354410;3534;35;SP;São Paulo;RRAS1;Rio Grande da Serra
354420;3531;35;SP;São Paulo;RRAS12;Riolândia
354425;3532;35;SP;São Paulo;RRAS11;Rosana
354430;3526;35;SP;São Paulo;RRAS17;Roseira
354440;3536;35;SP;São Paulo;RRAS19;Rubiácea
354450;3531;35;SP;São Paulo;RRAS12;Rubinéia
354460;3518;35;SP;São Paulo;RRAS9;Sabino
354470;3533;35;SP;São Paulo;RRAS10;Sagres
354480;3531;35;SP;São Paulo;RRAS12;Sales
354490;3530;35;SP;São Paulo;RRAS13;Sales Oliveira
354500;3525;35;SP;São Paulo;RRAS2;Salesópolis
354510;3533;35;SP;São Paulo;RRAS10;Salmourão
354515;3529;35;SP;São Paulo;RRAS14;Saltinho
354520;3519;35;SP;São Paulo;RRAS8;Salto
354530;3519;35;SP;São Paulo;RRAS8;Salto de Pirapora
354540;3533;35;SP;São Paulo;RRAS10;Salto Grande
354550;3532;35;SP;São Paulo;RRAS11;Sandovalina
354560;3531;35;SP;São Paulo;RRAS12;Santa Adélia
354570;3531;35;SP;São Paulo;RRAS12;Santa Albertina
354580;3528;35;SP;São Paulo;RRAS15;Santa Bárbara d'Oeste
354600;3526;35;SP;São Paulo;RRAS17;Santa Branca
354610;3531;35;SP;São Paulo;RRAS12;Santa Clara d'Oeste
354620;3529;35;SP;São Paulo;RRAS14;Santa Cruz da Conceição
354625;3530;35;SP;São Paulo;RRAS13;Santa Cruz da Esperança
354630;3528;35;SP;São Paulo;RRAS15;Santa Cruz das Palmeiras
354640;3533;35;SP;São Paulo;RRAS10;Santa Cruz do Rio Pardo
354650;3535;35;SP;São Paulo;RRAS18;Santa Ernestina
354660;3531;35;SP;São Paulo;RRAS12;Santa Fé do Sul
354670;3529;35;SP;São Paulo;RRAS14;Santa Gertrudes
354680;3525;35;SP;São Paulo;RRAS2;Santa Isabel
354690;3535;35;SP;São Paulo;RRAS18;Santa Lúcia
354700;3529;35;SP;São Paulo;RRAS14;Santa Maria da Serra
354710;3532;35;SP;São Paulo;RRAS11;Santa Mercedes
354720;3531;35;SP;São Paulo;RRAS12;Santana da Ponte Pensa
354730;3522;35;SP;São Paulo;RRAS5;Santana de Parnaíba
354740;3531;35;SP;São Paulo;RRAS12;Santa Rita d'Oeste
354750;3530;35;SP;São Paulo;RRAS13;Santa Rita do Passa Quatro
354760;3530;35;SP;São Paulo;RRAS13;Santa Rosa de Viterbo
354765;3531;35;SP;São Paulo;RRAS12;Santa Salete
354770;3532;35;SP;São Paulo;RRAS11;Santo Anastácio
354780;3534;35;SP;São Paulo;RRAS1;Santo André
354790;3530;35;SP;São Paulo;RRAS13;Santo Antônio da Alegria
354800;3528;35;SP;São Paulo;RRAS15;Santo Antônio de Posse
354805;3536;35;SP;São Paulo;RRAS19;Santo Antônio do Aracanguá
354810;3528;35;SP;São Paulo;RRAS15;Santo Antônio do Jardim
354820;3526;35;SP;São Paulo;RRAS17;Santo Antônio do Pinhal
354830;3532;35;SP;São Paulo;RRAS11;Santo Expedito
354840;3536;35;SP;São Paulo;RRAS19;Santópolis do Aguapeí
354850;3520;35;SP;São Paulo;RRAS7;Santos
354860;3526;35;SP;São Paulo;RRAS17;São Bento do Sapucaí
354870;3534;35;SP;São Paulo;RRAS1;São Bernardo do Campo
354880;3534;35;SP;São Paulo;RRAS1;São Caetano do Sul
354890;3535;35;SP;São Paulo;RRAS18;São Carlos
354900;3531;35;SP;São Paulo;RRAS12;São Francisco
354910;3528;35;SP;São Paulo;RRAS15;São João da Boa Vista
354920;3531;35;SP;São Paulo;RRAS12;São João das Duas Pontes
354925;3531;35;SP;São Paulo;RRAS12;São João de Iracema
354930;3532;35;SP;São Paulo;RRAS11;São João do Pau d'Alho
354940;3530;35;SP;São Paulo;RRAS13;São Joaquim da Barra
354950;3530;35;SP;São Paulo;RRAS13;São José da Bela Vista
354960;3526;35;SP;São Paulo;RRAS17;São José do Barreiro
354970;3528;35;SP;São Paulo;RRAS15;São José do Rio Pardo
354980;3531;35;SP;São Paulo;RRAS12;São José do Rio Preto
354990;3526;35;SP;São Paulo;RRAS17;São José dos Campos
354995;3523;35;SP;São Paulo;RRAS4;São Lourenço da Serra
355000;3526;35;SP;São Paulo;RRAS17;São Luiz do Paraitinga
355010;3518;35;SP;São Paulo;RRAS9;São Manuel
355020;3519;35;SP;São Paulo;RRAS8;São Miguel Arcanjo
355030;3521;35;SP;São Paulo;RRAS6;São Paulo
355040;3529;35;SP;São Paulo;RRAS14;São Pedro
355050;3533;35;SP;São Paulo;RRAS10;São Pedro do Turvo
355060;3519;35;SP;São Paulo;RRAS8;São Roque
355070;3526;35;SP;São Paulo;RRAS17;São Sebastião
355080;3528;35;SP;São Paulo;RRAS15;São Sebastião da Grama
355090;3530;35;SP;São Paulo;RRAS13;São Simão
355100;3520;35;SP;São Paulo;RRAS7;São Vicente
355110;3519;35;SP;São Paulo;RRAS8;Sarapuí
355120;3518;35;SP;São Paulo;RRAS9;Sarutaiá
355130;3531;35;SP;São Paulo;RRAS12;Sebastianópolis do Sul
355140;3530;35;SP;São Paulo;RRAS13;Serra Azul
355150;3530;35;SP;São Paulo;RRAS13;Serrana
355160;3528;35;SP;São Paulo;RRAS15;Serra Negra
355170;3530;35;SP;São Paulo;RRAS13;Sertãozinho
355180;3520;35;SP;São Paulo;RRAS7;Sete Barras
355190;3530;35;SP;São Paulo;RRAS13;Severínia
355200;3526;35;SP;São Paulo;RRAS17;Silveiras
355210;3527;35;SP;São Paulo;RRAS16;Socorro
355220;3519;35;SP;São Paulo;RRAS8;Sorocaba
355230;3536;35;SP;São Paulo;RRAS19;Sud Mennucci
355240;3528;35;SP;São Paulo;RRAS15;Sumaré
355250;3525;35;SP;São Paulo;RRAS2;Suzano
355255;3536;35;SP;São Paulo;RRAS19;Suzanápolis
355260;3531;35;SP;São Paulo;RRAS12;Tabapuã
355270;3535;35;SP;São Paulo;RRAS18;Tabatinga
355280;3523;35;SP;São Paulo;RRAS4;Taboão da Serra
355290;3532;35;SP;São Paulo;RRAS11;Taciba
355300;3518;35;SP;São Paulo;RRAS9;Taguaí
355310;3530;35;SP;São Paulo;RRAS13;Taiaçu
355320;3530;35;SP;São Paulo;RRAS13;Taiúva
355330;3528;35;SP;São Paulo;RRAS15;Tambaú
355340;3531;35;SP;São Paulo;RRAS12;Tanabi
355350;3519;35;SP;São Paulo;RRAS8;Tapiraí
355360;3528;35;SP;São Paulo;RRAS15;Tapiratiba
355365;3530;35;SP;São Paulo;RRAS13;Taquaral
355370;3535;35;SP;São Paulo;RRAS18;Taquaritinga
355380;3518;35;SP;São Paulo;RRAS9;Taquarituba
355385;3519;35;SP;São Paulo;RRAS8;Taquarivaí
355390;3532;35;SP;São Paulo;RRAS11;Tarabai
355395;3533;35;SP;São Paulo;RRAS10;Tarumã
355400;3519;35;SP;São Paulo;RRAS8;Tatuí
355410;3526;35;SP;São Paulo;RRAS17;Taubaté
355420;3518;35;SP;São Paulo;RRAS9;Tejupá
355430;3532;35;SP;São Paulo;RRAS11;Teodoro Sampaio
355440;3530;35;SP;São Paulo;RRAS13;Terra Roxa
355450;3519;35;SP;São Paulo;RRAS8;Tietê
355460;3533;35;SP;São Paulo;RRAS10;Timburi
355465;3518;35;SP;São Paulo;RRAS9;Torre de Pedra
355470;3518;35;SP;São Paulo;RRAS9;Torrinha
355475;3535;35;SP;São Paulo;RRAS18;Trabiju
355480;3526;35;SP;São Paulo;RRAS17;Tremembé
355490;3531;35;SP;São Paulo;RRAS12;Três Fronteiras
355495;3527;35;SP;São Paulo;RRAS16;Tuiuti
355500;3533;35;SP;São Paulo;RRAS10;Tupã
355510;3532;35;SP;São Paulo;RRAS11;Tupi Paulista
355520;3536;35;SP;São Paulo;RRAS19;Turiúba
355530;3531;35;SP;São Paulo;RRAS12;Turmalina
355535;3531;35;SP;São Paulo;RRAS12;Ubarana
355540;3526;35;SP;São Paulo;RRAS17;Ubatuba
355550;3533;35;SP;São Paulo;RRAS10;Ubirajara
355560;3531;35;SP;São Paulo;RRAS12;Uchoa
355570;3531;35;SP;São Paulo;RRAS12;União Paulista
355580;3531;35;SP;São Paulo;RRAS12;Urânia
355590;3518;35;SP;São Paulo;RRAS9;Uru
355600;3531;35;SP;São Paulo;RRAS12;Urupês
355610;3531;35;SP;São Paulo;RRAS12;Valentim Gentil
355620;3528;35;SP;São Paulo;RRAS15;Valinhos
355630;3536;35;SP;São Paulo;RRAS19;Valparaíso
355635;3527;35;SP;São Paulo;RRAS16;Vargem
355640;3528;35;SP;São Paulo;RRAS15;Vargem Grande do Sul
355645;3523;35;SP;São Paulo;RRAS4;Vargem Grande Paulista
355650;3527;35;SP;São Paulo;RRAS16;Várzea Paulista
355660;3533;35;SP;São Paulo;RRAS10;Vera Cruz
355670;3528;35;SP;São Paulo;RRAS15;Vinhedo
355680;3530;35;SP;São Paulo;RRAS13;Viradouro
355690;3530;35;SP;São Paulo;RRAS13;Vista Alegre do Alto
355695;3531;35;SP;São Paulo;RRAS12;Vitória Brasil
355700;3519;35;SP;São Paulo;RRAS8;Votorantim
355710;3531;35;SP;São Paulo;RRAS12;Votuporanga
355715;3531;35;SP;São Paulo;RRAS12;Zacarias
355720;3533;35;SP;São Paulo;RRAS10;Chavantes
355730;3528;35;SP;São Paulo;RRAS15;Estiva Gerbi
410010;4105;41;PR;Paraná;MACRORREGIONAL NORTE;Abatiá
410020;4107;41;PR;Paraná;MACRORREGIONAL LESTE;Adrianópolis
410030;4107;41;PR;Paraná;MACRORREGIONAL LESTE;Agudos do Sul
410040;4107;41;PR;Paraná;MACRORREGIONAL LESTE;Almirante Tamandaré
410045;4106;41;PR;Paraná;MACRORREGIONAL NOROESTE;Altamira do Paraná
410050;4106;41;PR;Paraná;MACRORREGIONAL NOROESTE;Altônia
410060;4106;41;PR;Paraná;MACRORREGIONAL NOROESTE;Alto Paraná
410070;4106;41;PR;Paraná;MACRORREGIONAL NOROESTE;Alto Piquiri
410080;4105;41;PR;Paraná;MACRORREGIONAL NORTE;Alvorada do Sul
410090;4106;41;PR;Paraná;MACRORREGIONAL NOROESTE;Amaporã
410100;4108;41;PR;Paraná;MACRORREGIAO OESTE;Ampére
410105;4108;41;PR;Paraná;MACRORREGIAO OESTE;Anahy
410110;4105;41;PR;Paraná;MACRORREGIONAL NORTE;Andirá
410115;4106;41;PR;Paraná;MACRORREGIONAL NOROESTE;Ângulo
410120;4107;41;PR;Paraná;MACRORREGIONAL LESTE;Antonina
410130;4107;41;PR;Paraná;MACRORREGIONAL LESTE;Antônio Olinto
410140;4105;41;PR;Paraná;MACRORREGIONAL NORTE;Apucarana
410150;4105;41;PR;Paraná;MACRORREGIONAL NORTE;Arapongas
410160;4107;41;PR;Paraná;MACRORREGIONAL LESTE;Arapoti
410165;4105;41;PR;Paraná;MACRORREGIONAL NORTE;Arapuã
410170;4106;41;PR;Paraná;MACRORREGIONAL NOROESTE;Araruna
410180;4107;41;PR;Paraná;MACRORREGIONAL LESTE;Araucária
410185;4105;41;PR;Paraná;MACRORREGIONAL NORTE;Ariranha do Ivaí
410190;4105;41;PR;Paraná;MACRORREGIONAL NORTE;Assaí
410200;4108;41;PR;Paraná;MACRORREGIAO OESTE;Assis Chateaubriand
410210;4106;41;PR;Paraná;MACRORREGIONAL NOROESTE;Astorga
410220;4106;41;PR;Paraná;MACRORREGIONAL NOROESTE;Atalaia
410230;4107;41;PR;Paraná;MACRORREGIONAL LESTE;Balsa Nova
410240;4105;41;PR;Paraná;MACRORREGIONAL NORTE;Bandeirantes
410250;4106;41;PR;Paraná;MACRORREGIONAL NOROESTE;Barbosa Ferraz
410260;4108;41;PR;Paraná;MACRORREGIAO OESTE;Barracão
410270;4105;41;PR;Paraná;MACRORREGIONAL NORTE;Barra do Jacaré
410275;4108;41;PR;Paraná;MACRORREGIAO OESTE;Bela Vista da Caroba
410280;4105;41;PR;Paraná;MACRORREGIONAL NORTE;Bela Vista do Paraíso
410290;4107;41;PR;Paraná;MACRORREGIONAL LESTE;Bituruna
410300;4106;41;PR;Paraná;MACRORREGIONAL NOROESTE;Boa Esperança
410302;4108;41;PR;Paraná;MACRORREGIAO OESTE;Boa Esperança do Iguaçu
410304;4107;41;PR;Paraná;MACRORREGIONAL LESTE;Boa Ventura de São Roque
410305;4108;41;PR;Paraná;MACRORREGIAO OESTE;Boa Vista da Aparecida
410310;4107;41;PR;Paraná;MACRORREGIONAL LESTE;Bocaiúva do Sul
410315;4108;41;PR;Paraná;MACRORREGIAO OESTE;Bom Jesus do Sul
410320;4105;41;PR;Paraná;MACRORREGIONAL NORTE;Bom Sucesso
410322;4108;41;PR;Paraná;MACRORREGIAO OESTE;Bom Sucesso do Sul
410330;4105;41;PR;Paraná;MACRORREGIONAL NORTE;Borrazópolis
410335;4108;41;PR;Paraná;MACRORREGIAO OESTE;Braganey
410337;4106;41;PR;Paraná;MACRORREGIONAL NOROESTE;Brasilândia do Sul
410340;4105;41;PR;Paraná;MACRORREGIONAL NORTE;Cafeara
410345;4108;41;PR;Paraná;MACRORREGIAO OESTE;Cafelândia
410347;4106;41;PR;Paraná;MACRORREGIONAL NOROESTE;Cafezal do Sul
410350;4105;41;PR;Paraná;MACRORREGIONAL NORTE;Califórnia
410360;4105;41;PR;Paraná;MACRORREGIONAL NORTE;Cambará
410370;4105;41;PR;Paraná;MACRORREGIONAL NORTE;Cambé
410380;4105;41;PR;Paraná;MACRORREGIONAL NORTE;Cambira
410390;4106;41;PR;Paraná;MACRORREGIONAL NOROESTE;Campina da Lagoa
410395;4107;41;PR;Paraná;MACRORREGIONAL LESTE;Campina do Simão
410400;4107;41;PR;Paraná;MACRORREGIONAL LESTE;Campina Grande do Sul
410405;4108;41;PR;Paraná;MACRORREGIAO OESTE;Campo Bonito
410410;4107;41;PR;Paraná;MACRORREGIONAL LESTE;Campo do Tenente
410420;4107;41;PR;Paraná;MACRORREGIONAL LESTE;Campo Largo
410425;4107;41;PR;Paraná;MACRORREGIONAL LESTE;Campo Magro
410430;4106;41;PR;Paraná;MACRORREGIONAL NOROESTE;Campo Mourão
410440;4105;41;PR;Paraná;MACRORREGIONAL NORTE;Cândido de Abreu
410442;4107;41;PR;Paraná;MACRORREGIONAL LESTE;Candói
410445;4107;41;PR;Paraná;MACRORREGIONAL LESTE;Cantagalo
410450;4108;41;PR;Paraná;MACRORREGIAO OESTE;Capanema
410460;4108;41;PR;Paraná;MACRORREGIAO OESTE;Capitão Leônidas Marques
410465;4107;41;PR;Paraná;MACRORREGIONAL LESTE;Carambeí
410470;4105;41;PR;Paraná;MACRORREGIONAL NORTE;Carlópolis
410480;4108;41;PR;Paraná;MACRORREGIAO OESTE;Cascavel
410490;4107;41;PR;Paraná;MACRORREGIONAL LESTE;Castro
410500;4108;41;PR;Paraná;MACRORREGIAO OESTE;Catanduvas
410510;4105;41;PR;Paraná;MACRORREGIONAL NORTE;Centenário do Sul
410520;4107;41;PR;Paraná;MACRORREGIONAL LESTE;Cerro Azul
410530;4108;41;PR;Paraná;MACRORREGIAO OESTE;Céu Azul
410540;4108;41;PR;Paraná;MACRORREGIAO OESTE;Chopinzinho
410550;4106;41;PR;Paraná;MACRORREGIONAL NOROESTE;Cianorte
410560;4106;41;PR;Paraná;MACRORREGIONAL NOROESTE;Cidade Gaúcha
410570;4108;41;PR;Paraná;MACRORREGIAO OESTE;Clevelândia
410580;4107;41;PR;Paraná;MACRORREGIONAL LESTE;Colombo
410590;4106;41;PR;Paraná;MACRORREGIONAL NOROESTE;Colorado
410600;4105;41;PR;Paraná;MACRORREGIONAL NORTE;Congonhinhas
410610;4105;41;PR;Paraná;MACRORREGIONAL NORTE;Conselheiro Mairinck
410620;4107;41;PR;Paraná;MACRORREGIONAL LESTE;Contenda
410630;4108;41;PR;Paraná;MACRORREGIAO OESTE;Corbélia
410640;4105;41;PR;Paraná;MACRORREGIONAL NORTE;Cornélio Procópio
410645;4108;41;PR;Paraná;MACRORREGIAO OESTE;Coronel Domingos Soares
410650;4108;41;PR;Paraná;MACRORREGIAO OESTE;Coronel Vivida
410655;4106;41;PR;Paraná;MACRORREGIONAL NOROESTE;Corumbataí do Sul
410657;4108;41;PR;Paraná;MACRORREGIAO OESTE;Cruzeiro do Iguaçu
410660;4106;41;PR;Paraná;MACRORREGIONAL NOROESTE;Cruzeiro do Oeste
410670;4106;41;PR;Paraná;MACRORREGIONAL NOROESTE;Cruzeiro do Sul
410680;4107;41;PR;Paraná;MACRORREGIONAL LESTE;Cruz Machado
410685;4105;41;PR;Paraná;MACRORREGIONAL NORTE;Cruzmaltina
410690;4107;41;PR;Paraná;MACRORREGIONAL LESTE;Curitiba
410700;4107;41;PR;Paraná;MACRORREGIONAL LESTE;Curiúva
410710;4106;41;PR;Paraná;MACRORREGIONAL NOROESTE;Diamante do Norte
410712;4108;41;PR;Paraná;MACRORREGIAO OESTE;Diamante do Sul
410715;4108;41;PR;Paraná;MACRORREGIAO OESTE;Diamante D'Oeste
410720;4108;41;PR;Paraná;MACRORREGIAO OESTE;Dois Vizinhos
410725;4106;41;PR;Paraná;MACRORREGIONAL NOROESTE;Douradina
410730;4106;41;PR;Paraná;MACRORREGIONAL NOROESTE;Doutor Camargo
410740;4108;41;PR;Paraná;MACRORREGIAO OESTE;Enéas Marques
410750;4106;41;PR;Paraná;MACRORREGIONAL NOROESTE;Engenheiro Beltrão
410752;4106;41;PR;Paraná;MACRORREGIONAL NOROESTE;Esperança Nova
410753;4108;41;PR;Paraná;MACRORREGIAO OESTE;Entre Rios do Oeste
410754;4108;41;PR;Paraná;MACRORREGIAO OESTE;Espigão Alto do Iguaçu
410755;4106;41;PR;Paraná;MACRORREGIONAL NOROESTE;Farol
410760;4105;41;PR;Paraná;MACRORREGIONAL NORTE;Faxinal
410765;4107;41;PR;Paraná;MACRORREGIONAL LESTE;Fazenda Rio Grande
410770;4106;41;PR;Paraná;MACRORREGIONAL NOROESTE;Fênix
410773;4107;41;PR;Paraná;MACRORREGIONAL LESTE;Fernandes Pinheiro
410775;4105;41;PR;Paraná;MACRORREGIONAL NORTE;Figueira
410780;4106;41;PR;Paraná;MACRORREGIONAL NOROESTE;Floraí
410785;4108;41;PR;Paraná;MACRORREGIAO OESTE;Flor da Serra do Sul
410790;4106;41;PR;Paraná;MACRORREGIONAL NOROESTE;Floresta
410800;4105;41;PR;Paraná;MACRORREGIONAL NORTE;Florestópolis
410810;4106;41;PR;Paraná;MACRORREGIONAL NOROESTE;Flórida
410820;4108;41;PR;Paraná;MACRORREGIAO OESTE;Formosa do Oeste
410830;4108;41;PR;Paraná;MACRORREGIAO OESTE;Foz do Iguaçu
410832;4106;41;PR;Paraná;MACRORREGIONAL NOROESTE;Francisco Alves
410840;4108;41;PR;Paraná;MACRORREGIAO OESTE;Francisco Beltrão
410845;4107;41;PR;Paraná;MACRORREGIONAL LESTE;Foz do Jordão
410850;4107;41;PR;Paraná;MACRORREGIONAL LESTE;General Carneiro
410855;4105;41;PR;Paraná;MACRORREGIONAL NORTE;Godoy Moreira
410860;4106;41;PR;Paraná;MACRORREGIONAL NOROESTE;Goioerê
410865;4107;41;PR;Paraná;MACRORREGIONAL LESTE;Goioxim
410870;4105;41;PR;Paraná;MACRORREGIONAL NORTE;Grandes Rios
410880;4108;41;PR;Paraná;MACRORREGIAO OESTE;Guaíra
410890;4106;41;PR;Paraná;MACRORREGIONAL NOROESTE;Guairaçá
410895;4107;41;PR;Paraná;MACRORREGIONAL LESTE;Guamiranga
410900;4105;41;PR;Paraná;MACRORREGIONAL NORTE;Guapirama
410910;4106;41;PR;Paraná;MACRORREGIONAL NOROESTE;Guaporema
410920;4105;41;PR;Paraná;MACRORREGIONAL NORTE;Guaraci
410930;4108;41;PR;Paraná;MACRORREGIAO OESTE;Guaraniaçu
410940;4107;41;PR;Paraná;MACRORREGIONAL LESTE;Guarapuava
410950;4107;41;PR;Paraná;MACRORREGIONAL LESTE;Guaraqueçaba
410960;4107;41;PR;Paraná;MACRORREGIONAL LESTE;Guaratuba
410965;4108;41;PR;Paraná;MACRORREGIAO OESTE;Honório Serpa
410970;4105;41;PR;Paraná;MACRORREGIONAL NORTE;Ibaiti
410975;4108;41;PR;Paraná;MACRORREGIAO OESTE;Ibema
410980;4105;41;PR;Paraná;MACRORREGIONAL NORTE;Ibiporã
410990;4106;41;PR;Paraná;MACRORREGIONAL NOROESTE;Icaraíma
411000;4106;41;PR;Paraná;MACRORREGIONAL NOROESTE;Iguaraçu
411005;4108;41;PR;Paraná;MACRORREGIAO OESTE;Iguatu
411007;4107;41;PR;Paraná;MACRORREGIONAL LESTE;Imbaú
411010;4107;41;PR;Paraná;MACRORREGIONAL LESTE;Imbituva
411020;4107;41;PR;Paraná;MACRORREGIONAL LESTE;Inácio Martins
411030;4106;41;PR;Paraná;MACRORREGIONAL NOROESTE;Inajá
411040;4106;41;PR;Paraná;MACRORREGIONAL NOROESTE;Indianópolis
411050;4107;41;PR;Paraná;MACRORREGIONAL LESTE;Ipiranga
411060;4106;41;PR;Paraná;MACRORREGIONAL NOROESTE;Iporã
411065;4108;41;PR;Paraná;MACRORREGIAO OESTE;Iracema do Oeste
411070;4107;41;PR;Paraná;MACRORREGIONAL LESTE;Irati
411080;4106;41;PR;Paraná;MACRORREGIONAL NOROESTE;Iretama
411090;4106;41;PR;Paraná;MACRORREGIONAL NOROESTE;Itaguajé
411095;4108;41;PR;Paraná;MACRORREGIAO OESTE;Itaipulândia
411100;4105;41;PR;Paraná;MACRORREGIONAL NORTE;Itambaracá
411110;4106;41;PR;Paraná;MACRORREGIONAL NOROESTE;Itambé
411120;4108;41;PR;Paraná;MACRORREGIAO OESTE;Itapejara d'Oeste
411125;4107;41;PR;Paraná;MACRORREGIONAL LESTE;Itaperuçu
411130;4106;41;PR;Paraná;MACRORREGIONAL NOROESTE;Itaúna do Sul
411140;4107;41;PR;Paraná;MACRORREGIONAL LESTE;Ivaí
411150;4105;41;PR;Paraná;MACRORREGIONAL NORTE;Ivaiporã
411155;4106;41;PR;Paraná;MACRORREGIONAL NOROESTE;Ivaté
411160;4106;41;PR;Paraná;MACRORREGIONAL NOROESTE;Ivatuba
411170;4105;41;PR;Paraná;MACRORREGIONAL NORTE;Jaboti
411180;4105;41;PR;Paraná;MACRORREGIONAL NORTE;Jacarezinho
411190;4105;41;PR;Paraná;MACRORREGIONAL NORTE;Jaguapitã
411200;4107;41;PR;Paraná;MACRORREGIONAL LESTE;Jaguariaíva
411210;4105;41;PR;Paraná;MACRORREGIONAL NORTE;Jandaia do Sul
411220;4106;41;PR;Paraná;MACRORREGIONAL NOROESTE;Janiópolis
411230;4105;41;PR;Paraná;MACRORREGIONAL NORTE;Japira
411240;4106;41;PR;Paraná;MACRORREGIONAL NOROESTE;Japurá
411250;4105;41;PR;Paraná;MACRORREGIONAL NORTE;Jardim Alegre
411260;4106;41;PR;Paraná;MACRORREGIONAL NOROESTE;Jardim Olinda
411270;4105;41;PR;Paraná;MACRORREGIONAL NORTE;Jataizinho
411275;4108;41;PR;Paraná;MACRORREGIAO OESTE;Jesuítas
411280;4105;41;PR;Paraná;MACRORREGIONAL NORTE;Joaquim Távora
411290;4105;41;PR;Paraná;MACRORREGIONAL NORTE;Jundiaí do Sul
411295;4106;41;PR;Paraná;MACRORREGIONAL NOROESTE;Juranda
411300;4106;41;PR;Paraná;MACRORREGIONAL NOROESTE;Jussara
411310;4105;41;PR;Paraná;MACRORREGIONAL NORTE;Kaloré
411320;4107;41;PR;Paraná;MACRORREGIONAL LESTE;Lapa
411325;4107;41;PR;Paraná;MACRORREGIONAL LESTE;Laranjal
411330;4107;41;PR;Paraná;MACRORREGIONAL LESTE;Laranjeiras do Sul
411340;4105;41;PR;Paraná;MACRORREGIONAL NORTE;Leópolis
411342;4105;41;PR;Paraná;MACRORREGIONAL NORTE;Lidianópolis
411345;4108;41;PR;Paraná;MACRORREGIAO OESTE;Lindoeste
411350;4106;41;PR;Paraná;MACRORREGIONAL NOROESTE;Loanda
411360;4106;41;PR;Paraná;MACRORREGIONAL NOROESTE;Lobato
411370;4105;41;PR;Paraná;MACRORREGIONAL NORTE;Londrina
411373;4106;41;PR;Paraná;MACRORREGIONAL NOROESTE;Luiziana
411375;4105;41;PR;Paraná;MACRORREGIONAL NORTE;Lunardelli
411380;4105;41;PR;Paraná;MACRORREGIONAL NORTE;Lupionópolis
411390;4107;41;PR;Paraná;MACRORREGIONAL LESTE;Mallet
411400;4106;41;PR;Paraná;MACRORREGIONAL NOROESTE;Mamborê
411410;4106;41;PR;Paraná;MACRORREGIONAL NOROESTE;Mandaguaçu
411420;4106;41;PR;Paraná;MACRORREGIONAL NOROESTE;Mandaguari
411430;4107;41;PR;Paraná;MACRORREGIONAL LESTE;Mandirituba
411435;4108;41;PR;Paraná;MACRORREGIAO OESTE;Manfrinópolis
411440;4108;41;PR;Paraná;MACRORREGIAO OESTE;Mangueirinha
411450;4105;41;PR;Paraná;MACRORREGIONAL NORTE;Manoel Ribas
411460;4108;41;PR;Paraná;MACRORREGIAO OESTE;Marechal Cândido Rondon
411470;4106;41;PR;Paraná;MACRORREGIONAL NOROESTE;Maria Helena
411480;4106;41;PR;Paraná;MACRORREGIONAL NOROESTE;Marialva
411490;4105;41;PR;Paraná;MACRORREGIONAL NORTE;Marilândia do Sul
411500;4106;41;PR;Paraná;MACRORREGIONAL NOROESTE;Marilena
411510;4106;41;PR;Paraná;MACRORREGIONAL NOROESTE;Mariluz
411520;4106;41;PR;Paraná;MACRORREGIONAL NOROESTE;Maringá
411530;4108;41;PR;Paraná;MACRORREGIAO OESTE;Mariópolis
411535;4108;41;PR;Paraná;MACRORREGIAO OESTE;Maripá
411540;4108;41;PR;Paraná;MACRORREGIAO OESTE;Marmeleiro
411545;4107;41;PR;Paraná;MACRORREGIONAL LESTE;Marquinho
411550;4105;41;PR;Paraná;MACRORREGIONAL NORTE;Marumbi
411560;4108;41;PR;Paraná;MACRORREGIAO OESTE;Matelândia
411570;4107;41;PR;Paraná;MACRORREGIONAL LESTE;Matinhos
411573;4105;41;PR;Paraná;MACRORREGIONAL NORTE;Mato Rico
411575;4105;41;PR;Paraná;MACRORREGIONAL NORTE;Mauá da Serra
411580;4108;41;PR;Paraná;MACRORREGIAO OESTE;Medianeira
411585;4108;41;PR;Paraná;MACRORREGIAO OESTE;Mercedes
411590;4106;41;PR;Paraná;MACRORREGIONAL NOROESTE;Mirador
411600;4105;41;PR;Paraná;MACRORREGIONAL NORTE;Miraselva
411605;4108;41;PR;Paraná;MACRORREGIAO OESTE;Missal
411610;4106;41;PR;Paraná;MACRORREGIONAL NOROESTE;Moreira Sales
411620;4107;41;PR;Paraná;MACRORREGIONAL LESTE;Morretes
411630;4106;41;PR;Paraná;MACRORREGIONAL NOROESTE;Munhoz de Melo
411640;4106;41;PR;Paraná;MACRORREGIONAL NOROESTE;Nossa Senhora das Graças
411650;4106;41;PR;Paraná;MACRORREGIONAL NOROESTE;Nova Aliança do Ivaí
411660;4105;41;PR;Paraná;MACRORREGIONAL NORTE;Nova América da Colina
411670;4108;41;PR;Paraná;MACRORREGIAO OESTE;Nova Aurora
411680;4106;41;PR;Paraná;MACRORREGIONAL NOROESTE;Nova Cantu
411690;4106;41;PR;Paraná;MACRORREGIONAL NOROESTE;Nova Esperança
411695;4108;41;PR;Paraná;MACRORREGIAO OESTE;Nova Esperança do Sudoeste
411700;4105;41;PR;Paraná;MACRORREGIONAL NORTE;Nova Fátima
411705;4107;41;PR;Paraná;MACRORREGIONAL LESTE;Nova Laranjeiras
411710;4106;41;PR;Paraná;MACRORREGIONAL NOROESTE;Nova Londrina
411720;4106;41;PR;Paraná;MACRORREGIONAL NOROESTE;Nova Olímpia
411721;4105;41;PR;Paraná;MACRORREGIONAL NORTE;Nova Santa Bárbara
411722;4108;41;PR;Paraná;MACRORREGIAO OESTE;Nova Santa Rosa
411725;4108;41;PR;Paraná;MACRORREGIAO OESTE;Nova Prata do Iguaçu
411727;4105;41;PR;Paraná;MACRORREGIONAL NORTE;Nova Tebas
411729;4105;41;PR;Paraná;MACRORREGIONAL NORTE;Novo Itacolomi
411730;4107;41;PR;Paraná;MACRORREGIONAL LESTE;Ortigueira
411740;4106;41;PR;Paraná;MACRORREGIONAL NOROESTE;Ourizona
411745;4108;41;PR;Paraná;MACRORREGIAO OESTE;Ouro Verde do Oeste
411750;4106;41;PR;Paraná;MACRORREGIONAL NOROESTE;Paiçandu
411760;4108;41;PR;Paraná;MACRORREGIAO OESTE;Palmas
411770;4107;41;PR;Paraná;MACRORREGIONAL LESTE;Palmeira
411780;4107;41;PR;Paraná;MACRORREGIONAL LESTE;Palmital
411790;4108;41;PR;Paraná;MACRORREGIAO OESTE;Palotina
411800;4106;41;PR;Paraná;MACRORREGIONAL NOROESTE;Paraíso do Norte
411810;4106;41;PR;Paraná;MACRORREGIONAL NOROESTE;Paranacity
411820;4107;41;PR;Paraná;MACRORREGIONAL LESTE;Paranaguá
411830;4106;41;PR;Paraná;MACRORREGIONAL NOROESTE;Paranapoema
411840;4106;41;PR;Paraná;MACRORREGIONAL NOROESTE;Paranavaí
411845;4108;41;PR;Paraná;MACRORREGIAO OESTE;Pato Bragado
411850;4108;41;PR;Paraná;MACRORREGIAO OESTE;Pato Branco
411860;4107;41;PR;Paraná;MACRORREGIONAL LESTE;Paula Freitas
411870;4107;41;PR;Paraná;MACRORREGIONAL LESTE;Paulo Frontin
411880;4106;41;PR;Paraná;MACRORREGIONAL NOROESTE;Peabiru
411885;4106;41;PR;Paraná;MACRORREGIONAL NOROESTE;Perobal
411890;4106;41;PR;Paraná;MACRORREGIONAL NOROESTE;Pérola
411900;4108;41;PR;Paraná;MACRORREGIAO OESTE;Pérola d'Oeste
411910;4107;41;PR;Paraná;MACRORREGIONAL LESTE;Piên
411915;4107;41;PR;Paraná;MACRORREGIONAL LESTE;Pinhais
411920;4105;41;PR;Paraná;MACRORREGIONAL NORTE;Pinhalão
411925;4108;41;PR;Paraná;MACRORREGIAO OESTE;Pinhal de São Bento
411930;4107;41;PR;Paraná;MACRORREGIONAL LESTE;Pinhão
411940;4107;41;PR;Paraná;MACRORREGIONAL LESTE;Piraí do Sul
411950;4107;41;PR;Paraná;MACRORREGIONAL LESTE;Piraquara
411960;4107;41;PR;Paraná;MACRORREGIONAL LESTE;Pitanga
411965;4105;41;PR;Paraná;MACRORREGIONAL NORTE;Pitangueiras
411970;4106;41;PR;Paraná;MACRORREGIONAL NOROESTE;Planaltina do Paraná
411980;4108;41;PR;Paraná;MACRORREGIAO OESTE;Planalto
411990;4107;41;PR;Paraná;MACRORREGIONAL LESTE;Ponta Grossa
411995;4107;41;PR;Paraná;MACRORREGIONAL LESTE;Pontal do Paraná
412000;4105;41;PR;Paraná;MACRORREGIONAL NORTE;Porecatu
412010;4107;41;PR;Paraná;MACRORREGIONAL LESTE;Porto Amazonas
412015;4107;41;PR;Paraná;MACRORREGIONAL LESTE;Porto Barreiro
412020;4106;41;PR;Paraná;MACRORREGIONAL NOROESTE;Porto Rico
412030;4107;41;PR;Paraná;MACRORREGIONAL LESTE;Porto Vitória
412033;4105;41;PR;Paraná;MACRORREGIONAL NORTE;Prado Ferreira
412035;4108;41;PR;Paraná;MACRORREGIAO OESTE;Pranchita
412040;4106;41;PR;Paraná;MACRORREGIONAL NOROESTE;Presidente Castelo Branco
412050;4105;41;PR;Paraná;MACRORREGIONAL NORTE;Primeiro de Maio
412060;4107;41;PR;Paraná;MACRORREGIONAL LESTE;Prudentópolis
412065;4106;41;PR;Paraná;MACRORREGIONAL NOROESTE;Quarto Centenário
412070;4105;41;PR;Paraná;MACRORREGIONAL NORTE;Quatiguá
412080;4107;41;PR;Paraná;MACRORREGIONAL LESTE;Quatro Barras
412085;4108;41;PR;Paraná;MACRORREGIAO OESTE;Quatro Pontes
412090;4108;41;PR;Paraná;MACRORREGIAO OESTE;Quedas do Iguaçu
412100;4106;41;PR;Paraná;MACRORREGIONAL NOROESTE;Querência do Norte
412110;4106;41;PR;Paraná;MACRORREGIONAL NOROESTE;Quinta do Sol
412120;4107;41;PR;Paraná;MACRORREGIONAL LESTE;Quitandinha
412125;4108;41;PR;Paraná;MACRORREGIAO OESTE;Ramilândia
412130;4105;41;PR;Paraná;MACRORREGIONAL NORTE;Rancho Alegre
412135;4106;41;PR;Paraná;MACRORREGIONAL NOROESTE;Rancho Alegre D'Oeste
412140;4108;41;PR;Paraná;MACRORREGIAO OESTE;Realeza
412150;4107;41;PR;Paraná;MACRORREGIONAL LESTE;Rebouças
412160;4108;41;PR;Paraná;MACRORREGIAO OESTE;Renascença
412170;4107;41;PR;Paraná;MACRORREGIONAL LESTE;Reserva
412175;4107;41;PR;Paraná;MACRORREGIONAL LESTE;Reserva do Iguaçu
412180;4105;41;PR;Paraná;MACRORREGIONAL NORTE;Ribeirão Claro
412190;4105;41;PR;Paraná;MACRORREGIONAL NORTE;Ribeirão do Pinhal
412200;4107;41;PR;Paraná;MACRORREGIONAL LESTE;Rio Azul
412210;4105;41;PR;Paraná;MACRORREGIONAL NORTE;Rio Bom
412215;4107;41;PR;Paraná;MACRORREGIONAL LESTE;Rio Bonito do Iguaçu
412217;4105;41;PR;Paraná;MACRORREGIONAL NORTE;Rio Branco do Ivaí
412220;4107;41;PR;Paraná;MACRORREGIONAL LESTE;Rio Branco do Sul
412230;4107;41;PR;Paraná;MACRORREGIONAL LESTE;Rio Negro
412240;4105;41;PR;Paraná;MACRORREGIONAL NORTE;Rolândia
412250;4106;41;PR;Paraná;MACRORREGIONAL NOROESTE;Roncador
412260;4106;41;PR;Paraná;MACRORREGIONAL NOROESTE;Rondon
412265;4105;41;PR;Paraná;MACRORREGIONAL NORTE;Rosário do Ivaí
412270;4105;41;PR;Paraná;MACRORREGIONAL NORTE;Sabáudia
412280;4108;41;PR;Paraná;MACRORREGIAO OESTE;Salgado Filho
412290;4105;41;PR;Paraná;MACRORREGIONAL NORTE;Salto do Itararé
412300;4108;41;PR;Paraná;MACRORREGIAO OESTE;Salto do Lontra
412310;4105;41;PR;Paraná;MACRORREGIONAL NORTE;Santa Amélia
412320;4105;41;PR;Paraná;MACRORREGIONAL NORTE;Santa Cecília do Pavão
412330;4106;41;PR;Paraná;MACRORREGIONAL NOROESTE;Santa Cruz de Monte Castelo
412340;4106;41;PR;Paraná;MACRORREGIONAL NOROESTE;Santa Fé
412350;4108;41;PR;Paraná;MACRORREGIAO OESTE;Santa Helena
412360;4106;41;PR;Paraná;MACRORREGIONAL NOROESTE;Santa Inês
412370;4106;41;PR;Paraná;MACRORREGIONAL NOROESTE;Santa Isabel do Ivaí
412380;4108;41;PR;Paraná;MACRORREGIAO OESTE;Santa Izabel do Oeste
412382;4108;41;PR;Paraná;MACRORREGIAO OESTE;Santa Lúcia
412385;4105;41;PR;Paraná;MACRORREGIONAL NORTE;Santa Maria do Oeste
412390;4105;41;PR;Paraná;MACRORREGIONAL NORTE;Santa Mariana
412395;4106;41;PR;Paraná;MACRORREGIONAL NOROESTE;Santa Mônica
412400;4105;41;PR;Paraná;MACRORREGIONAL NORTE;Santana do Itararé
412402;4108;41;PR;Paraná;MACRORREGIAO OESTE;Santa Tereza do Oeste
412405;4108;41;PR;Paraná;MACRORREGIAO OESTE;Santa Terezinha de Itaipu
412410;4105;41;PR;Paraná;MACRORREGIONAL NORTE;Santo Antônio da Platina
412420;4106;41;PR;Paraná;MACRORREGIONAL NOROESTE;Santo Antônio do Caiuá
412430;4105;41;PR;Paraná;MACRORREGIONAL NORTE;Santo Antônio do Paraíso
412440;4108;41;PR;Paraná;MACRORREGIAO OESTE;Santo Antônio do Sudoeste
412450;4106;41;PR;Paraná;MACRORREGIONAL NOROESTE;Santo Inácio
412460;4106;41;PR;Paraná;MACRORREGIONAL NOROESTE;São Carlos do Ivaí
412470;4105;41;PR;Paraná;MACRORREGIONAL NORTE;São Jerônimo da Serra
412480;4108;41;PR;Paraná;MACRORREGIAO OESTE;São João
412490;4106;41;PR;Paraná;MACRORREGIONAL NOROESTE;São João do Caiuá
412500;4105;41;PR;Paraná;MACRORREGIONAL NORTE;São João do Ivaí
412510;4107;41;PR;Paraná;MACRORREGIONAL LESTE;São João do Triunfo
412520;4108;41;PR;Paraná;MACRORREGIAO OESTE;São Jorge d'Oeste
412530;4106;41;PR;Paraná;MACRORREGIONAL NOROESTE;São Jorge do Ivaí
412535;4106;41;PR;Paraná;MACRORREGIONAL NOROESTE;São Jorge do Patrocínio
412540;4105;41;PR;Paraná;MACRORREGIONAL NORTE;São José da Boa Vista
412545;4108;41;PR;Paraná;MACRORREGIAO OESTE;São José das Palmeiras
412550;4107;41;PR;Paraná;MACRORREGIONAL LESTE;São José dos Pinhais
412555;4106;41;PR;Paraná;MACRORREGIONAL NOROESTE;São Manoel do Paraná
412560;4107;41;PR;Paraná;MACRORREGIONAL LESTE;São Mateus do Sul
412570;4108;41;PR;Paraná;MACRORREGIAO OESTE;São Miguel do Iguaçu
412575;4108;41;PR;Paraná;MACRORREGIAO OESTE;São Pedro do Iguaçu
412580;4105;41;PR;Paraná;MACRORREGIONAL NORTE;São Pedro do Ivaí
412590;4106;41;PR;Paraná;MACRORREGIONAL NOROESTE;São Pedro do Paraná
412600;4105;41;PR;Paraná;MACRORREGIONAL NORTE;São Sebastião da Amoreira
412610;4106;41;PR;Paraná;MACRORREGIONAL NOROESTE;São Tomé
412620;4105;41;PR;Paraná;MACRORREGIONAL NORTE;Sapopema
412625;4106;41;PR;Paraná;MACRORREGIONAL NOROESTE;Sarandi
412627;4108;41;PR;Paraná;MACRORREGIAO OESTE;Saudade do Iguaçu
412630;4107;41;PR;Paraná;MACRORREGIONAL LESTE;Sengés
412635;4108;41;PR;Paraná;MACRORREGIAO OESTE;Serranópolis do Iguaçu
412640;4105;41;PR;Paraná;MACRORREGIONAL NORTE;Sertaneja
412650;4105;41;PR;Paraná;MACRORREGIONAL NORTE;Sertanópolis
412660;4105;41;PR;Paraná;MACRORREGIONAL NORTE;Siqueira Campos
412665;4108;41;PR;Paraná;MACRORREGIAO OESTE;Sulina
412667;4105;41;PR;Paraná;MACRORREGIONAL NORTE;Tamarana
412670;4106;41;PR;Paraná;MACRORREGIONAL NOROESTE;Tamboara
412680;4106;41;PR;Paraná;MACRORREGIONAL NOROESTE;Tapejara
412690;4106;41;PR;Paraná;MACRORREGIONAL NOROESTE;Tapira
412700;4107;41;PR;Paraná;MACRORREGIONAL LESTE;Teixeira Soares
412710;4107;41;PR;Paraná;MACRORREGIONAL LESTE;Telêmaco Borba
412720;4106;41;PR;Paraná;MACRORREGIONAL NOROESTE;Terra Boa
412730;4106;41;PR;Paraná;MACRORREGIONAL NOROESTE;Terra Rica
412740;4108;41;PR;Paraná;MACRORREGIAO OESTE;Terra Roxa
412750;4107;41;PR;Paraná;MACRORREGIONAL LESTE;Tibagi
412760;4107;41;PR;Paraná;MACRORREGIONAL LESTE;Tijucas do Sul
412770;4108;41;PR;Paraná;MACRORREGIAO OESTE;Toledo
412780;4105;41;PR;Paraná;MACRORREGIONAL NORTE;Tomazina
412785;4108;41;PR;Paraná;MACRORREGIAO OESTE;Três Barras do Paraná
412788;4107;41;PR;Paraná;MACRORREGIONAL LESTE;Tunas do Paraná
412790;4106;41;PR;Paraná;MACRORREGIONAL NOROESTE;Tuneiras do Oeste
412795;4108;41;PR;Paraná;MACRORREGIAO OESTE;Tupãssi
412796;4107;41;PR;Paraná;MACRORREGIONAL LESTE;Turvo
412800;4106;41;PR;Paraná;MACRORREGIONAL NOROESTE;Ubiratã
412810;4106;41;PR;Paraná;MACRORREGIONAL NOROESTE;Umuarama
412820;4107;41;PR;Paraná;MACRORREGIONAL LESTE;União da Vitória
412830;4106;41;PR;Paraná;MACRORREGIONAL NOROESTE;Uniflor
412840;4105;41;PR;Paraná;MACRORREGIONAL NORTE;Uraí
412850;4105;41;PR;Paraná;MACRORREGIONAL NORTE;Wenceslau Braz
412853;4107;41;PR;Paraná;MACRORREGIONAL LESTE;Ventania
412855;4108;41;PR;Paraná;MACRORREGIAO OESTE;Vera Cruz do Oeste
412860;4108;41;PR;Paraná;MACRORREGIAO OESTE;Verê
412862;4106;41;PR;Paraná;MACRORREGIONAL NOROESTE;Alto Paraíso
412863;4107;41;PR;Paraná;MACRORREGIONAL LESTE;Doutor Ulysses
412865;4107;41;PR;Paraná;MACRORREGIONAL LESTE;Virmond
412870;4108;41;PR;Paraná;MACRORREGIAO OESTE;Vitorino
412880;4106;41;PR;Paraná;MACRORREGIONAL NOROESTE;Xambrê
420005;4217;42;SC;Santa Catarina;MEIO OESTE;Abdon Batista
420010;4213;42;SC;Santa Catarina;GRANDE OESTE;Abelardo Luz
420020;4216;42;SC;Santa Catarina;VALE DO ITAJAI;Agrolândia
420030;4216;42;SC;Santa Catarina;VALE DO ITAJAI;Agronômica
420040;4217;42;SC;Santa Catarina;MEIO OESTE;Água Doce
420050;4213;42;SC;Santa Catarina;GRANDE OESTE;Águas de Chapecó
420055;4213;42;SC;Santa Catarina;GRANDE OESTE;Águas Frias
420060;4214;42;SC;Santa Catarina;GRANDE FLORIANOPOLIS;Águas Mornas
420070;4214;42;SC;Santa Catarina;GRANDE FLORIANOPOLIS;Alfredo Wagner
420075;4217;42;SC;Santa Catarina;MEIO OESTE;Alto Bela Vista
420080;4213;42;SC;Santa Catarina;GRANDE OESTE;Anchieta
420090;4214;42;SC;Santa Catarina;GRANDE FLORIANOPOLIS;Angelina
420100;4218;42;SC;Santa Catarina;SERRA CATARINENSE;Anita Garibaldi
420110;4214;42;SC;Santa Catarina;GRANDE FLORIANOPOLIS;Anitápolis
420120;4214;42;SC;Santa Catarina;GRANDE FLORIANOPOLIS;Antônio Carlos
420125;4216;42;SC;Santa Catarina;VALE DO ITAJAI;Apiúna
420127;4217;42;SC;Santa Catarina;MEIO OESTE;Arabutã
420130;4211;42;SC;Santa Catarina;PLANALTO NORTE E NORDESTE;Araquari
420140;4210;42;SC;Santa Catarina;SUL;Araranguá
420150;4210;42;SC;Santa Catarina;SUL;Armazém
420160;4217;42;SC;Santa Catarina;MEIO OESTE;Arroio Trinta
420165;4213;42;SC;Santa Catarina;GRANDE OESTE;Arvoredo
420170;4216;42;SC;Santa Catarina;VALE DO ITAJAI;Ascurra
420180;4216;42;SC;Santa Catarina;VALE DO ITAJAI;Atalanta
420190;4216;42;SC;Santa Catarina;VALE DO ITAJAI;Aurora
420195;4210;42;SC;Santa Catarina;SUL;Balneário Arroio do Silva
420200;4215;42;SC;Santa Catarina;FOZ DO RIO ITAJAI;Balneário Camboriú
420205;4211;42;SC;Santa Catarina;PLANALTO NORTE E NORDESTE;Balneário Barra do Sul
420207;4210;42;SC;Santa Catarina;SUL;Balneário Gaivota
420208;4213;42;SC;Santa Catarina;GRANDE OESTE;Bandeirante
420209;4213;42;SC;Santa Catarina;GRANDE OESTE;Barra Bonita
420210;4211;42;SC;Santa Catarina;PLANALTO NORTE E NORDESTE;Barra Velha
420213;4211;42;SC;Santa Catarina;PLANALTO NORTE E NORDESTE;Bela Vista do Toldo
420215;4213;42;SC;Santa Catarina;GRANDE OESTE;Belmonte
420220;4216;42;SC;Santa Catarina;VALE DO ITAJAI;Benedito Novo
420230;4214;42;SC;Santa Catarina;GRANDE FLORIANOPOLIS;Biguaçu
420240;4216;42;SC;Santa Catarina;VALE DO ITAJAI;Blumenau
420243;4218;42;SC;Santa Catarina;SERRA CATARINENSE;Bocaina do Sul
420245;4215;42;SC;Santa Catarina;FOZ DO RIO ITAJAI;Bombinhas
420250;4218;42;SC;Santa Catarina;SERRA CATARINENSE;Bom Jardim da Serra
420253;4213;42;SC;Santa Catarina;GRANDE OESTE;Bom Jesus
420257;4213;42;SC;Santa Catarina;GRANDE OESTE;Bom Jesus do Oeste
420260;4218;42;SC;Santa Catarina;SERRA CATARINENSE;Bom Retiro
420270;4216;42;SC;Santa Catarina;VALE DO ITAJAI;Botuverá
420280;4210;42;SC;Santa Catarina;SUL;Braço do Norte
420285;4216;42;SC;Santa Catarina;VALE DO ITAJAI;Braço do Trombudo
420287;4217;42;SC;Santa Catarina;MEIO OESTE;Brunópolis
420290;4216;42;SC;Santa Catarina;VALE DO ITAJAI;Brusque
420300;4217;42;SC;Santa Catarina;MEIO OESTE;Caçador
420310;4213;42;SC;Santa Catarina;GRANDE OESTE;Caibi
420315;4217;42;SC;Santa Catarina;MEIO OESTE;Calmon
420320;4215;42;SC;Santa Catarina;FOZ DO RIO ITAJAI;Camboriú
420325;4218;42;SC;Santa Catarina;SERRA CATARINENSE;Capão Alto
420330;4211;42;SC;Santa Catarina;PLANALTO NORTE E NORDESTE;Campo Alegre
420340;4218;42;SC;Santa Catarina;SERRA CATARINENSE;Campo Belo do Sul
420350;4213;42;SC;Santa Catarina;GRANDE OESTE;Campo Erê
420360;4217;42;SC;Santa Catarina;MEIO OESTE;Campos Novos
420370;4214;42;SC;Santa Catarina;GRANDE FLORIANOPOLIS;Canelinha
420380;4211;42;SC;Santa Catarina;PLANALTO NORTE E NORDESTE;Canoinhas
420390;4217;42;SC;Santa Catarina;MEIO OESTE;Capinzal
420395;4210;42;SC;Santa Catarina;SUL;Capivari de Baixo
420400;4217;42;SC;Santa Catarina;MEIO OESTE;Catanduvas
420410;4213;42;SC;Santa Catarina;GRANDE OESTE;Caxambu do Sul
420415;4217;42;SC;Santa Catarina;MEIO OESTE;Celso Ramos
420417;4218;42;SC;Santa Catarina;SERRA CATARINENSE;Cerro Negro
420419;4216;42;SC;Santa Catarina;VALE DO ITAJAI;Chapadão do Lageado
420420;4213;42;SC;Santa Catarina;GRANDE OESTE;Chapecó
420425;4210;42;SC;Santa Catarina;SUL;Cocal do Sul
420430;4217;42;SC;Santa Catarina;MEIO OESTE;Concórdia
420435;4213;42;SC;Santa Catarina;GRANDE OESTE;Cordilheira Alta
420440;4213;42;SC;Santa Catarina;GRANDE OESTE;Coronel Freitas
420445;4213;42;SC;Santa Catarina;GRANDE OESTE;Coronel Martins
420450;4211;42;SC;Santa Catarina;PLANALTO NORTE E NORDESTE;Corupá
420455;4218;42;SC;Santa Catarina;SERRA CATARINENSE;Correia Pinto
420460;4210;42;SC;Santa Catarina;SUL;Criciúma
420470;4213;42;SC;Santa Catarina;GRANDE OESTE;Cunha Porã
420475;4213;42;SC;Santa Catarina;GRANDE OESTE;Cunhataí
420480;4217;42;SC;Santa Catarina;MEIO OESTE;Curitibanos
420490;4213;42;SC;Santa Catarina;GRANDE OESTE;Descanso
420500;4213;42;SC;Santa Catarina;GRANDE OESTE;Dionísio Cerqueira
420510;4216;42;SC;Santa Catarina;VALE DO ITAJAI;Dona Emma
420515;4216;42;SC;Santa Catarina;VALE DO ITAJAI;Doutor Pedrinho
420517;4213;42;SC;Santa Catarina;GRANDE OESTE;Entre Rios
420519;4210;42;SC;Santa Catarina;SUL;Ermo
420520;4217;42;SC;Santa Catarina;MEIO OESTE;Erval Velho
420530;4213;42;SC;Santa Catarina;GRANDE OESTE;Faxinal dos Guedes
420535;4213;42;SC;Santa Catarina;GRANDE OESTE;Flor do Sertão
420540;4214;42;SC;Santa Catarina;GRANDE FLORIANOPOLIS;Florianópolis
420543;4213;42;SC;Santa Catarina;GRANDE OESTE;Formosa do Sul
420545;4210;42;SC;Santa Catarina;SUL;Forquilhinha
420550;4217;42;SC;Santa Catarina;MEIO OESTE;Fraiburgo
420555;4217;42;SC;Santa Catarina;MEIO OESTE;Frei Rogério
420560;4213;42;SC;Santa Catarina;GRANDE OESTE;Galvão
420570;4214;42;SC;Santa Catarina;GRANDE FLORIANOPOLIS;Garopaba
420580;4211;42;SC;Santa Catarina;PLANALTO NORTE E NORDESTE;Garuva
420590;4216;42;SC;Santa Catarina;VALE DO ITAJAI;Gaspar
420600;4214;42;SC;Santa Catarina;GRANDE FLORIANOPOLIS;Governador Celso Ramos
420610;4210;42;SC;Santa Catarina;SUL;Grão Pará
420620;4210;42;SC;Santa Catarina;SUL;Gravatal
420630;4216;42;SC;Santa Catarina;VALE DO ITAJAI;Guabiruba
420640;4213;42;SC;Santa Catarina;GRANDE OESTE;Guaraciaba
420650;4211;42;SC;Santa Catarina;PLANALTO NORTE E NORDESTE;Guaramirim
420660;4213;42;SC;Santa Catarina;GRANDE OESTE;Guarujá do Sul
420665;4213;42;SC;Santa Catarina;GRANDE OESTE;Guatambú
420670;4217;42;SC;Santa Catarina;MEIO OESTE;Herval d'Oeste
420675;4217;42;SC;Santa Catarina;MEIO OESTE;Ibiam
420680;4217;42;SC;Santa Catarina;MEIO OESTE;Ibicaré
420690;4216;42;SC;Santa Catarina;VALE DO ITAJAI;Ibirama
420700;4210;42;SC;Santa Catarina;SUL;Içara
420710;4215;42;SC;Santa Catarina;FOZ DO RIO ITAJAI;Ilhota
420720;4210;42;SC;Santa Catarina;SUL;Imaruí
420730;4210;42;SC;Santa Catarina;SUL;Imbituba
420740;4216;42;SC;Santa Catarina;VALE DO ITAJAI;Imbuia
420750;4216;42;SC;Santa Catarina;VALE DO ITAJAI;Indaial
420757;4217;42;SC;Santa Catarina;MEIO OESTE;Iomerê
420760;4217;42;SC;Santa Catarina;MEIO OESTE;Ipira
420765;4213;42;SC;Santa Catarina;GRANDE OESTE;Iporã do Oeste
420768;4213;42;SC;Santa Catarina;GRANDE OESTE;Ipuaçu
420770;4217;42;SC;Santa Catarina;MEIO OESTE;Ipumirim
420775;4213;42;SC;Santa Catarina;GRANDE OESTE;Iraceminha
420780;4217;42;SC;Santa Catarina;MEIO OESTE;Irani
420785;4213;42;SC;Santa Catarina;GRANDE OESTE;Irati
420790;4211;42;SC;Santa Catarina;PLANALTO NORTE E NORDESTE;Irineópolis
420800;4217;42;SC;Santa Catarina;MEIO OESTE;Itá
420810;4211;42;SC;Santa Catarina;PLANALTO NORTE E NORDESTE;Itaiópolis
420820;4215;42;SC;Santa Catarina;FOZ DO RIO ITAJAI;Itajaí
420830;4215;42;SC;Santa Catarina;FOZ DO RIO ITAJAI;Itapema
420840;4213;42;SC;Santa Catarina;GRANDE OESTE;Itapiranga
420845;4211;42;SC;Santa Catarina;PLANALTO NORTE E NORDESTE;Itapoá
420850;4216;42;SC;Santa Catarina;VALE DO ITAJAI;Ituporanga
420860;4217;42;SC;Santa Catarina;MEIO OESTE;Jaborá
420870;4210;42;SC;Santa Catarina;SUL;Jacinto Machado
420880;4210;42;SC;Santa Catarina;SUL;Jaguaruna
420890;4211;42;SC;Santa Catarina;PLANALTO NORTE E NORDESTE;Jaraguá do Sul
420895;4213;42;SC;Santa Catarina;GRANDE OESTE;Jardinópolis
420900;4217;42;SC;Santa Catarina;MEIO OESTE;Joaçaba
420910;4211;42;SC;Santa Catarina;PLANALTO NORTE E NORDESTE;Joinville
420915;4216;42;SC;Santa Catarina;VALE DO ITAJAI;José Boiteux
420917;4213;42;SC;Santa Catarina;GRANDE OESTE;Jupiá
420920;4217;42;SC;Santa Catarina;MEIO OESTE;Lacerdópolis
420930;4218;42;SC;Santa Catarina;SERRA CATARINENSE;Lages
420940;4210;42;SC;Santa Catarina;SUL;Laguna
420945;4213;42;SC;Santa Catarina;GRANDE OESTE;Lajeado Grande
420950;4216;42;SC;Santa Catarina;VALE DO ITAJAI;Laurentino
420960;4210;42;SC;Santa Catarina;SUL;Lauro Müller
420970;4217;42;SC;Santa Catarina;MEIO OESTE;Lebon Régis
420980;4214;42;SC;Santa Catarina;GRANDE FLORIANOPOLIS;Leoberto Leal
420985;4217;42;SC;Santa Catarina;MEIO OESTE;Lindóia do Sul
420990;4216;42;SC;Santa Catarina;VALE DO ITAJAI;Lontras
421000;4215;42;SC;Santa Catarina;FOZ DO RIO ITAJAI;Luiz Alves
421003;4217;42;SC;Santa Catarina;MEIO OESTE;Luzerna
421005;4217;42;SC;Santa Catarina;MEIO OESTE;Macieira
421010;4211;42;SC;Santa Catarina;PLANALTO NORTE E NORDESTE;Mafra
421020;4214;42;SC;Santa Catarina;GRANDE FLORIANOPOLIS;Major Gercino
421030;4211;42;SC;Santa Catarina;PLANALTO NORTE E NORDESTE;Major Vieira
421040;4210;42;SC;Santa Catarina;SUL;Maracajá
421050;4213;42;SC;Santa Catarina;GRANDE OESTE;Maravilha
421055;4213;42;SC;Santa Catarina;GRANDE OESTE;Marema
421060;4211;42;SC;Santa Catarina;PLANALTO NORTE E NORDESTE;Massaranduba
421070;4217;42;SC;Santa Catarina;MEIO OESTE;Matos Costa
421080;4210;42;SC;Santa Catarina;SUL;Meleiro
421085;4216;42;SC;Santa Catarina;VALE DO ITAJAI;Mirim Doce
421090;4213;42;SC;Santa Catarina;GRANDE OESTE;Modelo
421100;4213;42;SC;Santa Catarina;GRANDE OESTE;Mondaí
421105;4217;42;SC;Santa Catarina;MEIO OESTE;Monte Carlo
421110;4211;42;SC;Santa Catarina;PLANALTO NORTE E NORDESTE;Monte Castelo
421120;4210;42;SC;Santa Catarina;SUL;Morro da Fumaça
421125;4210;42;SC;Santa Catarina;SUL;Morro Grande
421130;4215;42;SC;Santa Catarina;FOZ DO RIO ITAJAI;Navegantes
421140;4213;42;SC;Santa Catarina;GRANDE OESTE;Nova Erechim
421145;4213;42;SC;Santa Catarina;GRANDE OESTE;Nova Itaberaba
421150;4214;42;SC;Santa Catarina;GRANDE FLORIANOPOLIS;Nova Trento
421160;4210;42;SC;Santa Catarina;SUL;Nova Veneza
421165;4213;42;SC;Santa Catarina;GRANDE OESTE;Novo Horizonte
421170;4210;42;SC;Santa Catarina;SUL;Orleans
421175;4218;42;SC;Santa Catarina;SERRA CATARINENSE;Otacílio Costa
421180;4217;42;SC;Santa Catarina;MEIO OESTE;Ouro
421185;4213;42;SC;Santa Catarina;GRANDE OESTE;Ouro Verde
421187;4213;42;SC;Santa Catarina;GRANDE OESTE;Paial
421189;4218;42;SC;Santa Catarina;SERRA CATARINENSE;Painel
421190;4214;42;SC;Santa Catarina;GRANDE FLORIANOPOLIS;Palhoça
421200;4213;42;SC;Santa Catarina;GRANDE OESTE;Palma Sola
421205;4218;42;SC;Santa Catarina;SERRA CATARINENSE;Palmeira
421210;4213;42;SC;Santa Catarina;GRANDE OESTE;Palmitos
421220;4211;42;SC;Santa Catarina;PLANALTO NORTE E NORDESTE;Papanduva
421223;4213;42;SC;Santa Catarina;GRANDE OESTE;Paraíso
421225;4210;42;SC;Santa Catarina;SUL;Passo de Torres
421227;4213;42;SC;Santa Catarina;GRANDE OESTE;Passos Maia
421230;4214;42;SC;Santa Catarina;GRANDE FLORIANOPOLIS;Paulo Lopes
421240;4210;42;SC;Santa Catarina;SUL;Pedras Grandes
421250;4215;42;SC;Santa Catarina;FOZ DO RIO ITAJAI;Penha
421260;4217;42;SC;Santa Catarina;MEIO OESTE;Peritiba
421265;4210;42;SC;Santa Catarina;SUL;Pescaria Brava
421270;4216;42;SC;Santa Catarina;VALE DO ITAJAI;Petrolândia
421280;4215;42;SC;Santa Catarina;FOZ DO RIO ITAJAI;Balneário Piçarras
421290;4213;42;SC;Santa Catarina;GRANDE OESTE;Pinhalzinho
421300;4217;42;SC;Santa Catarina;MEIO OESTE;Pinheiro Preto
421310;4217;42;SC;Santa Catarina;MEIO OESTE;Piratuba
421315;4213;42;SC;Santa Catarina;GRANDE OESTE;Planalto Alegre
421320;4216;42;SC;Santa Catarina;VALE DO ITAJAI;Pomerode
421330;4218;42;SC;Santa Catarina;SERRA CATARINENSE;Ponte Alta
421335;4217;42;SC;Santa Catarina;MEIO OESTE;Ponte Alta do Norte
421340;4213;42;SC;Santa Catarina;GRANDE OESTE;Ponte Serrada
421350;4215;42;SC;Santa Catarina;FOZ DO RIO ITAJAI;Porto Belo
421360;4211;42;SC;Santa Catarina;PLANALTO NORTE E NORDESTE;Porto União
421370;4216;42;SC;Santa Catarina;VALE DO ITAJAI;Pouso Redondo
421380;4210;42;SC;Santa Catarina;SUL;Praia Grande
421390;4217;42;SC;Santa Catarina;MEIO OESTE;Presidente Castello Branco
421400;4216;42;SC;Santa Catarina;VALE DO ITAJAI;Presidente Getúlio
421410;4216;42;SC;Santa Catarina;VALE DO ITAJAI;Presidente Nereu
421415;4213;42;SC;Santa Catarina;GRANDE OESTE;Princesa
421420;4213;42;SC;Santa Catarina;GRANDE OESTE;Quilombo
421430;4214;42;SC;Santa Catarina;GRANDE FLORIANOPOLIS;Rancho Queimado
421440;4217;42;SC;Santa Catarina;MEIO OESTE;Rio das Antas
421450;4216;42;SC;Santa Catarina;VALE DO ITAJAI;Rio do Campo
421460;4216;42;SC;Santa Catarina;VALE DO ITAJAI;Rio do Oeste
421470;4216;42;SC;Santa Catarina;VALE DO ITAJAI;Rio dos Cedros
421480;4216;42;SC;Santa Catarina;VALE DO ITAJAI;Rio do Sul
421490;4210;42;SC;Santa Catarina;SUL;Rio Fortuna
421500;4211;42;SC;Santa Catarina;PLANALTO NORTE E NORDESTE;Rio Negrinho
421505;4218;42;SC;Santa Catarina;SERRA CATARINENSE;Rio Rufino
421507;4213;42;SC;Santa Catarina;GRANDE OESTE;Riqueza
421510;4216;42;SC;Santa Catarina;VALE DO ITAJAI;Rodeio
421520;4213;42;SC;Santa Catarina;GRANDE OESTE;Romelândia
421530;4216;42;SC;Santa Catarina;VALE DO ITAJAI;Salete
421535;4213;42;SC;Santa Catarina;GRANDE OESTE;Saltinho
421540;4217;42;SC;Santa Catarina;MEIO OESTE;Salto Veloso
421545;4210;42;SC;Santa Catarina;SUL;Sangão
421550;4217;42;SC;Santa Catarina;MEIO OESTE;Santa Cecília
421555;4213;42;SC;Santa Catarina;GRANDE OESTE;Santa Helena
421560;4210;42;SC;Santa Catarina;SUL;Santa Rosa de Lima
421565;4210;42;SC;Santa Catarina;SUL;Santa Rosa do Sul
421567;4216;42;SC;Santa Catarina;VALE DO ITAJAI;Santa Terezinha
421568;4213;42;SC;Santa Catarina;GRANDE OESTE;Santa Terezinha do Progresso
421569;4213;42;SC;Santa Catarina;GRANDE OESTE;Santiago do Sul
421570;4214;42;SC;Santa Catarina;GRANDE FLORIANOPOLIS;Santo Amaro da Imperatriz
421575;4213;42;SC;Santa Catarina;GRANDE OESTE;São Bernardino
421580;4211;42;SC;Santa Catarina;PLANALTO NORTE E NORDESTE;São Bento do Sul
421590;4214;42;SC;Santa Catarina;GRANDE FLORIANOPOLIS;São Bonifácio
421600;4213;42;SC;Santa Catarina;GRANDE OESTE;São Carlos
421605;4217;42;SC;Santa Catarina;MEIO OESTE;São Cristóvão do Sul
421610;4213;42;SC;Santa Catarina;GRANDE OESTE;São Domingos
421620;4211;42;SC;Santa Catarina;PLANALTO NORTE E NORDESTE;São Francisco do Sul
421625;4213;42;SC;Santa Catarina;GRANDE OESTE;São João do Oeste
421630;4214;42;SC;Santa Catarina;GRANDE FLORIANOPOLIS;São João Batista
421635;4211;42;SC;Santa Catarina;PLANALTO NORTE E NORDESTE;São João do Itaperiú
421640;4210;42;SC;Santa Catarina;SUL;São João do Sul
421650;4218;42;SC;Santa Catarina;SERRA CATARINENSE;São Joaquim
421660;4214;42;SC;Santa Catarina;GRANDE FLORIANOPOLIS;São José
421670;4213;42;SC;Santa Catarina;GRANDE OESTE;São José do Cedro
421680;4218;42;SC;Santa Catarina;SERRA CATARINENSE;São José do Cerrito
421690;4213;42;SC;Santa Catarina;GRANDE OESTE;São Lourenço do Oeste
421700;4210;42;SC;Santa Catarina;SUL;São Ludgero
421710;4210;42;SC;Santa Catarina;SUL;São Martinho
421715;4213;42;SC;Santa Catarina;GRANDE OESTE;São Miguel da Boa Vista
421720;4213;42;SC;Santa Catarina;GRANDE OESTE;São Miguel do Oeste
421725;4214;42;SC;Santa Catarina;GRANDE FLORIANOPOLIS;São Pedro de Alcântara
421730;4213;42;SC;Santa Catarina;GRANDE OESTE;Saudades
421740;4211;42;SC;Santa Catarina;PLANALTO NORTE E NORDESTE;Schroeder
421750;4217;42;SC;Santa Catarina;MEIO OESTE;Seara
421755;4213;42;SC;Santa Catarina;GRANDE OESTE;Serra Alta
421760;4210;42;SC;Santa Catarina;SUL;Siderópolis
421770;4210;42;SC;Santa Catarina;SUL;Sombrio
421775;4213;42;SC;Santa Catarina;GRANDE OESTE;Sul Brasil
421780;4216;42;SC;Santa Catarina;VALE DO ITAJAI;Taió
421790;4217;42;SC;Santa Catarina;MEIO OESTE;Tangará
421795;4213;42;SC;Santa Catarina;GRANDE OESTE;Tigrinhos
421800;4214;42;SC;Santa Catarina;GRANDE FLORIANOPOLIS;Tijucas
421810;4210;42;SC;Santa Catarina;SUL;Timbé do Sul
421820;4216;42;SC;Santa Catarina;VALE DO ITAJAI;Timbó
421825;4217;42;SC;Santa Catarina;MEIO OESTE;Timbó Grande
421830;4211;42;SC;Santa Catarina;PLANALTO NORTE E NORDESTE;Três Barras
421835;4210;42;SC;Santa Catarina;SUL;Treviso
421840;4210;42;SC;Santa Catarina;SUL;Treze de Maio
421850;4217;42;SC;Santa Catarina;MEIO OESTE;Treze Tílias
421860;4216;42;SC;Santa Catarina;VALE DO ITAJAI;Trombudo Central
421870;4210;42;SC;Santa Catarina;SUL;Tubarão
421875;4213;42;SC;Santa Catarina;GRANDE OESTE;Tunápolis
421880;4210;42;SC;Santa Catarina;SUL;Turvo
421885;4213;42;SC;Santa Catarina;GRANDE OESTE;União do Oeste
421890;4218;42;SC;Santa Catarina;SERRA CATARINENSE;Urubici
421895;4218;42;SC;Santa Catarina;SERRA CATARINENSE;Urupema
421900;4210;42;SC;Santa Catarina;SUL;Urussanga
421910;4213;42;SC;Santa Catarina;GRANDE OESTE;Vargeão
421915;4217;42;SC;Santa Catarina;MEIO OESTE;Vargem
421917;4217;42;SC;Santa Catarina;MEIO OESTE;Vargem Bonita
421920;4216;42;SC;Santa Catarina;VALE DO ITAJAI;Vidal Ramos
421930;4217;42;SC;Santa Catarina;MEIO OESTE;Videira
421935;4216;42;SC;Santa Catarina;VALE DO ITAJAI;Vitor Meireles
421940;4216;42;SC;Santa Catarina;VALE DO ITAJAI;Witmarsum
421950;4213;42;SC;Santa Catarina;GRANDE OESTE;Xanxerê
421960;4217;42;SC;Santa Catarina;MEIO OESTE;Xavantina
421970;4213;42;SC;Santa Catarina;GRANDE OESTE;Xaxim
421985;4217;42;SC;Santa Catarina;MEIO OESTE;Zortéa
422000;4210;42;SC;Santa Catarina;SUL;Balneário Rincão
430003;4309;43;RS;Rio Grande do Sul;SUL;Aceguá
430005;4311;43;RS;Rio Grande do Sul;NORTE;Água Santa
430010;4314;43;RS;Rio Grande do Sul;CENTRO-OESTE;Agudo
430020;4312;43;RS;Rio Grande do Sul;MISSIONEIRA;Ajuricaba
430030;4312;43;RS;Rio Grande do Sul;MISSIONEIRA;Alecrim
430040;4314;43;RS;Rio Grande do Sul;CENTRO-OESTE;Alegrete
430045;4312;43;RS;Rio Grande do Sul;MISSIONEIRA;Alegria
430047;4311;43;RS;Rio Grande do Sul;NORTE;Almirante Tamandaré do Sul
430050;4311;43;RS;Rio Grande do Sul;NORTE;Alpestre
430055;4311;43;RS;Rio Grande do Sul;NORTE;Alto Alegre
430057;4310;43;RS;Rio Grande do Sul;SERRA;Alto Feliz
430060;4313;43;RS;Rio Grande do Sul;METROPOLITANA;Alvorada
430063;4309;43;RS;Rio Grande do Sul;SUL;Amaral Ferrador
430064;4311;43;RS;Rio Grande do Sul;NORTE;Ametista do Sul
430066;4311;43;RS;Rio Grande do Sul;NORTE;André da Rocha
430070;4308;43;RS;Rio Grande do Sul;VALES;Anta Gorda
430080;4310;43;RS;Rio Grande do Sul;SERRA;Antônio Prado
430085;4313;43;RS;Rio Grande do Sul;METROPOLITANA;Arambaré
430087;4313;43;RS;Rio Grande do Sul;METROPOLITANA;Araricá
430090;4311;43;RS;Rio Grande do Sul;NORTE;Aratiba
430100;4308;43;RS;Rio Grande do Sul;VALES;Arroio do Meio
430105;4313;43;RS;Rio Grande do Sul;METROPOLITANA;Arroio do Sal
430107;4309;43;RS;Rio Grande do Sul;SUL;Arroio do Padre
430110;4313;43;RS;Rio Grande do Sul;METROPOLITANA;Arroio dos Ratos
430120;4308;43;RS;Rio Grande do Sul;VALES;Arroio do Tigre
430130;4309;43;RS;Rio Grande do Sul;SUL;Arroio Grande
430140;4311;43;RS;Rio Grande do Sul;NORTE;Arvorezinha
430150;4312;43;RS;Rio Grande do Sul;MISSIONEIRA;Augusto Pestana
430155;4311;43;RS;Rio Grande do Sul;NORTE;Áurea
430160;4309;43;RS;Rio Grande do Sul;SUL;Bagé
430163;4313;43;RS;Rio Grande do Sul;METROPOLITANA;Balneário Pinhal
430165;4313;43;RS;Rio Grande do Sul;METROPOLITANA;Barão
430170;4311;43;RS;Rio Grande do Sul;NORTE;Barão de Cotegipe
430175;4313;43;RS;Rio Grande do Sul;METROPOLITANA;Barão do Triunfo
430180;4311;43;RS;Rio Grande do Sul;NORTE;Barracão
430185;4311;43;RS;Rio Grande do Sul;NORTE;Barra do Guarita
430187;4314;43;RS;Rio Grande do Sul;CENTRO-OESTE;Barra do Quaraí
430190;4313;43;RS;Rio Grande do Sul;METROPOLITANA;Barra do Ribeiro
430192;4311;43;RS;Rio Grande do Sul;NORTE;Barra do Rio Azul
430195;4311;43;RS;Rio Grande do Sul;NORTE;Barra Funda
430200;4311;43;RS;Rio Grande do Sul;NORTE;Barros Cassal
430205;4311;43;RS;Rio Grande do Sul;NORTE;Benjamin Constant do Sul
430210;4310;43;RS;Rio Grande do Sul;SERRA;Bento Gonçalves
430215;4311;43;RS;Rio Grande do Sul;NORTE;Boa Vista das Missões
430220;4312;43;RS;Rio Grande do Sul;MISSIONEIRA;Boa Vista do Buricá
430222;4312;43;RS;Rio Grande do Sul;MISSIONEIRA;Boa Vista do Cadeado
430223;4312;43;RS;Rio Grande do Sul;MISSIONEIRA;Boa Vista do Incra
430225;4310;43;RS;Rio Grande do Sul;SERRA;Boa Vista do Sul
430230;4310;43;RS;Rio Grande do Sul;SERRA;Bom Jesus
430235;4310;43;RS;Rio Grande do Sul;SERRA;Bom Princípio
430237;4311;43;RS;Rio Grande do Sul;NORTE;Bom Progresso
430240;4308;43;RS;Rio Grande do Sul;VALES;Bom Retiro do Sul
430245;4308;43;RS;Rio Grande do Sul;VALES;Boqueirão do Leão
430250;4312;43;RS;Rio Grande do Sul;MISSIONEIRA;Bossoroca
430258;4312;43;RS;Rio Grande do Sul;MISSIONEIRA;Bozano
430260;4311;43;RS;Rio Grande do Sul;NORTE;Braga
430265;4313;43;RS;Rio Grande do Sul;METROPOLITANA;Brochier
430270;4313;43;RS;Rio Grande do Sul;METROPOLITANA;Butiá
430280;4308;43;RS;Rio Grande do Sul;VALES;Caçapava do Sul
430290;4314;43;RS;Rio Grande do Sul;CENTRO-OESTE;Cacequi
430300;4308;43;RS;Rio Grande do Sul;VALES;Cachoeira do Sul
430310;4313;43;RS;Rio Grande do Sul;METROPOLITANA;Cachoeirinha
430320;4311;43;RS;Rio Grande do Sul;NORTE;Cacique Doble
430330;4312;43;RS;Rio Grande do Sul;MISSIONEIRA;Caibaté
430340;4311;43;RS;Rio Grande do Sul;NORTE;Caiçara
430350;4313;43;RS;Rio Grande do Sul;METROPOLITANA;Camaquã
430355;4311;43;RS;Rio Grande do Sul;NORTE;Camargo
430360;4313;43;RS;Rio Grande do Sul;METROPOLITANA;Cambará do Sul
430367;4310;43;RS;Rio Grande do Sul;SERRA;Campestre da Serra
430370;4312;43;RS;Rio Grande do Sul;MISSIONEIRA;Campina das Missões
430380;4311;43;RS;Rio Grande do Sul;NORTE;Campinas do Sul
430390;4313;43;RS;Rio Grande do Sul;METROPOLITANA;Campo Bom
430400;4312;43;RS;Rio Grande do Sul;MISSIONEIRA;Campo Novo
430410;4311;43;RS;Rio Grande do Sul;NORTE;Campos Borges
430420;4308;43;RS;Rio Grande do Sul;VALES;Candelária
430430;4312;43;RS;Rio Grande do Sul;MISSIONEIRA;Cândido Godói
430435;4309;43;RS;Rio Grande do Sul;SUL;Candiota
430440;4310;43;RS;Rio Grande do Sul;SERRA;Canela
430450;4309;43;RS;Rio Grande do Sul;SUL;Canguçu
430460;4313;43;RS;Rio Grande do Sul;METROPOLITANA;Canoas
430461;4308;43;RS;Rio Grande do Sul;VALES;Canudos do Vale
430462;4311;43;RS;Rio Grande do Sul;NORTE;Capão Bonito do Sul
430463;4313;43;RS;Rio Grande do Sul;METROPOLITANA;Capão da Canoa
430465;4314;43;RS;Rio Grande do Sul;CENTRO-OESTE;Capão do Cipó
430466;4309;43;RS;Rio Grande do Sul;SUL;Capão do Leão
430467;4313;43;RS;Rio Grande do Sul;METROPOLITANA;Capivari do Sul
430468;4313;43;RS;Rio Grande do Sul;METROPOLITANA;Capela de Santana
430469;4308;43;RS;Rio Grande do Sul;VALES;Capitão
430470;4311;43;RS;Rio Grande do Sul;NORTE;Carazinho
430471;4313;43;RS;Rio Grande do Sul;METROPOLITANA;Caraá
430480;4310;43;RS;Rio Grande do Sul;SERRA;Carlos Barbosa
430485;4311;43;RS;Rio Grande do Sul;NORTE;Carlos Gomes
430490;4311;43;RS;Rio Grande do Sul;NORTE;Casca
430495;4311;43;RS;Rio Grande do Sul;NORTE;Caseiros
430500;4312;43;RS;Rio Grande do Sul;MISSIONEIRA;Catuípe
430510;4310;43;RS;Rio Grande do Sul;SERRA;Caxias do Sul
430511;4311;43;RS;Rio Grande do Sul;NORTE;Centenário
430512;4309;43;RS;Rio Grande do Sul;SUL;Cerrito
430513;4308;43;RS;Rio Grande do Sul;VALES;Cerro Branco
430515;4311;43;RS;Rio Grande do Sul;NORTE;Cerro Grande
430517;4313;43;RS;Rio Grande do Sul;METROPOLITANA;Cerro Grande do Sul
430520;4312;43;RS;Rio Grande do Sul;MISSIONEIRA;Cerro Largo
430530;4311;43;RS;Rio Grande do Sul;NORTE;Chapada
430535;4313;43;RS;Rio Grande do Sul;METROPOLITANA;Charqueadas
430537;4311;43;RS;Rio Grande do Sul;NORTE;Charrua
430540;4312;43;RS;Rio Grande do Sul;MISSIONEIRA;Chiapetta
430543;4309;43;RS;Rio Grande do Sul;SUL;Chuí
430544;4313;43;RS;Rio Grande do Sul;METROPOLITANA;Chuvisca
430545;4313;43;RS;Rio Grande do Sul;METROPOLITANA;Cidreira
430550;4311;43;RS;Rio Grande do Sul;NORTE;Ciríaco
430558;4308;43;RS;Rio Grande do Sul;VALES;Colinas
430560;4312;43;RS;Rio Grande do Sul;MISSIONEIRA;Colorado
430570;4312;43;RS;Rio Grande do Sul;MISSIONEIRA;Condor
430580;4311;43;RS;Rio Grande do Sul;NORTE;Constantina
430583;4308;43;RS;Rio Grande do Sul;VALES;Coqueiro Baixo
430585;4311;43;RS;Rio Grande do Sul;NORTE;Coqueiros do Sul
430587;4312;43;RS;Rio Grande do Sul;MISSIONEIRA;Coronel Barros
430590;4311;43;RS;Rio Grande do Sul;NORTE;Coronel Bicaco
430593;4310;43;RS;Rio Grande do Sul;SERRA;Coronel Pilar
430595;4310;43;RS;Rio Grande do Sul;SERRA;Cotiporã
430597;4311;43;RS;Rio Grande do Sul;NORTE;Coxilha
430600;4312;43;RS;Rio Grande do Sul;MISSIONEIRA;Crissiumal
430605;4313;43;RS;Rio Grande do Sul;METROPOLITANA;Cristal
430607;4311;43;RS;Rio Grande do Sul;NORTE;Cristal do Sul
430610;4312;43;RS;Rio Grande do Sul;MISSIONEIRA;Cruz Alta
430613;4311;43;RS;Rio Grande do Sul;NORTE;Cruzaltense
430620;4308;43;RS;Rio Grande do Sul;VALES;Cruzeiro do Sul
430630;4311;43;RS;Rio Grande do Sul;NORTE;David Canabarro
430632;4311;43;RS;Rio Grande do Sul;NORTE;Derrubadas
430635;4312;43;RS;Rio Grande do Sul;MISSIONEIRA;Dezesseis de Novembro
430637;4314;43;RS;Rio Grande do Sul;CENTRO-OESTE;Dilermando de Aguiar
430640;4313;43;RS;Rio Grande do Sul;METROPOLITANA;Dois Irmãos
430642;4311;43;RS;Rio Grande do Sul;NORTE;Dois Irmãos das Missões
430645;4308;43;RS;Rio Grande do Sul;VALES;Dois Lajeados
430650;4313;43;RS;Rio Grande do Sul;METROPOLITANA;Dom Feliciano
430655;4313;43;RS;Rio Grande do Sul;METROPOLITANA;Dom Pedro de Alcântara
430660;4309;43;RS;Rio Grande do Sul;SUL;Dom Pedrito
430670;4314;43;RS;Rio Grande do Sul;CENTRO-OESTE;Dona Francisca
430673;4312;43;RS;Rio Grande do Sul;MISSIONEIRA;Doutor Maurício Cardoso
430675;4308;43;RS;Rio Grande do Sul;VALES;Doutor Ricardo
430676;4313;43;RS;Rio Grande do Sul;METROPOLITANA;Eldorado do Sul
430680;4308;43;RS;Rio Grande do Sul;VALES;Encantado
430690;4308;43;RS;Rio Grande do Sul;VALES;Encruzilhada do Sul
430692;4311;43;RS;Rio Grande do Sul;NORTE;Engenho Velho
430693;4312;43;RS;Rio Grande do Sul;MISSIONEIRA;Entre-Ijuís
430695;4311;43;RS;Rio Grande do Sul;NORTE;Entre Rios do Sul
430697;4311;43;RS;Rio Grande do Sul;NORTE;Erebango
430700;4311;43;RS;Rio Grande do Sul;NORTE;Erechim
430705;4311;43;RS;Rio Grande do Sul;NORTE;Ernestina
430710;4309;43;RS;Rio Grande do Sul;SUL;Herval
430720;4311;43;RS;Rio Grande do Sul;NORTE;Erval Grande
430730;4311;43;RS;Rio Grande do Sul;NORTE;Erval Seco
430740;4310;43;RS;Rio Grande do Sul;SERRA;Esmeralda
430745;4311;43;RS;Rio Grande do Sul;NORTE;Esperança do Sul
430750;4311;43;RS;Rio Grande do Sul;NORTE;Espumoso
430755;4311;43;RS;Rio Grande do Sul;NORTE;Estação
430760;4313;43;RS;Rio Grande do Sul;METROPOLITANA;Estância Velha
430770;4313;43;RS;Rio Grande do Sul;METROPOLITANA;Esteio
430780;4308;43;RS;Rio Grande do Sul;VALES;Estrela
430781;4308;43;RS;Rio Grande do Sul;VALES;Estrela Velha
430783;4312;43;RS;Rio Grande do Sul;MISSIONEIRA;Eugênio de Castro
430786;4310;43;RS;Rio Grande do Sul;SERRA;Fagundes Varela
430790;4310;43;RS;Rio Grande do Sul;SERRA;Farroupilha
430800;4314;43;RS;Rio Grande do Sul;CENTRO-OESTE;Faxinal do Soturno
430805;4311;43;RS;Rio Grande do Sul;NORTE;Faxinalzinho
430807;4308;43;RS;Rio Grande do Sul;VALES;Fazenda Vilanova
430810;4310;43;RS;Rio Grande do Sul;SERRA;Feliz
430820;4310;43;RS;Rio Grande do Sul;SERRA;Flores da Cunha
430825;4311;43;RS;Rio Grande do Sul;NORTE;Floriano Peixoto
430830;4311;43;RS;Rio Grande do Sul;NORTE;Fontoura Xavier
430840;4314;43;RS;Rio Grande do Sul;CENTRO-OESTE;Formigueiro
430843;4308;43;RS;Rio Grande do Sul;VALES;Forquetinha
430845;4312;43;RS;Rio Grande do Sul;MISSIONEIRA;Fortaleza dos Valos
430850;4311;43;RS;Rio Grande do Sul;NORTE;Frederico Westphalen
430860;4310;43;RS;Rio Grande do Sul;SERRA;Garibaldi
430865;4312;43;RS;Rio Grande do Sul;MISSIONEIRA;Garruchos
430870;4311;43;RS;Rio Grande do Sul;NORTE;Gaurama
430880;4313;43;RS;Rio Grande do Sul;METROPOLITANA;General Câmara
430885;4311;43;RS;Rio Grande do Sul;NORTE;Gentil
430890;4311;43;RS;Rio Grande do Sul;NORTE;Getúlio Vargas
430900;4312;43;RS;Rio Grande do Sul;MISSIONEIRA;Giruá
430905;4313;43;RS;Rio Grande do Sul;METROPOLITANA;Glorinha
430910;4310;43;RS;Rio Grande do Sul;SERRA;Gramado
430912;4311;43;RS;Rio Grande do Sul;NORTE;Gramado dos Loureiros
430915;4308;43;RS;Rio Grande do Sul;VALES;Gramado Xavier
430920;4313;43;RS;Rio Grande do Sul;METROPOLITANA;Gravataí
430925;4310;43;RS;Rio Grande do Sul;SERRA;Guabiju
430930;4313;43;RS;Rio Grande do Sul;METROPOLITANA;Guaíba
430940;4310;43;RS;Rio Grande do Sul;SERRA;Guaporé
430950;4312;43;RS;Rio Grande do Sul;MISSIONEIRA;Guarani das Missões
430955;4313;43;RS;Rio Grande do Sul;METROPOLITANA;Harmonia
430957;4308;43;RS;Rio Grande do Sul;VALES;Herveiras
430960;4312;43;RS;Rio Grande do Sul;MISSIONEIRA;Horizontina
430965;4309;43;RS;Rio Grande do Sul;SUL;Hulha Negra
430970;4312;43;RS;Rio Grande do Sul;MISSIONEIRA;Humaitá
430975;4308;43;RS;Rio Grande do Sul;VALES;Ibarama
430980;4311;43;RS;Rio Grande do Sul;NORTE;Ibiaçá
430990;4311;43;RS;Rio Grande do Sul;NORTE;Ibiraiaras
430995;4311;43;RS;Rio Grande do Sul;NORTE;Ibirapuitã
431000;4312;43;RS;Rio Grande do Sul;MISSIONEIRA;Ibirubá
431010;4313;43;RS;Rio Grande do Sul;METROPOLITANA;Igrejinha
431020;4312;43;RS;Rio Grande do Sul;MISSIONEIRA;Ijuí
431030;4308;43;RS;Rio Grande do Sul;VALES;Ilópolis
431033;4313;43;RS;Rio Grande do Sul;METROPOLITANA;Imbé
431036;4308;43;RS;Rio Grande do Sul;VALES;Imigrante
431040;4312;43;RS;Rio Grande do Sul;MISSIONEIRA;Independência
431041;4312;43;RS;Rio Grande do Sul;MISSIONEIRA;Inhacorá
431043;4310;43;RS;Rio Grande do Sul;SERRA;Ipê
431046;4311;43;RS;Rio Grande do Sul;NORTE;Ipiranga do Sul
431050;4311;43;RS;Rio Grande do Sul;NORTE;Iraí
431053;4314;43;RS;Rio Grande do Sul;CENTRO-OESTE;Itaara
431055;4314;43;RS;Rio Grande do Sul;CENTRO-OESTE;Itacurubi
431057;4311;43;RS;Rio Grande do Sul;NORTE;Itapuca
431060;4314;43;RS;Rio Grande do Sul;CENTRO-OESTE;Itaqui
431065;4313;43;RS;Rio Grande do Sul;METROPOLITANA;Itati
431070;4311;43;RS;Rio Grande do Sul;NORTE;Itatiba do Sul
431075;4314;43;RS;Rio Grande do Sul;CENTRO-OESTE;Ivorá
431080;4313;43;RS;Rio Grande do Sul;METROPOLITANA;Ivoti
431085;4311;43;RS;Rio Grande do Sul;NORTE;Jaboticaba
431087;4312;43;RS;Rio Grande do Sul;MISSIONEIRA;Jacuizinho
431090;4311;43;RS;Rio Grande do Sul;NORTE;Jacutinga
431100;4309;43;RS;Rio Grande do Sul;SUL;Jaguarão
431110;4314;43;RS;Rio Grande do Sul;CENTRO-OESTE;Jaguari
431112;4310;43;RS;Rio Grande do Sul;SERRA;Jaquirana
431113;4314;43;RS;Rio Grande do Sul;CENTRO-OESTE;Jari
431115;4312;43;RS;Rio Grande do Sul;MISSIONEIRA;Jóia
431120;4314;43;RS;Rio Grande do Sul;CENTRO-OESTE;Júlio de Castilhos
431123;4308;43;RS;Rio Grande do Sul;VALES;Lagoa Bonita do Sul
431125;4311;43;RS;Rio Grande do Sul;NORTE;Lagoão
431127;4311;43;RS;Rio Grande do Sul;NORTE;Lagoa dos Três Cantos
431130;4311;43;RS;Rio Grande do Sul;NORTE;Lagoa Vermelha
431140;4308;43;RS;Rio Grande do Sul;VALES;Lajeado
431142;4311;43;RS;Rio Grande do Sul;NORTE;Lajeado do Bugre
431150;4309;43;RS;Rio Grande do Sul;SUL;Lavras do Sul
431160;4311;43;RS;Rio Grande do Sul;NORTE;Liberato Salzano
431162;4313;43;RS;Rio Grande do Sul;METROPOLITANA;Lindolfo Collor
431164;4310;43;RS;Rio Grande do Sul;SERRA;Linha Nova
431170;4311;43;RS;Rio Grande do Sul;NORTE;Machadinho
431171;4314;43;RS;Rio Grande do Sul;CENTRO-OESTE;Maçambará
431173;4313;43;RS;Rio Grande do Sul;METROPOLITANA;Mampituba
431175;4314;43;RS;Rio Grande do Sul;CENTRO-OESTE;Manoel Viana
431177;4313;43;RS;Rio Grande do Sul;METROPOLITANA;Maquiné
431179;4313;43;RS;Rio Grande do Sul;METROPOLITANA;Maratá
431180;4311;43;RS;Rio Grande do Sul;NORTE;Marau
431190;4311;43;RS;Rio Grande do Sul;NORTE;Marcelino Ramos
431198;4313;43;RS;Rio Grande do Sul;METROPOLITANA;Mariana Pimentel
431200;4311;43;RS;Rio Grande do Sul;NORTE;Mariano Moro
431205;4308;43;RS;Rio Grande do Sul;VALES;Marques de Souza
431210;4314;43;RS;Rio Grande do Sul;CENTRO-OESTE;Mata
431213;4311;43;RS;Rio Grande do Sul;NORTE;Mato Castelhano
431215;4308;43;RS;Rio Grande do Sul;VALES;Mato Leitão
431217;4312;43;RS;Rio Grande do Sul;MISSIONEIRA;Mato Queimado
431220;4311;43;RS;Rio Grande do Sul;NORTE;Maximiliano de Almeida
431225;4313;43;RS;Rio Grande do Sul;METROPOLITANA;Minas do Leão
431230;4311;43;RS;Rio Grande do Sul;NORTE;Miraguaí
431235;4311;43;RS;Rio Grande do Sul;NORTE;Montauri
431237;4310;43;RS;Rio Grande do Sul;SERRA;Monte Alegre dos Campos
431238;4310;43;RS;Rio Grande do Sul;SERRA;Monte Belo do Sul
431240;4313;43;RS;Rio Grande do Sul;METROPOLITANA;Montenegro
431242;4311;43;RS;Rio Grande do Sul;NORTE;Mormaço
431244;4313;43;RS;Rio Grande do Sul;METROPOLITANA;Morrinhos do Sul
431245;4309;43;RS;Rio Grande do Sul;SUL;Morro Redondo
431247;4313;43;RS;Rio Grande do Sul;METROPOLITANA;Morro Reuter
431250;4313;43;RS;Rio Grande do Sul;METROPOLITANA;Mostardas
431260;4308;43;RS;Rio Grande do Sul;VALES;Muçum
431261;4310;43;RS;Rio Grande do Sul;SERRA;Muitos Capões
431262;4311;43;RS;Rio Grande do Sul;NORTE;Muliterno
431265;4311;43;RS;Rio Grande do Sul;NORTE;Não-Me-Toque
431267;4311;43;RS;Rio Grande do Sul;NORTE;Nicolau Vergueiro
431270;4311;43;RS;Rio Grande do Sul;NORTE;Nonoai
431275;4311;43;RS;Rio Grande do Sul;NORTE;Nova Alvorada
431280;4310;43;RS;Rio Grande do Sul;SERRA;Nova Araçá
431290;4310;43;RS;Rio Grande do Sul;SERRA;Nova Bassano
431295;4311;43;RS;Rio Grande do Sul;NORTE;Nova Boa Vista
431300;4308;43;RS;Rio Grande do Sul;VALES;Nova Bréscia
431301;4312;43;RS;Rio Grande do Sul;MISSIONEIRA;Nova Candelária
431303;4314;43;RS;Rio Grande do Sul;CENTRO-OESTE;Nova Esperança do Sul
431306;4313;43;RS;Rio Grande do Sul;METROPOLITANA;Nova Hartz
431308;4310;43;RS;Rio Grande do Sul;SERRA;Nova Pádua
431310;4314;43;RS;Rio Grande do Sul;CENTRO-OESTE;Nova Palma
431320;4310;43;RS;Rio Grande do Sul;SERRA;Nova Petrópolis
431330;4310;43;RS;Rio Grande do Sul;SERRA;Nova Prata
431333;4312;43;RS;Rio Grande do Sul;MISSIONEIRA;Nova Ramada
431335;4310;43;RS;Rio Grande do Sul;SERRA;Nova Roma do Sul
431337;4313;43;RS;Rio Grande do Sul;METROPOLITANA;Nova Santa Rita
431339;4308;43;RS;Rio Grande do Sul;VALES;Novo Cabrais
431340;4313;43;RS;Rio Grande do Sul;METROPOLITANA;Novo Hamburgo
431342;4312;43;RS;Rio Grande do Sul;MISSIONEIRA;Novo Machado
431344;4311;43;RS;Rio Grande do Sul;NORTE;Novo Tiradentes
431346;4311;43;RS;Rio Grande do Sul;NORTE;Novo Xingu
431349;4311;43;RS;Rio Grande do Sul;NORTE;Novo Barreiro
431350;4313;43;RS;Rio Grande do Sul;METROPOLITANA;Osório
431360;4311;43;RS;Rio Grande do Sul;NORTE;Paim Filho
431365;4313;43;RS;Rio Grande do Sul;METROPOLITANA;Palmares do Sul
431370;4311;43;RS;Rio Grande do Sul;NORTE;Palmeira das Missões
431380;4311;43;RS;Rio Grande do Sul;NORTE;Palmitinho
431390;4312;43;RS;Rio Grande do Sul;MISSIONEIRA;Panambi
431395;4308;43;RS;Rio Grande do Sul;VALES;Pantano Grande
431400;4310;43;RS;Rio Grande do Sul;SERRA;Paraí
431402;4314;43;RS;Rio Grande do Sul;CENTRO-OESTE;Paraíso do Sul
431403;4313;43;RS;Rio Grande do Sul;METROPOLITANA;Pareci Novo
431405;4313;43;RS;Rio Grande do Sul;METROPOLITANA;Parobé
431406;4308;43;RS;Rio Grande do Sul;VALES;Passa Sete
431407;4308;43;RS;Rio Grande do Sul;VALES;Passo do Sobrado
431410;4311;43;RS;Rio Grande do Sul;NORTE;Passo Fundo
431413;4311;43;RS;Rio Grande do Sul;NORTE;Paulo Bento
431415;4308;43;RS;Rio Grande do Sul;VALES;Paverama
431417;4309;43;RS;Rio Grande do Sul;SUL;Pedras Altas
431420;4309;43;RS;Rio Grande do Sul;SUL;Pedro Osório
431430;4312;43;RS;Rio Grande do Sul;MISSIONEIRA;Pejuçara
431440;4309;43;RS;Rio Grande do Sul;SUL;Pelotas
431442;4310;43;RS;Rio Grande do Sul;SERRA;Picada Café
431445;4311;43;RS;Rio Grande do Sul;NORTE;Pinhal
431446;4310;43;RS;Rio Grande do Sul;SERRA;Pinhal da Serra
431447;4314;43;RS;Rio Grande do Sul;CENTRO-OESTE;Pinhal Grande
431449;4311;43;RS;Rio Grande do Sul;NORTE;Pinheirinho do Vale
431450;4309;43;RS;Rio Grande do Sul;SUL;Pinheiro Machado
431454;4310;43;RS;Rio Grande do Sul;SERRA;Pinto Bandeira
431455;4312;43;RS;Rio Grande do Sul;MISSIONEIRA;Pirapó
431460;4309;43;RS;Rio Grande do Sul;SUL;Piratini
431470;4311;43;RS;Rio Grande do Sul;NORTE;Planalto
431475;4308;43;RS;Rio Grande do Sul;VALES;Poço das Antas
431477;4311;43;RS;Rio Grande do Sul;NORTE;Pontão
431478;4311;43;RS;Rio Grande do Sul;NORTE;Ponte Preta
431480;4313;43;RS;Rio Grande do Sul;METROPOLITANA;Portão
431490;4313;43;RS;Rio Grande do Sul;METROPOLITANA;Porto Alegre
431500;4312;43;RS;Rio Grande do Sul;MISSIONEIRA;Porto Lucena
431505;4312;43;RS;Rio Grande do Sul;MISSIONEIRA;Porto Mauá
431507;4312;43;RS;Rio Grande do Sul;MISSIONEIRA;Porto Vera Cruz
431510;4312;43;RS;Rio Grande do Sul;MISSIONEIRA;Porto Xavier
431513;4308;43;RS;Rio Grande do Sul;VALES;Pouso Novo
431514;4313;43;RS;Rio Grande do Sul;METROPOLITANA;Presidente Lucena
431515;4308;43;RS;Rio Grande do Sul;VALES;Progresso
431517;4310;43;RS;Rio Grande do Sul;SERRA;Protásio Alves
431520;4308;43;RS;Rio Grande do Sul;VALES;Putinga
431530;4314;43;RS;Rio Grande do Sul;CENTRO-OESTE;Quaraí
431531;4311;43;RS;Rio Grande do Sul;NORTE;Quatro Irmãos
431532;4314;43;RS;Rio Grande do Sul;CENTRO-OESTE;Quevedos
431535;4312;43;RS;Rio Grande do Sul;MISSIONEIRA;Quinze de Novembro
431540;4311;43;RS;Rio Grande do Sul;NORTE;Redentora
431545;4308;43;RS;Rio Grande do Sul;VALES;Relvado
431550;4314;43;RS;Rio Grande do Sul;CENTRO-OESTE;Restinga Sêca
431555;4311;43;RS;Rio Grande do Sul;NORTE;Rio dos Índios
431560;4309;43;RS;Rio Grande do Sul;SUL;Rio Grande
431570;4308;43;RS;Rio Grande do Sul;VALES;Rio Pardo
431575;4313;43;RS;Rio Grande do Sul;METROPOLITANA;Riozinho
431580;4308;43;RS;Rio Grande do Sul;VALES;Roca Sales
431590;4311;43;RS;Rio Grande do Sul;NORTE;Rodeio Bonito
431595;4312;43;RS;Rio Grande do Sul;MISSIONEIRA;Rolador
431600;4313;43;RS;Rio Grande do Sul;METROPOLITANA;Rolante
431610;4311;43;RS;Rio Grande do Sul;NORTE;Ronda Alta
431620;4311;43;RS;Rio Grande do Sul;NORTE;Rondinha
431630;4312;43;RS;Rio Grande do Sul;MISSIONEIRA;Roque Gonzales
431640;4314;43;RS;Rio Grande do Sul;CENTRO-OESTE;Rosário do Sul
431642;4311;43;RS;Rio Grande do Sul;NORTE;Sagrada Família
431643;4312;43;RS;Rio Grande do Sul;MISSIONEIRA;Saldanha Marinho
431645;4312;43;RS;Rio Grande do Sul;MISSIONEIRA;Salto do Jacuí
431647;4312;43;RS;Rio Grande do Sul;MISSIONEIRA;Salvador das Missões
431650;4313;43;RS;Rio Grande do Sul;METROPOLITANA;Salvador do Sul
431660;4311;43;RS;Rio Grande do Sul;NORTE;Sananduva
431670;4312;43;RS;Rio Grande do Sul;MISSIONEIRA;Santa Bárbara do Sul
431673;4311;43;RS;Rio Grande do Sul;NORTE;Santa Cecília do Sul
431675;4308;43;RS;Rio Grande do Sul;VALES;Santa Clara do Sul
431680;4308;43;RS;Rio Grande do Sul;VALES;Santa Cruz do Sul
431690;4314;43;RS;Rio Grande do Sul;CENTRO-OESTE;Santa Maria
431695;4313;43;RS;Rio Grande do Sul;METROPOLITANA;Santa Maria do Herval
431697;4314;43;RS;Rio Grande do Sul;CENTRO-OESTE;Santa Margarida do Sul
431700;4309;43;RS;Rio Grande do Sul;SUL;Santana da Boa Vista
431710;4314;43;RS;Rio Grande do Sul;CENTRO-OESTE;Sant'Ana do Livramento
431720;4312;43;RS;Rio Grande do Sul;MISSIONEIRA;Santa Rosa
431725;4310;43;RS;Rio Grande do Sul;SERRA;Santa Tereza
431730;4309;43;RS;Rio Grande do Sul;SUL;Santa Vitória do Palmar
431740;4314;43;RS;Rio Grande do Sul;CENTRO-OESTE;Santiago
431750;4312;43;RS;Rio Grande do Sul;MISSIONEIRA;Santo Ângelo
431755;4311;43;RS;Rio Grande do Sul;NORTE;Santo Antônio do Palma
431760;4313;43;RS;Rio Grande do Sul;METROPOLITANA;Santo Antônio da Patrulha
431770;4312;43;RS;Rio Grande do Sul;MISSIONEIRA;Santo Antônio das Missões
431775;4311;43;RS;Rio Grande do Sul;NORTE;Santo Antônio do Planalto
431780;4312;43;RS;Rio Grande do Sul;MISSIONEIRA;Santo Augusto
431790;4312;43;RS;Rio Grande do Sul;MISSIONEIRA;Santo Cristo
431795;4311;43;RS;Rio Grande do Sul;NORTE;Santo Expedito do Sul
431800;4312;43;RS;Rio Grande do Sul;MISSIONEIRA;São Borja
431805;4311;43;RS;Rio Grande do Sul;NORTE;São Domingos do Sul
431810;4314;43;RS;Rio Grande do Sul;CENTRO-OESTE;São Francisco de Assis
431820;4313;43;RS;Rio Grande do Sul;METROPOLITANA;São Francisco de Paula
431830;4314;43;RS;Rio Grande do Sul;CENTRO-OESTE;São Gabriel
431840;4313;43;RS;Rio Grande do Sul;METROPOLITANA;São Jerônimo
431842;4311;43;RS;Rio Grande do Sul;NORTE;São João da Urtiga
431843;4314;43;RS;Rio Grande do Sul;CENTRO-OESTE;São João do Polêsine
431844;4310;43;RS;Rio Grande do Sul;SERRA;São Jorge
431845;4311;43;RS;Rio Grande do Sul;NORTE;São José das Missões
431846;4308;43;RS;Rio Grande do Sul;VALES;São José do Herval
431848;4313;43;RS;Rio Grande do Sul;METROPOLITANA;São José do Hortêncio
431849;4312;43;RS;Rio Grande do Sul;MISSIONEIRA;São José do Inhacorá
431850;4309;43;RS;Rio Grande do Sul;SUL;São José do Norte
431860;4311;43;RS;Rio Grande do Sul;NORTE;São José do Ouro
431861;4313;43;RS;Rio Grande do Sul;METROPOLITANA;São José do Sul
431862;4310;43;RS;Rio Grande do Sul;SERRA;São José dos Ausentes
431870;4313;43;RS;Rio Grande do Sul;METROPOLITANA;São Leopoldo
431880;4309;43;RS;Rio Grande do Sul;SUL;São Lourenço do Sul
431890;4312;43;RS;Rio Grande do Sul;MISSIONEIRA;São Luiz Gonzaga
431900;4310;43;RS;Rio Grande do Sul;SERRA;São Marcos
431910;4312;43;RS;Rio Grande do Sul;MISSIONEIRA;São Martinho
431912;4314;43;RS;Rio Grande do Sul;CENTRO-OESTE;São Martinho da Serra
431915;4312;43;RS;Rio Grande do Sul;MISSIONEIRA;São Miguel das Missões
431920;4312;43;RS;Rio Grande do Sul;MISSIONEIRA;São Nicolau
431930;4312;43;RS;Rio Grande do Sul;MISSIONEIRA;São Paulo das Missões
431935;4313;43;RS;Rio Grande do Sul;METROPOLITANA;São Pedro da Serra
431936;4311;43;RS;Rio Grande do Sul;NORTE;São Pedro das Missões
431937;4312;43;RS;Rio Grande do Sul;MISSIONEIRA;São Pedro do Butiá
431940;4314;43;RS;Rio Grande do Sul;CENTRO-OESTE;São Pedro do Sul
431950;4313;43;RS;Rio Grande do Sul;METROPOLITANA;São Sebastião do Caí
431960;4314;43;RS;Rio Grande do Sul;CENTRO-OESTE;São Sepé
431970;4311;43;RS;Rio Grande do Sul;NORTE;São Valentim
431971;4308;43;RS;Rio Grande do Sul;VALES;São Valentim do Sul
431973;4312;43;RS;Rio Grande do Sul;MISSIONEIRA;São Valério do Sul
431975;4310;43;RS;Rio Grande do Sul;SERRA;São Vendelino
431980;4314;43;RS;Rio Grande do Sul;CENTRO-OESTE;São Vicente do Sul
431990;4313;43;RS;Rio Grande do Sul;METROPOLITANA;Sapiranga
432000;4313;43;RS;Rio Grande do Sul;METROPOLITANA;Sapucaia do Sul
432010;4311;43;RS;Rio Grande do Sul;NORTE;Sarandi
432020;4311;43;RS;Rio Grande do Sul;NORTE;Seberi
432023;4312;43;RS;Rio Grande do Sul;MISSIONEIRA;Sede Nova
432026;4308;43;RS;Rio Grande do Sul;VALES;Segredo
432030;4312;43;RS;Rio Grande do Sul;MISSIONEIRA;Selbach
432032;4312;43;RS;Rio Grande do Sul;MISSIONEIRA;Senador Salgado Filho
432035;4313;43;RS;Rio Grande do Sul;METROPOLITANA;Sentinela do Sul
432040;4311;43;RS;Rio Grande do Sul;NORTE;Serafina Corrêa
432045;4308;43;RS;Rio Grande do Sul;VALES;Sério
432050;4311;43;RS;Rio Grande do Sul;NORTE;Sertão
432055;4313;43;RS;Rio Grande do Sul;METROPOLITANA;Sertão Santana
432057;4312;43;RS;Rio Grande do Sul;MISSIONEIRA;Sete de Setembro
432060;4311;43;RS;Rio Grande do Sul;NORTE;Severiano de Almeida
432065;4314;43;RS;Rio Grande do Sul;CENTRO-OESTE;Silveira Martins
432067;4308;43;RS;Rio Grande do Sul;VALES;Sinimbu
432070;4308;43;RS;Rio Grande do Sul;VALES;Sobradinho
432080;4311;43;RS;Rio Grande do Sul;NORTE;Soledade
432085;4313;43;RS;Rio Grande do Sul;METROPOLITANA;Tabaí
432090;4311;43;RS;Rio Grande do Sul;NORTE;Tapejara
432100;4311;43;RS;Rio Grande do Sul;NORTE;Tapera
432110;4313;43;RS;Rio Grande do Sul;METROPOLITANA;Tapes
432120;4313;43;RS;Rio Grande do Sul;METROPOLITANA;Taquara
432130;4308;43;RS;Rio Grande do Sul;VALES;Taquari
432132;4311;43;RS;Rio Grande do Sul;NORTE;Taquaruçu do Sul
432135;4313;43;RS;Rio Grande do Sul;METROPOLITANA;Tavares
432140;4311;43;RS;Rio Grande do Sul;NORTE;Tenente Portela
432143;4313;43;RS;Rio Grande do Sul;METROPOLITANA;Terra de Areia
432145;4308;43;RS;Rio Grande do Sul;VALES;Teutônia
432146;4311;43;RS;Rio Grande do Sul;NORTE;Tio Hugo
432147;4311;43;RS;Rio Grande do Sul;NORTE;Tiradentes do Sul
432149;4314;43;RS;Rio Grande do Sul;CENTRO-OESTE;Toropi
432150;4313;43;RS;Rio Grande do Sul;METROPOLITANA;Torres
432160;4313;43;RS;Rio Grande do Sul;METROPOLITANA;Tramandaí
432162;4308;43;RS;Rio Grande do Sul;VALES;Travesseiro
432163;4311;43;RS;Rio Grande do Sul;NORTE;Três Arroios
432166;4313;43;RS;Rio Grande do Sul;METROPOLITANA;Três Cachoeiras
432170;4313;43;RS;Rio Grande do Sul;METROPOLITANA;Três Coroas
432180;4312;43;RS;Rio Grande do Sul;MISSIONEIRA;Três de Maio
432183;4313;43;RS;Rio Grande do Sul;METROPOLITANA;Três Forquilhas
432185;4311;43;RS;Rio Grande do Sul;NORTE;Três Palmeiras
432190;4311;43;RS;Rio Grande do Sul;NORTE;Três Passos
432195;4311;43;RS;Rio Grande do Sul;NORTE;Trindade do Sul
432200;4313;43;RS;Rio Grande do Sul;METROPOLITANA;Triunfo
432210;4312;43;RS;Rio Grande do Sul;MISSIONEIRA;Tucunduva
432215;4311;43;RS;Rio Grande do Sul;NORTE;Tunas
432218;4311;43;RS;Rio Grande do Sul;NORTE;Tupanci do Sul
432220;4314;43;RS;Rio Grande do Sul;CENTRO-OESTE;Tupanciretã
432225;4313;43;RS;Rio Grande do Sul;METROPOLITANA;Tupandi
432230;4312;43;RS;Rio Grande do Sul;MISSIONEIRA;Tuparendi
432232;4309;43;RS;Rio Grande do Sul;SUL;Turuçu
432234;4312;43;RS;Rio Grande do Sul;MISSIONEIRA;Ubiretama
432235;4310;43;RS;Rio Grande do Sul;SERRA;União da Serra
432237;4314;43;RS;Rio Grande do Sul;CENTRO-OESTE;Unistalda
432240;4314;43;RS;Rio Grande do Sul;CENTRO-OESTE;Uruguaiana
432250;4310;43;RS;Rio Grande do Sul;SERRA;Vacaria
432252;4308;43;RS;Rio Grande do Sul;VALES;Vale Verde
432253;4308;43;RS;Rio Grande do Sul;VALES;Vale do Sol
432254;4310;43;RS;Rio Grande do Sul;SERRA;Vale Real
432255;4311;43;RS;Rio Grande do Sul;NORTE;Vanini
432260;4308;43;RS;Rio Grande do Sul;VALES;Venâncio Aires
432270;4308;43;RS;Rio Grande do Sul;VALES;Vera Cruz
432280;4310;43;RS;Rio Grande do Sul;SERRA;Veranópolis
432285;4308;43;RS;Rio Grande do Sul;VALES;Vespasiano Corrêa
432290;4311;43;RS;Rio Grande do Sul;NORTE;Viadutos
432300;4313;43;RS;Rio Grande do Sul;METROPOLITANA;Viamão
432310;4311;43;RS;Rio Grande do Sul;NORTE;Vicente Dutra
432320;4311;43;RS;Rio Grande do Sul;NORTE;Victor Graeff
432330;4310;43;RS;Rio Grande do Sul;SERRA;Vila Flores
432335;4311;43;RS;Rio Grande do Sul;NORTE;Vila Lângaro
432340;4311;43;RS;Rio Grande do Sul;NORTE;Vila Maria
432345;4314;43;RS;Rio Grande do Sul;CENTRO-OESTE;Vila Nova do Sul
432350;4311;43;RS;Rio Grande do Sul;NORTE;Vista Alegre
432360;4310;43;RS;Rio Grande do Sul;SERRA;Vista Alegre do Prata
432370;4311;43;RS;Rio Grande do Sul;NORTE;Vista Gaúcha
432375;4312;43;RS;Rio Grande do Sul;MISSIONEIRA;Vitória das Missões
432377;4308;43;RS;Rio Grande do Sul;VALES;Westfália
432380;4313;43;RS;Rio Grande do Sul;METROPOLITANA;Xangri-lá
500020;5012;50;MS;Mato Grosso do Sul;COSTA LESTE;Água Clara
500025;5010;50;MS;Mato Grosso do Sul;CENTRO;Alcinópolis
500060;5011;50;MS;Mato Grosso do Sul;CONE SUL;Amambai
500070;5010;50;MS;Mato Grosso do Sul;CENTRO;Anastácio
500080;5011;50;MS;Mato Grosso do Sul;CONE SUL;Anaurilândia
500085;5011;50;MS;Mato Grosso do Sul;CONE SUL;Angélica
500090;5011;50;MS;Mato Grosso do Sul;CONE SUL;Antônio João
500100;5012;50;MS;Mato Grosso do Sul;COSTA LESTE;Aparecida do Taboado
500110;5010;50;MS;Mato Grosso do Sul;CENTRO;Aquidauana
500124;5011;50;MS;Mato Grosso do Sul;CONE SUL;Aral Moreira
500150;5010;50;MS;Mato Grosso do Sul;CENTRO;Bandeirantes
500190;5012;50;MS;Mato Grosso do Sul;COSTA LESTE;Bataguassu
500200;5011;50;MS;Mato Grosso do Sul;CONE SUL;Batayporã
500210;5010;50;MS;Mato Grosso do Sul;CENTRO;Bela Vista
500215;5010;50;MS;Mato Grosso do Sul;CENTRO;Bodoquena
500220;5010;50;MS;Mato Grosso do Sul;CENTRO;Bonito
500230;5012;50;MS;Mato Grosso do Sul;COSTA LESTE;Brasilândia
500240;5011;50;MS;Mato Grosso do Sul;CONE SUL;Caarapó
500260;5010;50;MS;Mato Grosso do Sul;CENTRO;Camapuã
500270;5010;50;MS;Mato Grosso do Sul;CENTRO;Campo Grande
500280;5010;50;MS;Mato Grosso do Sul;CENTRO;Caracol
500290;5012;50;MS;Mato Grosso do Sul;COSTA LESTE;Cassilândia
500295;5012;50;MS;Mato Grosso do Sul;COSTA LESTE;Chapadão do Sul
500310;5010;50;MS;Mato Grosso do Sul;CENTRO;Corguinho
500315;5011;50;MS;Mato Grosso do Sul;CONE SUL;Coronel Sapucaia
500320;5009;50;MS;Mato Grosso do Sul;PANTANAL;Corumbá
500325;5012;50;MS;Mato Grosso do Sul;COSTA LESTE;Costa Rica
500330;5010;50;MS;Mato Grosso do Sul;CENTRO;Coxim
500345;5011;50;MS;Mato Grosso do Sul;CONE SUL;Deodápolis
500348;5010;50;MS;Mato Grosso do Sul;CENTRO;Dois Irmãos do Buriti
500350;5011;50;MS;Mato Grosso do Sul;CONE SUL;Douradina
500370;5011;50;MS;Mato Grosso do Sul;CONE SUL;Dourados
500375;5011;50;MS;Mato Grosso do Sul;CONE SUL;Eldorado
500380;5011;50;MS;Mato Grosso do Sul;CONE SUL;Fátima do Sul
500390;5010;50;MS;Mato Grosso do Sul;CENTRO;Figueirão
500400;5011;50;MS;Mato Grosso do Sul;CONE SUL;Glória de Dourados
500410;5010;50;MS;Mato Grosso do Sul;CENTRO;Guia Lopes da Laguna
500430;5011;50;MS;Mato Grosso do Sul;CONE SUL;Iguatemi
500440;5012;50;MS;Mato Grosso do Sul;COSTA LESTE;Inocência
500450;5011;50;MS;Mato Grosso do Sul;CONE SUL;Itaporã
500460;5011;50;MS;Mato Grosso do Sul;CONE SUL;Itaquiraí
500470;5011;50;MS;Mato Grosso do Sul;CONE SUL;Ivinhema
500480;5011;50;MS;Mato Grosso do Sul;CONE SUL;Japorã
500490;5010;50;MS;Mato Grosso do Sul;CENTRO;Jaraguari
500500;5010;50;MS;Mato Grosso do Sul;CENTRO;Jardim
500510;5011;50;MS;Mato Grosso do Sul;CONE SUL;Jateí
500515;5011;50;MS;Mato Grosso do Sul;CONE SUL;Juti
500520;5009;50;MS;Mato Grosso do Sul;PANTANAL;Ladário
500525;5011;50;MS;Mato Grosso do Sul;CONE SUL;Laguna Carapã
500540;5010;50;MS;Mato Grosso do Sul;CENTRO;Maracaju
500560;5009;50;MS;Mato Grosso do Sul;PANTANAL;Miranda
500568;5011;50;MS;Mato Grosso do Sul;CONE SUL;Mundo Novo
500570;5011;50;MS;Mato Grosso do Sul;CONE SUL;Naviraí
500580;5010;50;MS;Mato Grosso do Sul;CENTRO;Nioaque
500600;5011;50;MS;Mato Grosso do Sul;CONE SUL;Nova Alvorada do Sul
500620;5011;50;MS;Mato Grosso do Sul;CONE SUL;Nova Andradina
500625;5011;50;MS;Mato Grosso do Sul;CONE SUL;Novo Horizonte do Sul
500627;5012;50;MS;Mato Grosso do Sul;COSTA LESTE;Paraíso das Águas
500630;5012;50;MS;Mato Grosso do Sul;COSTA LESTE;Paranaíba
500635;5011;50;MS;Mato Grosso do Sul;CONE SUL;Paranhos
500640;5010;50;MS;Mato Grosso do Sul;CENTRO;Pedro Gomes
500660;5011;50;MS;Mato Grosso do Sul;CONE SUL;Ponta Porã
500690;5010;50;MS;Mato Grosso do Sul;CENTRO;Porto Murtinho
500710;5010;50;MS;Mato Grosso do Sul;CENTRO;Ribas do Rio Pardo
500720;5011;50;MS;Mato Grosso do Sul;CONE SUL;Rio Brilhante
500730;5010;50;MS;Mato Grosso do Sul;CENTRO;Rio Negro
500740;5010;50;MS;Mato Grosso do Sul;CENTRO;Rio Verde de Mato Grosso
500750;5010;50;MS;Mato Grosso do Sul;CENTRO;Rochedo
500755;5012;50;MS;Mato Grosso do Sul;COSTA LESTE;Santa Rita do Pardo
500769;5010;50;MS;Mato Grosso do Sul;CENTRO;São Gabriel do Oeste
500770;5011;50;MS;Mato Grosso do Sul;CONE SUL;Sete Quedas
500780;5012;50;MS;Mato Grosso do Sul;COSTA LESTE;Selvíria
500790;5010;50;MS;Mato Grosso do Sul;CENTRO;Sidrolândia
500793;5010;50;MS;Mato Grosso do Sul;CENTRO;Sonora
500795;5011;50;MS;Mato Grosso do Sul;CONE SUL;Tacuru
500797;5011;50;MS;Mato Grosso do Sul;CONE SUL;Taquarussu
500800;5010;50;MS;Mato Grosso do Sul;CENTRO;Terenos
500830;5012;50;MS;Mato Grosso do Sul;COSTA LESTE;Três Lagoas
500840;5011;50;MS;Mato Grosso do Sul;CONE SUL;Vicentina
510010;5105;51;MT;Mato Grosso;MACRORREGIAO CENTRO-NORTE;Acorizal
510020;5104;51;MT;Mato Grosso;MACRORREGIAO LESTE;Água Boa
510025;5103;51;MT;Mato Grosso;MACRORREGIAO NORTE;Alta Floresta
510030;5101;51;MT;Mato Grosso;MACRORREGIAO SUL;Alto Araguaia
510035;5104;51;MT;Mato Grosso;MACRORREGIAO LESTE;Alto Boa Vista
510040;5101;51;MT;Mato Grosso;MACRORREGIAO SUL;Alto Garças
510050;5106;51;MT;Mato Grosso;MACRORREGIAO CENTRO-NOROESTE;Alto Paraguai
510060;5101;51;MT;Mato Grosso;MACRORREGIAO SUL;Alto Taquari
510080;5103;51;MT;Mato Grosso;MACRORREGIAO NORTE;Apiacás
510100;5104;51;MT;Mato Grosso;MACRORREGIAO LESTE;Araguaiana
510120;5101;51;MT;Mato Grosso;MACRORREGIAO SUL;Araguainha
510125;5102;51;MT;Mato Grosso;MACRORREGIAO OESTE;Araputanga
510130;5106;51;MT;Mato Grosso;MACRORREGIAO CENTRO-NOROESTE;Arenápolis
510140;5106;51;MT;Mato Grosso;MACRORREGIAO CENTRO-NOROESTE;Aripuanã
510160;5105;51;MT;Mato Grosso;MACRORREGIAO CENTRO-NORTE;Barão de Melgaço
510170;5106;51;MT;Mato Grosso;MACRORREGIAO CENTRO-NOROESTE;Barra do Bugres
510180;5104;51;MT;Mato Grosso;MACRORREGIAO LESTE;Barra do Garças
510183;5103;51;MT;Mato Grosso;MACRORREGIAO NORTE;Boa Esperança Do Norte
510185;5104;51;MT;Mato Grosso;MACRORREGIAO LESTE;Bom Jesus do Araguaia
510190;5106;51;MT;Mato Grosso;MACRORREGIAO CENTRO-NOROESTE;Brasnorte
510250;5102;51;MT;Mato Grosso;MACRORREGIAO OESTE;Cáceres
510260;5104;51;MT;Mato Grosso;MACRORREGIAO LESTE;Campinápolis
510263;5106;51;MT;Mato Grosso;MACRORREGIAO CENTRO-NOROESTE;Campo Novo do Parecis
510267;5101;51;MT;Mato Grosso;MACRORREGIAO SUL;Campo Verde
510268;5102;51;MT;Mato Grosso;MACRORREGIAO OESTE;Campos de Júlio
510269;5104;51;MT;Mato Grosso;MACRORREGIAO LESTE;Canabrava do Norte
510270;5104;51;MT;Mato Grosso;MACRORREGIAO LESTE;Canarana
510279;5103;51;MT;Mato Grosso;MACRORREGIAO NORTE;Carlinda
510285;5106;51;MT;Mato Grosso;MACRORREGIAO CENTRO-NOROESTE;Castanheira
510300;5105;51;MT;Mato Grosso;MACRORREGIAO CENTRO-NORTE;Chapada dos Guimarães
510305;5103;51;MT;Mato Grosso;MACRORREGIAO NORTE;Cláudia
510310;5104;51;MT;Mato Grosso;MACRORREGIAO LESTE;Cocalinho
510320;5103;51;MT;Mato Grosso;MACRORREGIAO NORTE;Colíder
510325;5106;51;MT;Mato Grosso;MACRORREGIAO CENTRO-NOROESTE;Colniza
510330;5102;51;MT;Mato Grosso;MACRORREGIAO OESTE;Comodoro
510335;5104;51;MT;Mato Grosso;MACRORREGIAO LESTE;Confresa
510336;5102;51;MT;Mato Grosso;MACRORREGIAO OESTE;Conquista D'Oeste
510337;5106;51;MT;Mato Grosso;MACRORREGIAO CENTRO-NOROESTE;Cotriguaçu
510340;5105;51;MT;Mato Grosso;MACRORREGIAO CENTRO-NORTE;Cuiabá
510343;5102;51;MT;Mato Grosso;MACRORREGIAO OESTE;Curvelândia
510345;5106;51;MT;Mato Grosso;MACRORREGIAO CENTRO-NOROESTE;Denise
510350;5106;51;MT;Mato Grosso;MACRORREGIAO CENTRO-NOROESTE;Diamantino
510360;5101;51;MT;Mato Grosso;MACRORREGIAO SUL;Dom Aquino
510370;5103;51;MT;Mato Grosso;MACRORREGIAO NORTE;Feliz Natal
510380;5102;51;MT;Mato Grosso;MACRORREGIAO OESTE;Figueirópolis D'Oeste
510385;5104;51;MT;Mato Grosso;MACRORREGIAO LESTE;Gaúcha do Norte
510390;5104;51;MT;Mato Grosso;MACRORREGIAO LESTE;General Carneiro
510395;5102;51;MT;Mato Grosso;MACRORREGIAO OESTE;Glória D'Oeste
510410;5103;51;MT;Mato Grosso;MACRORREGIAO NORTE;Guarantã do Norte
510420;5101;51;MT;Mato Grosso;MACRORREGIAO SUL;Guiratinga
510450;5102;51;MT;Mato Grosso;MACRORREGIAO OESTE;Indiavaí
510452;5103;51;MT;Mato Grosso;MACRORREGIAO NORTE;Ipiranga do Norte
510454;5103;51;MT;Mato Grosso;MACRORREGIAO NORTE;Itanhangá
510455;5103;51;MT;Mato Grosso;MACRORREGIAO NORTE;Itaúba
510460;5101;51;MT;Mato Grosso;MACRORREGIAO SUL;Itiquira
510480;5101;51;MT;Mato Grosso;MACRORREGIAO SUL;Jaciara
510490;5105;51;MT;Mato Grosso;MACRORREGIAO CENTRO-NORTE;Jangada
510500;5102;51;MT;Mato Grosso;MACRORREGIAO OESTE;Jauru
510510;5103;51;MT;Mato Grosso;MACRORREGIAO NORTE;Juara
510515;5106;51;MT;Mato Grosso;MACRORREGIAO CENTRO-NOROESTE;Juína
510517;5106;51;MT;Mato Grosso;MACRORREGIAO CENTRO-NOROESTE;Juruena
510520;5101;51;MT;Mato Grosso;MACRORREGIAO SUL;Juscimeira
510523;5102;51;MT;Mato Grosso;MACRORREGIAO OESTE;Lambari D'Oeste
510525;5103;51;MT;Mato Grosso;MACRORREGIAO NORTE;Lucas do Rio Verde
510530;5104;51;MT;Mato Grosso;MACRORREGIAO LESTE;Luciara
510550;5102;51;MT;Mato Grosso;MACRORREGIAO OESTE;Vila Bela da Santíssima Trindad
510558;5103;51;MT;Mato Grosso;MACRORREGIAO NORTE;Marcelândia
510560;5103;51;MT;Mato Grosso;MACRORREGIAO NORTE;Matupá
510562;5102;51;MT;Mato Grosso;MACRORREGIAO OESTE;Mirassol d'Oeste
510590;5106;51;MT;Mato Grosso;MACRORREGIAO CENTRO-NOROESTE;Nobres
510600;5106;51;MT;Mato Grosso;MACRORREGIAO CENTRO-NOROESTE;Nortelândia
510610;5105;51;MT;Mato Grosso;MACRORREGIAO CENTRO-NORTE;Nossa Senhora do Livramento
510615;5103;51;MT;Mato Grosso;MACRORREGIAO NORTE;Nova Bandeirantes
510617;5104;51;MT;Mato Grosso;MACRORREGIAO LESTE;Nova Nazaré
510618;5102;51;MT;Mato Grosso;MACRORREGIAO OESTE;Nova Lacerda
510619;5103;51;MT;Mato Grosso;MACRORREGIAO NORTE;Nova Santa Helena
510620;5105;51;MT;Mato Grosso;MACRORREGIAO CENTRO-NORTE;Nova Brasilândia
510621;5103;51;MT;Mato Grosso;MACRORREGIAO NORTE;Nova Canaã do Norte
510622;5103;51;MT;Mato Grosso;MACRORREGIAO NORTE;Nova Mutum
510623;5106;51;MT;Mato Grosso;MACRORREGIAO CENTRO-NOROESTE;Nova Olímpia
510624;5103;51;MT;Mato Grosso;MACRORREGIAO NORTE;Nova Ubiratã
510625;5104;51;MT;Mato Grosso;MACRORREGIAO LESTE;Nova Xavantina
510626;5103;51;MT;Mato Grosso;MACRORREGIAO NORTE;Novo Mundo
510627;5103;51;MT;Mato Grosso;MACRORREGIAO NORTE;Novo Horizonte do Norte
510628;5104;51;MT;Mato Grosso;MACRORREGIAO LESTE;Novo São Joaquim
510629;5103;51;MT;Mato Grosso;MACRORREGIAO NORTE;Paranaíta
510630;5101;51;MT;Mato Grosso;MACRORREGIAO SUL;Paranatinga
510631;5104;51;MT;Mato Grosso;MACRORREGIAO LESTE;Novo Santo Antônio
510637;5101;51;MT;Mato Grosso;MACRORREGIAO SUL;Pedra Preta
510642;5103;51;MT;Mato Grosso;MACRORREGIAO NORTE;Peixoto de Azevedo
510645;5105;51;MT;Mato Grosso;MACRORREGIAO CENTRO-NORTE;Planalto da Serra
510650;5105;51;MT;Mato Grosso;MACRORREGIAO CENTRO-NORTE;Poconé
510665;5104;51;MT;Mato Grosso;MACRORREGIAO LESTE;Pontal do Araguaia
510670;5104;51;MT;Mato Grosso;MACRORREGIAO LESTE;Ponte Branca
510675;5102;51;MT;Mato Grosso;MACRORREGIAO OESTE;Pontes e Lacerda
510677;5104;51;MT;Mato Grosso;MACRORREGIAO LESTE;Porto Alegre do Norte
510680;5103;51;MT;Mato Grosso;MACRORREGIAO NORTE;Porto dos Gaúchos
510682;5102;51;MT;Mato Grosso;MACRORREGIAO OESTE;Porto Esperidião
510685;5106;51;MT;Mato Grosso;MACRORREGIAO CENTRO-NOROESTE;Porto Estrela
510700;5101;51;MT;Mato Grosso;MACRORREGIAO SUL;Poxoréu
510704;5101;51;MT;Mato Grosso;MACRORREGIAO SUL;Primavera do Leste
510706;5104;51;MT;Mato Grosso;MACRORREGIAO LESTE;Querência
510710;5102;51;MT;Mato Grosso;MACRORREGIAO OESTE;São José dos Quatro Marcos
510715;5102;51;MT;Mato Grosso;MACRORREGIAO OESTE;Reserva do Cabaçal
510718;5104;51;MT;Mato Grosso;MACRORREGIAO LESTE;Ribeirão Cascalheira
510719;5104;51;MT;Mato Grosso;MACRORREGIAO LESTE;Ribeirãozinho
510720;5102;51;MT;Mato Grosso;MACRORREGIAO OESTE;Rio Branco
510724;5103;51;MT;Mato Grosso;MACRORREGIAO NORTE;Santa Carmem
510726;5106;51;MT;Mato Grosso;MACRORREGIAO CENTRO-NOROESTE;Santo Afonso
510729;5101;51;MT;Mato Grosso;MACRORREGIAO SUL;São José do Povo
510730;5106;51;MT;Mato Grosso;MACRORREGIAO CENTRO-NOROESTE;São José do Rio Claro
510735;5104;51;MT;Mato Grosso;MACRORREGIAO LESTE;São José do Xingu
510740;5101;51;MT;Mato Grosso;MACRORREGIAO SUL;São Pedro da Cipa
510757;5102;51;MT;Mato Grosso;MACRORREGIAO OESTE;Rondolândia
510760;5101;51;MT;Mato Grosso;MACRORREGIAO SUL;Rondonópolis
510770;5106;51;MT;Mato Grosso;MACRORREGIAO CENTRO-NOROESTE;Rosário Oeste
510774;5104;51;MT;Mato Grosso;MACRORREGIAO LESTE;Santa Cruz do Xingu
510775;5102;51;MT;Mato Grosso;MACRORREGIAO OESTE;Salto do Céu
510776;5103;51;MT;Mato Grosso;MACRORREGIAO NORTE;Santa Rita do Trivelato
510777;5104;51;MT;Mato Grosso;MACRORREGIAO LESTE;Santa Terezinha
510779;5101;51;MT;Mato Grosso;MACRORREGIAO SUL;Santo Antônio do Leste
510780;5105;51;MT;Mato Grosso;MACRORREGIAO CENTRO-NORTE;Santo Antônio do Leverger
510785;5104;51;MT;Mato Grosso;MACRORREGIAO LESTE;São Félix do Araguaia
510787;5106;51;MT;Mato Grosso;MACRORREGIAO CENTRO-NOROESTE;Sapezal
510788;5104;51;MT;Mato Grosso;MACRORREGIAO LESTE;Serra Nova Dourada
510790;5103;51;MT;Mato Grosso;MACRORREGIAO NORTE;Sinop
510792;5103;51;MT;Mato Grosso;MACRORREGIAO NORTE;Sorriso
510794;5103;51;MT;Mato Grosso;MACRORREGIAO NORTE;Tabaporã
510795;5106;51;MT;Mato Grosso;MACRORREGIAO CENTRO-NOROESTE;Tangará da Serra
510800;5103;51;MT;Mato Grosso;MACRORREGIAO NORTE;Tapurah
510805;5103;51;MT;Mato Grosso;MACRORREGIAO NORTE;Terra Nova do Norte
510810;5101;51;MT;Mato Grosso;MACRORREGIAO SUL;Tesouro
510820;5104;51;MT;Mato Grosso;MACRORREGIAO LESTE;Torixoréu
510830;5103;51;MT;Mato Grosso;MACRORREGIAO NORTE;União do Sul
510835;5102;51;MT;Mato Grosso;MACRORREGIAO OESTE;Vale de São Domingos
510840;5105;51;MT;Mato Grosso;MACRORREGIAO CENTRO-NORTE;Várzea Grande
510850;5103;51;MT;Mato Grosso;MACRORREGIAO NORTE;Vera
510860;5104;51;MT;Mato Grosso;MACRORREGIAO LESTE;Vila Rica
510880;5103;51;MT;Mato Grosso;MACRORREGIAO NORTE;Nova Guarita
510885;5106;51;MT;Mato Grosso;MACRORREGIAO CENTRO-NOROESTE;Nova Marilândia
510890;5106;51;MT;Mato Grosso;MACRORREGIAO CENTRO-NOROESTE;Nova Maringá
510895;5103;51;MT;Mato Grosso;MACRORREGIAO NORTE;Nova Monte Verde
520005;5208;52;GO;Goiás;MACRORREGIAO CENTRO-OESTE;Abadia de Goiás
520010;5209;52;GO;Goiás;MACRORREGIAO CENTRO-NORTE;Abadiânia
520013;5206;52;GO;Goiás;MACRORREGIAO SUDOESTE;Acreúna
520015;5208;52;GO;Goiás;MACRORREGIAO CENTRO-OESTE;Adelândia
520017;5207;52;GO;Goiás;MACRORREGIAO NORDESTE;Água Fria de Goiás
520020;5210;52;GO;Goiás;MACRORREGIAO CENTRO SUDESTE;Água Limpa
520025;5207;52;GO;Goiás;MACRORREGIAO NORDESTE;Águas Lindas de Goiás
520030;5209;52;GO;Goiás;MACRORREGIAO CENTRO-NORTE;Alexânia
520050;5210;52;GO;Goiás;MACRORREGIAO CENTRO SUDESTE;Aloândia
520055;5209;52;GO;Goiás;MACRORREGIAO CENTRO-NORTE;Alto Horizonte
520060;5207;52;GO;Goiás;MACRORREGIAO NORDESTE;Alto Paraíso de Goiás
520080;5207;52;GO;Goiás;MACRORREGIAO NORDESTE;Alvorada do Norte
520082;5209;52;GO;Goiás;MACRORREGIAO CENTRO-NORTE;Amaralina
520085;5208;52;GO;Goiás;MACRORREGIAO CENTRO-OESTE;Americano do Brasil
520090;5208;52;GO;Goiás;MACRORREGIAO CENTRO-OESTE;Amorinópolis
520110;5209;52;GO;Goiás;MACRORREGIAO CENTRO-NORTE;Anápolis
520120;5210;52;GO;Goiás;MACRORREGIAO CENTRO SUDESTE;Anhanguera
520130;5208;52;GO;Goiás;MACRORREGIAO CENTRO-OESTE;Anicuns
520140;5210;52;GO;Goiás;MACRORREGIAO CENTRO SUDESTE;Aparecida de Goiânia
520145;5206;52;GO;Goiás;MACRORREGIAO SUDOESTE;Aparecida do Rio Doce
520150;5206;52;GO;Goiás;MACRORREGIAO SUDOESTE;Aporé
520160;5208;52;GO;Goiás;MACRORREGIAO CENTRO-OESTE;Araçu
520170;5208;52;GO;Goiás;MACRORREGIAO CENTRO-OESTE;Aragarças
520180;5210;52;GO;Goiás;MACRORREGIAO CENTRO SUDESTE;Aragoiânia
520215;5208;52;GO;Goiás;MACRORREGIAO CENTRO-OESTE;Araguapaz
520235;5208;52;GO;Goiás;MACRORREGIAO CENTRO-OESTE;Arenópolis
520250;5208;52;GO;Goiás;MACRORREGIAO CENTRO-OESTE;Aruanã
520260;5208;52;GO;Goiás;MACRORREGIAO CENTRO-OESTE;Aurilândia
520280;5208;52;GO;Goiás;MACRORREGIAO CENTRO-OESTE;Avelinópolis
520310;5208;52;GO;Goiás;MACRORREGIAO CENTRO-OESTE;Baliza
520320;5209;52;GO;Goiás;MACRORREGIAO CENTRO-NORTE;Barro Alto
520330;5210;52;GO;Goiás;MACRORREGIAO CENTRO SUDESTE;Bela Vista de Goiás
520340;5208;52;GO;Goiás;MACRORREGIAO CENTRO-OESTE;Bom Jardim de Goiás
520350;5210;52;GO;Goiás;MACRORREGIAO CENTRO SUDESTE;Bom Jesus de Goiás
520355;5210;52;GO;Goiás;MACRORREGIAO CENTRO SUDESTE;Bonfinópolis
520357;5209;52;GO;Goiás;MACRORREGIAO CENTRO-NORTE;Bonópolis
520360;5208;52;GO;Goiás;MACRORREGIAO CENTRO-OESTE;Brazabrantes
520380;5208;52;GO;Goiás;MACRORREGIAO CENTRO-OESTE;Britânia
520390;5210;52;GO;Goiás;MACRORREGIAO CENTRO SUDESTE;Buriti Alegre
520393;5208;52;GO;Goiás;MACRORREGIAO CENTRO-OESTE;Buriti de Goiás
520396;5207;52;GO;Goiás;MACRORREGIAO NORDESTE;Buritinópolis
520400;5207;52;GO;Goiás;MACRORREGIAO NORDESTE;Cabeceiras
520410;5206;52;GO;Goiás;MACRORREGIAO SUDOESTE;Cachoeira Alta
520420;5208;52;GO;Goiás;MACRORREGIAO CENTRO-OESTE;Cachoeira de Goiás
520425;5210;52;GO;Goiás;MACRORREGIAO CENTRO SUDESTE;Cachoeira Dourada
520430;5206;52;GO;Goiás;MACRORREGIAO SUDOESTE;Caçu
520440;5206;52;GO;Goiás;MACRORREGIAO SUDOESTE;Caiapônia
520450;5210;52;GO;Goiás;MACRORREGIAO CENTRO SUDESTE;Caldas Novas
520455;5210;52;GO;Goiás;MACRORREGIAO CENTRO SUDESTE;Caldazinha
520460;5208;52;GO;Goiás;MACRORREGIAO CENTRO-OESTE;Campestre de Goiás
520465;5209;52;GO;Goiás;MACRORREGIAO CENTRO-NORTE;Campinaçu
520470;5209;52;GO;Goiás;MACRORREGIAO CENTRO-NORTE;Campinorte
520480;5210;52;GO;Goiás;MACRORREGIAO CENTRO SUDESTE;Campo Alegre de Goiás
520485;5209;52;GO;Goiás;MACRORREGIAO CENTRO-NORTE;Campo Limpo de Goiás
520490;5207;52;GO;Goiás;MACRORREGIAO NORDESTE;Campos Belos
520495;5209;52;GO;Goiás;MACRORREGIAO CENTRO-NORTE;Campos Verdes
520500;5209;52;GO;Goiás;MACRORREGIAO CENTRO-NORTE;Carmo do Rio Verde
520505;5206;52;GO;Goiás;MACRORREGIAO SUDOESTE;Castelândia
520510;5210;52;GO;Goiás;MACRORREGIAO CENTRO SUDESTE;Catalão
520520;5208;52;GO;Goiás;MACRORREGIAO CENTRO-OESTE;Caturaí
520530;5207;52;GO;Goiás;MACRORREGIAO NORDESTE;Cavalcante
520540;5209;52;GO;Goiás;MACRORREGIAO CENTRO-NORTE;Ceres
520545;5210;52;GO;Goiás;MACRORREGIAO CENTRO SUDESTE;Cezarina
520547;5206;52;GO;Goiás;MACRORREGIAO SUDOESTE;Chapadão do Céu
520549;5207;52;GO;Goiás;MACRORREGIAO NORDESTE;Cidade Ocidental
520551;5209;52;GO;Goiás;MACRORREGIAO CENTRO-NORTE;Cocalzinho de Goiás
520552;5209;52;GO;Goiás;MACRORREGIAO CENTRO-NORTE;Colinas do Sul
520570;5208;52;GO;Goiás;MACRORREGIAO CENTRO-OESTE;Córrego do Ouro
520580;5209;52;GO;Goiás;MACRORREGIAO CENTRO-NORTE;Corumbá de Goiás
520590;5210;52;GO;Goiás;MACRORREGIAO CENTRO SUDESTE;Corumbaíba
520620;5207;52;GO;Goiás;MACRORREGIAO NORDESTE;Cristalina
520630;5210;52;GO;Goiás;MACRORREGIAO CENTRO SUDESTE;Cristianópolis
520640;5209;52;GO;Goiás;MACRORREGIAO CENTRO-NORTE;Crixás
520650;5210;52;GO;Goiás;MACRORREGIAO CENTRO SUDESTE;Cromínia
520660;5210;52;GO;Goiás;MACRORREGIAO CENTRO SUDESTE;Cumari
520670;5207;52;GO;Goiás;MACRORREGIAO NORDESTE;Damianópolis
520680;5208;52;GO;Goiás;MACRORREGIAO CENTRO-OESTE;Damolândia
520690;5210;52;GO;Goiás;MACRORREGIAO CENTRO SUDESTE;Davinópolis
520710;5208;52;GO;Goiás;MACRORREGIAO CENTRO-OESTE;Diorama
520725;5206;52;GO;Goiás;MACRORREGIAO SUDOESTE;Doverlândia
520735;5210;52;GO;Goiás;MACRORREGIAO CENTRO SUDESTE;Edealina
520740;5210;52;GO;Goiás;MACRORREGIAO CENTRO SUDESTE;Edéia
520750;5209;52;GO;Goiás;MACRORREGIAO CENTRO-NORTE;Estrela do Norte
520753;5208;52;GO;Goiás;MACRORREGIAO CENTRO-OESTE;Faina
520760;5208;52;GO;Goiás;MACRORREGIAO CENTRO-OESTE;Fazenda Nova
520780;5208;52;GO;Goiás;MACRORREGIAO CENTRO-OESTE;Firminópolis
520790;5207;52;GO;Goiás;MACRORREGIAO NORDESTE;Flores de Goiás
520800;5207;52;GO;Goiás;MACRORREGIAO NORDESTE;Formosa
520810;5209;52;GO;Goiás;MACRORREGIAO CENTRO-NORTE;Formoso
520815;5209;52;GO;Goiás;MACRORREGIAO CENTRO-NORTE;Gameleira de Goiás
520830;5207;52;GO;Goiás;MACRORREGIAO NORDESTE;Divinópolis de Goiás
520840;5209;52;GO;Goiás;MACRORREGIAO CENTRO-NORTE;Goianápolis
520850;5210;52;GO;Goiás;MACRORREGIAO CENTRO SUDESTE;Goiandira
520860;5209;52;GO;Goiás;MACRORREGIAO CENTRO-NORTE;Goianésia
520870;5208;52;GO;Goiás;MACRORREGIAO CENTRO-OESTE;Goiânia
520880;5208;52;GO;Goiás;MACRORREGIAO CENTRO-OESTE;Goianira
520890;5208;52;GO;Goiás;MACRORREGIAO CENTRO-OESTE;Goiás
520910;5210;52;GO;Goiás;MACRORREGIAO CENTRO SUDESTE;Goiatuba
520915;5210;52;GO;Goiás;MACRORREGIAO CENTRO SUDESTE;Gouvelândia
520920;5208;52;GO;Goiás;MACRORREGIAO CENTRO-OESTE;Guapó
520929;5208;52;GO;Goiás;MACRORREGIAO CENTRO-OESTE;Guaraíta
520940;5207;52;GO;Goiás;MACRORREGIAO NORDESTE;Guarani de Goiás
520945;5209;52;GO;Goiás;MACRORREGIAO CENTRO-NORTE;Guarinos
520960;5208;52;GO;Goiás;MACRORREGIAO CENTRO-OESTE;Heitoraí
520970;5210;52;GO;Goiás;MACRORREGIAO CENTRO SUDESTE;Hidrolândia
520980;5209;52;GO;Goiás;MACRORREGIAO CENTRO-NORTE;Hidrolina
520990;5207;52;GO;Goiás;MACRORREGIAO NORDESTE;Iaciara
520993;5210;52;GO;Goiás;MACRORREGIAO CENTRO SUDESTE;Inaciolândia
520995;5210;52;GO;Goiás;MACRORREGIAO CENTRO SUDESTE;Indiara
521000;5208;52;GO;Goiás;MACRORREGIAO CENTRO-OESTE;Inhumas
521010;5210;52;GO;Goiás;MACRORREGIAO CENTRO SUDESTE;Ipameri
521015;5209;52;GO;Goiás;MACRORREGIAO CENTRO-NORTE;Ipiranga de Goiás
521020;5208;52;GO;Goiás;MACRORREGIAO CENTRO-OESTE;Iporá
521030;5208;52;GO;Goiás;MACRORREGIAO CENTRO-OESTE;Israelândia
521040;5208;52;GO;Goiás;MACRORREGIAO CENTRO-OESTE;Itaberaí
521056;5208;52;GO;Goiás;MACRORREGIAO CENTRO-OESTE;Itaguari
521060;5209;52;GO;Goiás;MACRORREGIAO CENTRO-NORTE;Itaguaru
521080;5206;52;GO;Goiás;MACRORREGIAO SUDOESTE;Itajá
521090;5209;52;GO;Goiás;MACRORREGIAO CENTRO-NORTE;Itapaci
521100;5208;52;GO;Goiás;MACRORREGIAO CENTRO-OESTE;Itapirapuã
521120;5208;52;GO;Goiás;MACRORREGIAO CENTRO-OESTE;Itapuranga
521130;5206;52;GO;Goiás;MACRORREGIAO SUDOESTE;Itarumã
521140;5208;52;GO;Goiás;MACRORREGIAO CENTRO-OESTE;Itauçu
521150;5210;52;GO;Goiás;MACRORREGIAO CENTRO SUDESTE;Itumbiara
521160;5208;52;GO;Goiás;MACRORREGIAO CENTRO-OESTE;Ivolândia
521170;5210;52;GO;Goiás;MACRORREGIAO CENTRO SUDESTE;Jandaia
521180;5209;52;GO;Goiás;MACRORREGIAO CENTRO-NORTE;Jaraguá
521190;5206;52;GO;Goiás;MACRORREGIAO SUDOESTE;Jataí
521200;5208;52;GO;Goiás;MACRORREGIAO CENTRO-OESTE;Jaupaci
521205;5208;52;GO;Goiás;MACRORREGIAO CENTRO-OESTE;Jesúpolis
521210;5210;52;GO;Goiás;MACRORREGIAO CENTRO SUDESTE;Joviânia
521220;5208;52;GO;Goiás;MACRORREGIAO CENTRO-OESTE;Jussara
521225;5206;52;GO;Goiás;MACRORREGIAO SUDOESTE;Lagoa Santa
521230;5210;52;GO;Goiás;MACRORREGIAO CENTRO SUDESTE;Leopoldo de Bulhões
521250;5207;52;GO;Goiás;MACRORREGIAO NORDESTE;Luziânia
521260;5210;52;GO;Goiás;MACRORREGIAO CENTRO SUDESTE;Mairipotaba
521270;5207;52;GO;Goiás;MACRORREGIAO NORDESTE;Mambaí
521280;5209;52;GO;Goiás;MACRORREGIAO CENTRO-NORTE;Mara Rosa
521290;5210;52;GO;Goiás;MACRORREGIAO CENTRO SUDESTE;Marzagão
521295;5208;52;GO;Goiás;MACRORREGIAO CENTRO-OESTE;Matrinchã
521300;5206;52;GO;Goiás;MACRORREGIAO SUDOESTE;Maurilândia
521305;5209;52;GO;Goiás;MACRORREGIAO CENTRO-NORTE;Mimoso de Goiás
521308;5209;52;GO;Goiás;MACRORREGIAO CENTRO-NORTE;Minaçu
521310;5206;52;GO;Goiás;MACRORREGIAO SUDOESTE;Mineiros
521340;5208;52;GO;Goiás;MACRORREGIAO CENTRO-OESTE;Moiporá
521350;5207;52;GO;Goiás;MACRORREGIAO NORDESTE;Monte Alegre de Goiás
521370;5208;52;GO;Goiás;MACRORREGIAO CENTRO-OESTE;Montes Claros de Goiás
521375;5206;52;GO;Goiás;MACRORREGIAO SUDOESTE;Montividiu
521377;5209;52;GO;Goiás;MACRORREGIAO CENTRO-NORTE;Montividiu do Norte
521380;5210;52;GO;Goiás;MACRORREGIAO CENTRO SUDESTE;Morrinhos
521385;5209;52;GO;Goiás;MACRORREGIAO CENTRO-NORTE;Morro Agudo de Goiás
521390;5208;52;GO;Goiás;MACRORREGIAO CENTRO-OESTE;Mossâmedes
521400;5208;52;GO;Goiás;MACRORREGIAO CENTRO-OESTE;Mozarlândia
521405;5209;52;GO;Goiás;MACRORREGIAO CENTRO-NORTE;Mundo Novo
521410;5209;52;GO;Goiás;MACRORREGIAO CENTRO-NORTE;Mutunópolis
521440;5208;52;GO;Goiás;MACRORREGIAO CENTRO-OESTE;Nazário
521450;5208;52;GO;Goiás;MACRORREGIAO CENTRO-OESTE;Nerópolis
521460;5209;52;GO;Goiás;MACRORREGIAO CENTRO-NORTE;Niquelândia
521470;5209;52;GO;Goiás;MACRORREGIAO CENTRO-NORTE;Nova América
521480;5210;52;GO;Goiás;MACRORREGIAO CENTRO SUDESTE;Nova Aurora
521483;5208;52;GO;Goiás;MACRORREGIAO CENTRO-OESTE;Nova Crixás
521486;5209;52;GO;Goiás;MACRORREGIAO CENTRO-NORTE;Nova Glória
521487;5209;52;GO;Goiás;MACRORREGIAO CENTRO-NORTE;Nova Iguaçu de Goiás
521490;5207;52;GO;Goiás;MACRORREGIAO NORDESTE;Nova Roma
521500;5208;52;GO;Goiás;MACRORREGIAO CENTRO-OESTE;Nova Veneza
521520;5208;52;GO;Goiás;MACRORREGIAO CENTRO-OESTE;Novo Brasil
521523;5207;52;GO;Goiás;MACRORREGIAO NORDESTE;Novo Gama
521525;5209;52;GO;Goiás;MACRORREGIAO CENTRO-NORTE;Novo Planalto
521530;5210;52;GO;Goiás;MACRORREGIAO CENTRO SUDESTE;Orizona
521540;5208;52;GO;Goiás;MACRORREGIAO CENTRO-OESTE;Ouro Verde de Goiás
521550;5210;52;GO;Goiás;MACRORREGIAO CENTRO SUDESTE;Ouvidor
521560;5209;52;GO;Goiás;MACRORREGIAO CENTRO-NORTE;Padre Bernardo
521565;5208;52;GO;Goiás;MACRORREGIAO CENTRO-OESTE;Palestina de Goiás
521570;5208;52;GO;Goiás;MACRORREGIAO CENTRO-OESTE;Palmeiras de Goiás
521580;5210;52;GO;Goiás;MACRORREGIAO CENTRO SUDESTE;Palmelo
521590;5208;52;GO;Goiás;MACRORREGIAO CENTRO-OESTE;Palminópolis
521600;5210;52;GO;Goiás;MACRORREGIAO CENTRO SUDESTE;Panamá
521630;5206;52;GO;Goiás;MACRORREGIAO SUDOESTE;Paranaiguara
521640;5208;52;GO;Goiás;MACRORREGIAO CENTRO-OESTE;Paraúna
521645;5206;52;GO;Goiás;MACRORREGIAO SUDOESTE;Perolândia
521680;5208;52;GO;Goiás;MACRORREGIAO CENTRO-OESTE;Petrolina de Goiás
521690;5209;52;GO;Goiás;MACRORREGIAO CENTRO-NORTE;Pilar de Goiás
521710;5210;52;GO;Goiás;MACRORREGIAO CENTRO SUDESTE;Piracanjuba
521720;5208;52;GO;Goiás;MACRORREGIAO CENTRO-OESTE;Piranhas
521730;5209;52;GO;Goiás;MACRORREGIAO CENTRO-NORTE;Pirenópolis
521740;5210;52;GO;Goiás;MACRORREGIAO CENTRO SUDESTE;Pires do Rio
521760;5207;52;GO;Goiás;MACRORREGIAO NORDESTE;Planaltina
521770;5210;52;GO;Goiás;MACRORREGIAO CENTRO SUDESTE;Pontalina
521800;5209;52;GO;Goiás;MACRORREGIAO CENTRO-NORTE;Porangatu
521805;5206;52;GO;Goiás;MACRORREGIAO SUDOESTE;Porteirão
521810;5206;52;GO;Goiás;MACRORREGIAO SUDOESTE;Portelândia
521830;5207;52;GO;Goiás;MACRORREGIAO NORDESTE;Posse
521839;5210;52;GO;Goiás;MACRORREGIAO CENTRO SUDESTE;Professor Jamil
521850;5206;52;GO;Goiás;MACRORREGIAO SUDOESTE;Quirinópolis
521860;5209;52;GO;Goiás;MACRORREGIAO CENTRO-NORTE;Rialma
521870;5209;52;GO;Goiás;MACRORREGIAO CENTRO-NORTE;Rianápolis
521878;5210;52;GO;Goiás;MACRORREGIAO CENTRO SUDESTE;Rio Quente
521880;5206;52;GO;Goiás;MACRORREGIAO SUDOESTE;Rio Verde
521890;5209;52;GO;Goiás;MACRORREGIAO CENTRO-NORTE;Rubiataba
521900;5208;52;GO;Goiás;MACRORREGIAO CENTRO-OESTE;Sanclerlândia
521910;5208;52;GO;Goiás;MACRORREGIAO CENTRO-OESTE;Santa Bárbara de Goiás
521920;5210;52;GO;Goiás;MACRORREGIAO CENTRO SUDESTE;Santa Cruz de Goiás
521925;5208;52;GO;Goiás;MACRORREGIAO CENTRO-OESTE;Santa Fé de Goiás
521930;5206;52;GO;Goiás;MACRORREGIAO SUDOESTE;Santa Helena de Goiás
521935;5209;52;GO;Goiás;MACRORREGIAO CENTRO-NORTE;Santa Isabel
521940;5206;52;GO;Goiás;MACRORREGIAO SUDOESTE;Santa Rita do Araguaia
521945;5209;52;GO;Goiás;MACRORREGIAO CENTRO-NORTE;Santa Rita do Novo Destino
521950;5208;52;GO;Goiás;MACRORREGIAO CENTRO-OESTE;Santa Rosa de Goiás
521960;5209;52;GO;Goiás;MACRORREGIAO CENTRO-NORTE;Santa Tereza de Goiás
521970;5209;52;GO;Goiás;MACRORREGIAO CENTRO-NORTE;Santa Terezinha de Goiás
521971;5206;52;GO;Goiás;MACRORREGIAO SUDOESTE;Santo Antônio da Barra
521973;5208;52;GO;Goiás;MACRORREGIAO CENTRO-OESTE;Santo Antônio de Goiás
521975;5207;52;GO;Goiás;MACRORREGIAO NORDESTE;Santo Antônio do Descoberto
521980;5207;52;GO;Goiás;MACRORREGIAO NORDESTE;São Domingos
521990;5208;52;GO;Goiás;MACRORREGIAO CENTRO-OESTE;São Francisco de Goiás
522000;5207;52;GO;Goiás;MACRORREGIAO NORDESTE;São João d'Aliança
522005;5208;52;GO;Goiás;MACRORREGIAO CENTRO-OESTE;São João da Paraúna
522010;5208;52;GO;Goiás;MACRORREGIAO CENTRO-OESTE;São Luís de Montes Belos
522015;5209;52;GO;Goiás;MACRORREGIAO CENTRO-NORTE;São Luiz do Norte
522020;5209;52;GO;Goiás;MACRORREGIAO CENTRO-NORTE;São Miguel do Araguaia
522026;5210;52;GO;Goiás;MACRORREGIAO CENTRO SUDESTE;São Miguel do Passa Quatro
522028;5209;52;GO;Goiás;MACRORREGIAO CENTRO-NORTE;São Patrício
522040;5206;52;GO;Goiás;MACRORREGIAO SUDOESTE;São Simão
522045;5210;52;GO;Goiás;MACRORREGIAO CENTRO SUDESTE;Senador Canedo
522050;5206;52;GO;Goiás;MACRORREGIAO SUDOESTE;Serranópolis
522060;5210;52;GO;Goiás;MACRORREGIAO CENTRO SUDESTE;Silvânia
522068;5207;52;GO;Goiás;MACRORREGIAO NORDESTE;Simolândia
522070;5207;52;GO;Goiás;MACRORREGIAO NORDESTE;Sítio d'Abadia
522100;5208;52;GO;Goiás;MACRORREGIAO CENTRO-OESTE;Taquaral de Goiás
522108;5207;52;GO;Goiás;MACRORREGIAO NORDESTE;Teresina de Goiás
522119;5209;52;GO;Goiás;MACRORREGIAO CENTRO-NORTE;Terezópolis de Goiás
522130;5210;52;GO;Goiás;MACRORREGIAO CENTRO SUDESTE;Três Ranchos
522140;5208;52;GO;Goiás;MACRORREGIAO CENTRO-OESTE;Trindade
522145;5209;52;GO;Goiás;MACRORREGIAO CENTRO-NORTE;Trombas
522150;5208;52;GO;Goiás;MACRORREGIAO CENTRO-OESTE;Turvânia
522155;5206;52;GO;Goiás;MACRORREGIAO SUDOESTE;Turvelândia
522157;5209;52;GO;Goiás;MACRORREGIAO CENTRO-NORTE;Uirapuru
522160;5209;52;GO;Goiás;MACRORREGIAO CENTRO-NORTE;Uruaçu
522170;5209;52;GO;Goiás;MACRORREGIAO CENTRO-NORTE;Uruana
522180;5210;52;GO;Goiás;MACRORREGIAO CENTRO SUDESTE;Urutaí
522185;5207;52;GO;Goiás;MACRORREGIAO NORDESTE;Valparaíso de Goiás
522190;5210;52;GO;Goiás;MACRORREGIAO CENTRO SUDESTE;Varjão
522200;5210;52;GO;Goiás;MACRORREGIAO CENTRO SUDESTE;Vianópolis
522205;5210;52;GO;Goiás;MACRORREGIAO CENTRO SUDESTE;Vicentinópolis
522220;5207;52;GO;Goiás;MACRORREGIAO NORDESTE;Vila Boa
522230;5209;52;GO;Goiás;MACRORREGIAO CENTRO-NORTE;Vila Propício
530010;5302;53;DF;Distrito Federal;DISTRITO FEDERAL;Brasília
110000;9999;11;RO;Rondônia;Ignorado;Ignorado
120000;9999;12;AC;Acre;Ignorado;Ignorado
130000;9999;13;AM;Amazonas;Ignorado;Ignorado
140000;9999;14;RR;Roraima;Ignorado;Ignorado
150000;9999;15;PA;Pará;Ignorado;Ignorado
160000;9999;16;AP;Amapá;Ignorado;Ignorado
170000;9999;17;TO;Tocantins;Ignorado;Ignorado
210000;9999;21;MA;Maranhão;Ignorado;Ignorado
220000;9999;22;PI;Piauí;Ignorado;Ignorado
230000;9999;23;CE;Ceará;Ignorado;Ignorado
240000;9999;24;RN;Rio Grande do Norte;Ignorado;Ignorado
250000;9999;25;PB;Paraíba;Ignorado;Ignorado
260000;9999;26;PE;Pernambuco;Ignorado;Ignorado
270000;9999;27;AL;Alagoas;Ignorado;Ignorado
280000;9999;28;SE;Sergipe;Ignorado;Ignorado
290000;9999;29;BA;Bahia;Ignorado;Ignorado
310000;9999;31;MG;Minas Gerais;Ignorado;Ignorado
320000;9999;32;ES;Espírito Santo;Ignorado;Ignorado
330000;9999;33;RJ;Rio de Janeiro;Ignorado;Ignorado
350000;9999;35;SP;São Paulo;Ignorado;Ignorado
410000;9999;41;PR;Paraná;Ignorado;Ignorado
420000;9999;42;SC;Santa Catarina;Ignorado;Ignorado
430000;9999;43;RS;Rio Grande do Sul;Ignorado;Ignorado
500000;9999;50;MS;Mato Grosso do Sul;Ignorado;Ignorado
510000;9999;51;MT;Mato Grosso;Ignorado;Ignorado
520000;9999;52;GO;Goiás;Ignorado;Ignorado
530000;9999;53;DF;Distrito Federal;Ignorado;Ignorado
