Mun;Cgr;coduf;sigla;nome_uf;nome_cgrs;nomemunic
110002;110002;11;RO;Rondônia;VALE DO JAMARI;Ariquemes
110013;110013;11;RO;Rondônia;VALE DO JAMARI;Machadinho D'Oeste
110026;110026;11;RO;Rondônia;VALE DO JAMARI;Rio Crespo
110040;110040;11;RO;Rondônia;VALE DO JAMARI;Alto Paraíso
110045;110045;11;RO;Rondônia;VALE DO JAMARI;Buritis
110060;110060;11;RO;Rondônia;VALE DO JAMARI;Cacaulândia
110070;110070;11;RO;Rondônia;VALE DO JAMARI;Campo Novo de Rondônia
110094;110094;11;RO;Rondônia;VALE DO JAMARI;Cujubim
110140;110140;11;RO;Rondônia;VALE DO JAMARI;Monte Negro
110004;110004;11;RO;Rondônia;CAFE;Cacoal
110009;110009;11;RO;Rondônia;CAFE;Espigão D'Oeste
110018;110018;11;RO;Rondônia;CAFE;Pimenta Bueno
110120;110120;11;RO;Rondônia;CAFE;Ministro Andreazza
110147;110147;11;RO;Rondônia;CAFE;Primavera de Rondônia
110148;110148;11;RO;Rondônia;CAFE;São Felipe D'Oeste
110012;110012;11;RO;Rondônia;CENTRAL;Ji-Paraná
110015;110015;11;RO;Rondônia;CENTRAL;Ouro Preto do Oeste
110025;110025;11;RO;Rondônia;CENTRAL;Presidente Médici
110032;110032;11;RO;Rondônia;CENTRAL;São Miguel do Guaporé
110034;110034;11;RO;Rondônia;CENTRAL;Alvorada D'Oeste
110130;110130;11;RO;Rondônia;CENTRAL;Mirante da Serra
110143;110143;11;RO;Rondônia;CENTRAL;Nova União
110155;110155;11;RO;Rondônia;CENTRAL;Teixeirópolis
110170;110170;11;RO;Rondônia;CENTRAL;Urupá
110180;110180;11;RO;Rondônia;CENTRAL;Vale do Paraíso
110011;110011;11;RO;Rondônia;CENTRAL;Jaru
110100;110100;11;RO;Rondônia;CENTRAL;Governador Jorge Teixeira
110160;110160;11;RO;Rondônia;CENTRAL;Theobroma
110175;110175;11;RO;Rondônia;CENTRAL;Vale do Anari
110010;110010;11;RO;Rondônia;MADEIRA-MAMORE;Guajará-Mirim
110020;110020;11;RO;Rondônia;MADEIRA-MAMORE;Porto Velho
110033;110033;11;RO;Rondônia;MADEIRA-MAMORE;Nova Mamoré
110080;110080;11;RO;Rondônia;MADEIRA-MAMORE;Candeias do Jamari
110110;110110;11;RO;Rondônia;MADEIRA-MAMORE;Itapuã do Oeste
110001;110001;11;RO;Rondônia;ZONA DA MATA;Alta Floresta D'Oeste
110014;110014;11;RO;Rondônia;ZONA DA MATA;Nova Brasilândia D'Oeste
110028;110028;11;RO;Rondônia;ZONA DA MATA;Rolim de Moura
110029;110029;11;RO;Rondônia;ZONA DA MATA;Santa Luzia D'Oeste
110037;110037;11;RO;Rondônia;ZONA DA MATA;Alto Alegre dos Parecis
110050;110050;11;RO;Rondônia;ZONA DA MATA;Novo Horizonte do Oeste
110090;110090;11;RO;Rondônia;ZONA DA MATA;Castanheiras
110145;110145;11;RO;Rondônia;ZONA DA MATA;Parecis
110003;110003;11;RO;Rondônia;CONE SUL;Cabixi
110005;110005;11;RO;Rondônia;CONE SUL;Cerejeiras
110006;110006;11;RO;Rondônia;CONE SUL;Colorado do Oeste
110007;110007;11;RO;Rondônia;CONE SUL;Corumbiara
110030;110030;11;RO;Rondônia;CONE SUL;Vilhena
110092;110092;11;RO;Rondônia;CONE SUL;Chupinguaia
110146;110146;11;RO;Rondônia;CONE SUL;Pimenteiras do Oeste
110008;110008;11;RO;Rondônia;VALE DO GUAPORE;Costa Marques
110149;110149;11;RO;Rondônia;VALE DO GUAPORE;São Francisco do Guaporé
110150;110150;11;RO;Rondônia;VALE DO GUAPORE;Seringueiras
120005;120005;12;AC;Acre;ALTO ACRE;Assis Brasil
120010;120010;12;AC;Acre;ALTO ACRE;Brasiléia
120025;120025;12;AC;Acre;ALTO ACRE;Epitaciolândia
120070;120070;12;AC;Acre;ALTO ACRE;Xapuri
120001;120001;12;AC;Acre;BAIXO ACRE E PURUS;Acrelândia
120013;120013;12;AC;Acre;BAIXO ACRE E PURUS;Bujari
120017;120017;12;AC;Acre;BAIXO ACRE E PURUS;Capixaba
120032;120032;12;AC;Acre;BAIXO ACRE E PURUS;Jordão
120034;120034;12;AC;Acre;BAIXO ACRE E PURUS;Manoel Urbano
120038;120038;12;AC;Acre;BAIXO ACRE E PURUS;Plácido de Castro
120040;120040;12;AC;Acre;BAIXO ACRE E PURUS;Rio Branco
120043;120043;12;AC;Acre;BAIXO ACRE E PURUS;Santa Rosa do Purus
120045;120045;12;AC;Acre;BAIXO ACRE E PURUS;Senador Guiomard
120050;120050;12;AC;Acre;BAIXO ACRE E PURUS;Sena Madureira
120080;120080;12;AC;Acre;BAIXO ACRE E PURUS;Porto Acre
120020;120020;12;AC;Acre;JURUA E TARAUACA ENVIRA;Cruzeiro do Sul
120030;120030;12;AC;Acre;JURUA E TARAUACA ENVIRA;Feijó
120033;120033;12;AC;Acre;JURUA E TARAUACA ENVIRA;Mâncio Lima
120035;120035;12;AC;Acre;JURUA E TARAUACA ENVIRA;Marechal Thaumaturgo
120039;120039;12;AC;Acre;JURUA E TARAUACA ENVIRA;Porto Walter
120042;120042;12;AC;Acre;JURUA E TARAUACA ENVIRA;Rodrigues Alves
120060;120060;12;AC;Acre;JURUA E TARAUACA ENVIRA;Tarauacá
130030;130030;13;AM;Amazonas;MANAUS, ENTORNO E ALTO RIO NEGRO;Autazes
130040;130040;13;AM;Amazonas;MANAUS, ENTORNO E ALTO RIO NEGRO;Barcelos
130110;130110;13;AM;Amazonas;MANAUS, ENTORNO E ALTO RIO NEGRO;Careiro
130115;130115;13;AM;Amazonas;MANAUS, ENTORNO E ALTO RIO NEGRO;Careiro da Várzea
130185;130185;13;AM;Amazonas;MANAUS, ENTORNO E ALTO RIO NEGRO;Iranduba
130255;130255;13;AM;Amazonas;MANAUS, ENTORNO E ALTO RIO NEGRO;Manaquiri
130260;130260;13;AM;Amazonas;MANAUS, ENTORNO E ALTO RIO NEGRO;Manaus
130310;130310;13;AM;Amazonas;MANAUS, ENTORNO E ALTO RIO NEGRO;Nova Olinda do Norte
130353;130353;13;AM;Amazonas;MANAUS, ENTORNO E ALTO RIO NEGRO;Presidente Figueiredo
130356;130356;13;AM;Amazonas;MANAUS, ENTORNO E ALTO RIO NEGRO;Rio Preto da Eva
130360;130360;13;AM;Amazonas;MANAUS, ENTORNO E ALTO RIO NEGRO;Santa Isabel do Rio Negro
130380;130380;13;AM;Amazonas;MANAUS, ENTORNO E ALTO RIO NEGRO;São Gabriel da Cachoeira
130008;130008;13;AM;Amazonas;RIO NEGRO E SOLIMOES;Anamã
130010;130010;13;AM;Amazonas;RIO NEGRO E SOLIMOES;Anori
130063;130063;13;AM;Amazonas;RIO NEGRO E SOLIMOES;Beruri
130083;130083;13;AM;Amazonas;RIO NEGRO E SOLIMOES;Caapiranga
130120;130120;13;AM;Amazonas;RIO NEGRO E SOLIMOES;Coari
130130;130130;13;AM;Amazonas;RIO NEGRO E SOLIMOES;Codajás
130250;130250;13;AM;Amazonas;RIO NEGRO E SOLIMOES;Manacapuru
130320;130320;13;AM;Amazonas;RIO NEGRO E SOLIMOES;Novo Airão
130014;130014;13;AM;Amazonas;RIO MADEIRA;Apuí
130080;130080;13;AM;Amazonas;RIO MADEIRA;Borba
130170;130170;13;AM;Amazonas;RIO MADEIRA;Humaitá
130270;130270;13;AM;Amazonas;RIO MADEIRA;Manicoré
130330;130330;13;AM;Amazonas;RIO MADEIRA;Novo Aripuanã
130190;130190;13;AM;Amazonas;MEDIO AMAZONAS;Itacoatiara
130200;130200;13;AM;Amazonas;MEDIO AMAZONAS;Itapiranga
130395;130395;13;AM;Amazonas;MEDIO AMAZONAS;São Sebastião do Uatumã
130400;130400;13;AM;Amazonas;MEDIO AMAZONAS;Silves
130430;130430;13;AM;Amazonas;MEDIO AMAZONAS;Urucará
130440;130440;13;AM;Amazonas;MEDIO AMAZONAS;Urucurituba
130050;130050;13;AM;Amazonas;BAIXO AMAZONAS;Barreirinha
130068;130068;13;AM;Amazonas;BAIXO AMAZONAS;Boa Vista do Ramos
130290;130290;13;AM;Amazonas;BAIXO AMAZONAS;Maués
130300;130300;13;AM;Amazonas;BAIXO AMAZONAS;Nhamundá
130340;130340;13;AM;Amazonas;BAIXO AMAZONAS;Parintins
130070;130070;13;AM;Amazonas;REGIONAL PURUS;Boca do Acre
130090;130090;13;AM;Amazonas;REGIONAL PURUS;Canutama
130240;130240;13;AM;Amazonas;REGIONAL PURUS;Lábrea
130350;130350;13;AM;Amazonas;REGIONAL PURUS;Pauini
130410;130410;13;AM;Amazonas;REGIONAL PURUS;Tapauá
130100;130100;13;AM;Amazonas;REGIONAL JURUA;Carauari
130140;130140;13;AM;Amazonas;REGIONAL JURUA;Eirunepé
130150;130150;13;AM;Amazonas;REGIONAL JURUA;Envira
130165;130165;13;AM;Amazonas;REGIONAL JURUA;Guajará
130180;130180;13;AM;Amazonas;REGIONAL JURUA;Ipixuna
130195;130195;13;AM;Amazonas;REGIONAL JURUA;Itamarati
130002;130002;13;AM;Amazonas;TRIANGULO;Alvarães
130210;130210;13;AM;Amazonas;TRIANGULO;Japurá
130220;130220;13;AM;Amazonas;TRIANGULO;Juruá
130280;130280;13;AM;Amazonas;TRIANGULO;Maraã
130420;130420;13;AM;Amazonas;TRIANGULO;Tefé
130426;130426;13;AM;Amazonas;TRIANGULO;Uarini
130006;130006;13;AM;Amazonas;ALTO SOLIMOES;Amaturá
130020;130020;13;AM;Amazonas;ALTO SOLIMOES;Atalaia do Norte
130060;130060;13;AM;Amazonas;ALTO SOLIMOES;Benjamin Constant
130160;130160;13;AM;Amazonas;ALTO SOLIMOES;Fonte Boa
130230;130230;13;AM;Amazonas;ALTO SOLIMOES;Jutaí
130370;130370;13;AM;Amazonas;ALTO SOLIMOES;Santo Antônio do Içá
130390;130390;13;AM;Amazonas;ALTO SOLIMOES;São Paulo de Olivença
130406;130406;13;AM;Amazonas;ALTO SOLIMOES;Tabatinga
130423;130423;13;AM;Amazonas;ALTO SOLIMOES;Tonantins
140002;140002;14;RR;Roraima;CENTRO NORTE;Amajari
140005;140005;14;RR;Roraima;CENTRO NORTE;Alto Alegre
140010;140010;14;RR;Roraima;CENTRO NORTE;Boa Vista
140015;140015;14;RR;Roraima;CENTRO NORTE;Bonfim
140017;140017;14;RR;Roraima;CENTRO NORTE;Cantá
140030;140030;14;RR;Roraima;CENTRO NORTE;Mucajaí
140040;140040;14;RR;Roraima;CENTRO NORTE;Normandia
140045;140045;14;RR;Roraima;CENTRO NORTE;Pacaraima
140070;140070;14;RR;Roraima;CENTRO NORTE;Uiramutã
140020;140020;14;RR;Roraima;SUL;Caracaraí
140023;140023;14;RR;Roraima;SUL;Caroebe
140028;140028;14;RR;Roraima;SUL;Iracema
140047;140047;14;RR;Roraima;SUL;Rorainópolis
140050;140050;14;RR;Roraima;SUL;São João da Baliza
140060;140060;14;RR;Roraima;SUL;São Luiz
150034;150034;15;PA;Pará;ARAGUAIA;Água Azul do Norte
150125;150125;15;PA;Pará;ARAGUAIA;Bannach
150270;150270;15;PA;Pará;ARAGUAIA;Conceição do Araguaia
150276;150276;15;PA;Pará;ARAGUAIA;Cumaru do Norte
150304;150304;15;PA;Pará;ARAGUAIA;Floresta do Araguaia
150543;150543;15;PA;Pará;ARAGUAIA;Ourilândia do Norte
150555;150555;15;PA;Pará;ARAGUAIA;Pau D'Arco
150613;150613;15;PA;Pará;ARAGUAIA;Redenção
150616;150616;15;PA;Pará;ARAGUAIA;Rio Maria
150658;150658;15;PA;Pará;ARAGUAIA;Santa Maria das Barreiras
150670;150670;15;PA;Pará;ARAGUAIA;Santana do Araguaia
150730;150730;15;PA;Pará;ARAGUAIA;São Félix do Xingu
150775;150775;15;PA;Pará;ARAGUAIA;Sapucaia
150808;150808;15;PA;Pará;ARAGUAIA;Tucumã
150840;150840;15;PA;Pará;ARAGUAIA;Xinguara
150040;150040;15;PA;Pará;BAIXO AMAZONAS;Alenquer
150050;150050;15;PA;Pará;BAIXO AMAZONAS;Almeirim
150145;150145;15;PA;Pará;BAIXO AMAZONAS;Belterra
150285;150285;15;PA;Pará;BAIXO AMAZONAS;Curuá
150300;150300;15;PA;Pará;BAIXO AMAZONAS;Faro
150390;150390;15;PA;Pará;BAIXO AMAZONAS;Juruti
150475;150475;15;PA;Pará;BAIXO AMAZONAS;Mojuí dos Campos
150480;150480;15;PA;Pará;BAIXO AMAZONAS;Monte Alegre
150510;150510;15;PA;Pará;BAIXO AMAZONAS;Óbidos
150530;150530;15;PA;Pará;BAIXO AMAZONAS;Oriximiná
150565;150565;15;PA;Pará;BAIXO AMAZONAS;Placas
150600;150600;15;PA;Pará;BAIXO AMAZONAS;Prainha
150680;150680;15;PA;Pará;BAIXO AMAZONAS;Santarém
150797;150797;15;PA;Pará;BAIXO AMAZONAS;Terra Santa
150013;150013;15;PA;Pará;CARAJAS;Abel Figueiredo
150157;150157;15;PA;Pará;CARAJAS;Bom Jesus do Tocantins
150175;150175;15;PA;Pará;CARAJAS;Brejo Grande do Araguaia
150215;150215;15;PA;Pará;CARAJAS;Canaã dos Carajás
150277;150277;15;PA;Pará;CARAJAS;Curionópolis
150293;150293;15;PA;Pará;CARAJAS;Dom Eliseu
150295;150295;15;PA;Pará;CARAJAS;Eldorado do Carajás
150370;150370;15;PA;Pará;CARAJAS;Itupiranga
150420;150420;15;PA;Pará;CARAJAS;Marabá
150497;150497;15;PA;Pará;CARAJAS;Nova Ipixuna
150549;150549;15;PA;Pará;CARAJAS;Palestina do Pará
150553;150553;15;PA;Pará;CARAJAS;Parauapebas
150563;150563;15;PA;Pará;CARAJAS;Piçarra
150618;150618;15;PA;Pará;CARAJAS;Rondon do Pará
150715;150715;15;PA;Pará;CARAJAS;São Domingos do Araguaia
150745;150745;15;PA;Pará;CARAJAS;São Geraldo do Araguaia
150750;150750;15;PA;Pará;CARAJAS;São João do Araguaia
150178;150178;15;PA;Pará;LAGO DE TUCURUI;Breu Branco
150309;150309;15;PA;Pará;LAGO DE TUCURUI;Goianésia do Pará
150380;150380;15;PA;Pará;LAGO DE TUCURUI;Jacundá
150506;150506;15;PA;Pará;LAGO DE TUCURUI;Novo Repartimento
150810;150810;15;PA;Pará;LAGO DE TUCURUI;Tucuruí
150080;150080;15;PA;Pará;METROPOLITANA I;Ananindeua
150140;150140;15;PA;Pará;METROPOLITANA I;Belém
150150;150150;15;PA;Pará;METROPOLITANA I;Benevides
150442;150442;15;PA;Pará;METROPOLITANA I;Marituba
150635;150635;15;PA;Pará;METROPOLITANA I;Santa Bárbara do Pará
150020;150020;15;PA;Pará;METROPOLITANA II;Acará
150190;150190;15;PA;Pará;METROPOLITANA II;Bujaru
150260;150260;15;PA;Pará;METROPOLITANA II;Colares
150275;150275;15;PA;Pará;METROPOLITANA II;Concórdia do Pará
150650;150650;15;PA;Pará;METROPOLITANA II;Santa Izabel do Pará
150700;150700;15;PA;Pará;METROPOLITANA II;Santo Antônio do Tauá
150710;150710;15;PA;Pará;METROPOLITANA II;São Caetano de Odivelas
150800;150800;15;PA;Pará;METROPOLITANA II;Tomé-Açu
150820;150820;15;PA;Pará;METROPOLITANA II;Vigia
150095;150095;15;PA;Pará;METROPOLITANA III;Aurora do Pará
150230;150230;15;PA;Pará;METROPOLITANA III;Capitão Poço
150240;150240;15;PA;Pará;METROPOLITANA III;Castanhal
150290;150290;15;PA;Pará;METROPOLITANA III;Curuçá
150307;150307;15;PA;Pará;METROPOLITANA III;Garrafão do Norte
150320;150320;15;PA;Pará;METROPOLITANA III;Igarapé-Açu
150340;150340;15;PA;Pará;METROPOLITANA III;Inhangapi
150345;150345;15;PA;Pará;METROPOLITANA III;Ipixuna do Pará
150350;150350;15;PA;Pará;METROPOLITANA III;Irituia
150405;150405;15;PA;Pará;METROPOLITANA III;Mãe do Rio
150410;150410;15;PA;Pará;METROPOLITANA III;Magalhães Barata
150430;150430;15;PA;Pará;METROPOLITANA III;Maracanã
150440;150440;15;PA;Pará;METROPOLITANA III;Marapanim
150495;150495;15;PA;Pará;METROPOLITANA III;Nova Esperança do Piriá
150550;150550;15;PA;Pará;METROPOLITANA III;Paragominas
150660;150660;15;PA;Pará;METROPOLITANA III;Santa Maria do Pará
150720;150720;15;PA;Pará;METROPOLITANA III;São Domingos do Capim
150740;150740;15;PA;Pará;METROPOLITANA III;São Francisco do Pará
150746;150746;15;PA;Pará;METROPOLITANA III;São João da Ponta
150760;150760;15;PA;Pará;METROPOLITANA III;São Miguel do Guamá
150796;150796;15;PA;Pará;METROPOLITANA III;Terra Alta
150812;150812;15;PA;Pará;METROPOLITANA III;Ulianópolis
150090;150090;15;PA;Pará;RIO CAETES;Augusto Corrêa
150160;150160;15;PA;Pará;RIO CAETES;Bonito
150170;150170;15;PA;Pará;RIO CAETES;Bragança
150195;150195;15;PA;Pará;RIO CAETES;Cachoeira do Piriá
150220;150220;15;PA;Pará;RIO CAETES;Capanema
150500;150500;15;PA;Pará;RIO CAETES;Nova Timboteua
150540;150540;15;PA;Pará;RIO CAETES;Ourém
150560;150560;15;PA;Pará;RIO CAETES;Peixe-Boi
150610;150610;15;PA;Pará;RIO CAETES;Primavera
150611;150611;15;PA;Pará;RIO CAETES;Quatipuru
150620;150620;15;PA;Pará;RIO CAETES;Salinópolis
150655;150655;15;PA;Pará;RIO CAETES;Santa Luzia do Pará
150690;150690;15;PA;Pará;RIO CAETES;Santarém Novo
150747;150747;15;PA;Pará;RIO CAETES;São João de Pirabas
150803;150803;15;PA;Pará;RIO CAETES;Tracuateua
150830;150830;15;PA;Pará;RIO CAETES;Viseu
150100;150100;15;PA;Pará;TAPAJOS;Aveiro
150360;150360;15;PA;Pará;TAPAJOS;Itaituba
150375;150375;15;PA;Pará;TAPAJOS;Jacareacanga
150503;150503;15;PA;Pará;TAPAJOS;Novo Progresso
150619;150619;15;PA;Pará;TAPAJOS;Rurópolis
150805;150805;15;PA;Pará;TAPAJOS;Trairão
150010;150010;15;PA;Pará;TOCANTINS;Abaetetuba
150120;150120;15;PA;Pará;TOCANTINS;Baião
150130;150130;15;PA;Pará;TOCANTINS;Barcarena
150210;150210;15;PA;Pará;TOCANTINS;Cametá
150330;150330;15;PA;Pará;TOCANTINS;Igarapé-Miri
150400;150400;15;PA;Pará;TOCANTINS;Limoeiro do Ajuru
150460;150460;15;PA;Pará;TOCANTINS;Mocajuba
150470;150470;15;PA;Pará;TOCANTINS;Moju
150520;150520;15;PA;Pará;TOCANTINS;Oeiras do Pará
150795;150795;15;PA;Pará;TOCANTINS;Tailândia
150060;150060;15;PA;Pará;XINGU;Altamira
150085;150085;15;PA;Pará;XINGU;Anapu
150172;150172;15;PA;Pará;XINGU;Brasil Novo
150445;150445;15;PA;Pará;XINGU;Medicilândia
150548;150548;15;PA;Pará;XINGU;Pacajá
150590;150590;15;PA;Pará;XINGU;Porto de Moz
150780;150780;15;PA;Pará;XINGU;Senador José Porfírio
150815;150815;15;PA;Pará;XINGU;Uruará
150835;150835;15;PA;Pará;XINGU;Vitória do Xingu
150030;150030;15;PA;Pará;MARAJO I;Afuá
150200;150200;15;PA;Pará;MARAJO I;Cachoeira do Arari
150250;150250;15;PA;Pará;MARAJO I;Chaves
150490;150490;15;PA;Pará;MARAJO I;Muaná
150570;150570;15;PA;Pará;MARAJO I;Ponta de Pedras
150630;150630;15;PA;Pará;MARAJO I;Salvaterra
150640;150640;15;PA;Pará;MARAJO I;Santa Cruz do Arari
150770;150770;15;PA;Pará;MARAJO I;São Sebastião da Boa Vista
150790;150790;15;PA;Pará;MARAJO I;Soure
150070;150070;15;PA;Pará;MARAJO II;Anajás
150110;150110;15;PA;Pará;MARAJO II;Bagre
150180;150180;15;PA;Pará;MARAJO II;Breves
150280;150280;15;PA;Pará;MARAJO II;Curralinho
150310;150310;15;PA;Pará;MARAJO II;Gurupá
150450;150450;15;PA;Pará;MARAJO II;Melgaço
150580;150580;15;PA;Pará;MARAJO II;Portel
160005;160005;16;AP;Amapá;AREA CENTRAL;Serra do Navio
160015;160015;16;AP;Amapá;AREA CENTRAL;Pedra Branca do Amapari
160021;160021;16;AP;Amapá;AREA CENTRAL;Cutias
160023;160023;16;AP;Amapá;AREA CENTRAL;Ferreira Gomes
160025;160025;16;AP;Amapá;AREA CENTRAL;Itaubal
160030;160030;16;AP;Amapá;AREA CENTRAL;Macapá
160053;160053;16;AP;Amapá;AREA CENTRAL;Porto Grande
160010;160010;16;AP;Amapá;AREA NORTE;Amapá
160020;160020;16;AP;Amapá;AREA NORTE;Calçoene
160050;160050;16;AP;Amapá;AREA NORTE;Oiapoque
160055;160055;16;AP;Amapá;AREA NORTE;Pracuúba
160070;160070;16;AP;Amapá;AREA NORTE;Tartarugalzinho
160027;160027;16;AP;Amapá;AREA SUDOESTE;Laranjal do Jari
160040;160040;16;AP;Amapá;AREA SUDOESTE;Mazagão
160060;160060;16;AP;Amapá;AREA SUDOESTE;Santana
160080;160080;16;AP;Amapá;AREA SUDOESTE;Vitória do Jari
170130;170130;17;TO;Tocantins;MEDIO NORTE ARAGUAIA;Aragominas
170210;170210;17;TO;Tocantins;MEDIO NORTE ARAGUAIA;Araguaína
170215;170215;17;TO;Tocantins;MEDIO NORTE ARAGUAIA;Araguanã
170300;170300;17;TO;Tocantins;MEDIO NORTE ARAGUAIA;Babaçulândia
170307;170307;17;TO;Tocantins;MEDIO NORTE ARAGUAIA;Barra do Ouro
170384;170384;17;TO;Tocantins;MEDIO NORTE ARAGUAIA;Campos Lindos
170388;170388;17;TO;Tocantins;MEDIO NORTE ARAGUAIA;Carmolândia
170650;170650;17;TO;Tocantins;MEDIO NORTE ARAGUAIA;Darcinópolis
170770;170770;17;TO;Tocantins;MEDIO NORTE ARAGUAIA;Filadélfia
170900;170900;17;TO;Tocantins;MEDIO NORTE ARAGUAIA;Goiatins
171395;171395;17;TO;Tocantins;MEDIO NORTE ARAGUAIA;Muricilândia
171488;171488;17;TO;Tocantins;MEDIO NORTE ARAGUAIA;Nova Olinda
171630;171630;17;TO;Tocantins;MEDIO NORTE ARAGUAIA;Pau D'Arco
171720;171720;17;TO;Tocantins;MEDIO NORTE ARAGUAIA;Piraquê
171886;171886;17;TO;Tocantins;MEDIO NORTE ARAGUAIA;Santa Fé do Araguaia
172208;172208;17;TO;Tocantins;MEDIO NORTE ARAGUAIA;Wanderlândia
172210;172210;17;TO;Tocantins;MEDIO NORTE ARAGUAIA;Xambioá
170030;170030;17;TO;Tocantins;BICO DO PAPAGAIO;Aguiarnópolis
170100;170100;17;TO;Tocantins;BICO DO PAPAGAIO;Ananás
170105;170105;17;TO;Tocantins;BICO DO PAPAGAIO;Angico
170220;170220;17;TO;Tocantins;BICO DO PAPAGAIO;Araguatins
170255;170255;17;TO;Tocantins;BICO DO PAPAGAIO;Augustinópolis
170290;170290;17;TO;Tocantins;BICO DO PAPAGAIO;Axixá do Tocantins
170380;170380;17;TO;Tocantins;BICO DO PAPAGAIO;Buriti do Tocantins
170382;170382;17;TO;Tocantins;BICO DO PAPAGAIO;Cachoeirinha
170389;170389;17;TO;Tocantins;BICO DO PAPAGAIO;Carrasco Bonito
170740;170740;17;TO;Tocantins;BICO DO PAPAGAIO;Esperantina
171070;171070;17;TO;Tocantins;BICO DO PAPAGAIO;Itaguatins
171245;171245;17;TO;Tocantins;BICO DO PAPAGAIO;Luzinópolis
171280;171280;17;TO;Tocantins;BICO DO PAPAGAIO;Maurilândia do Tocantins
171380;171380;17;TO;Tocantins;BICO DO PAPAGAIO;Palmeiras do Tocantins
171430;171430;17;TO;Tocantins;BICO DO PAPAGAIO;Nazaré
171830;171830;17;TO;Tocantins;BICO DO PAPAGAIO;Praia Norte
171855;171855;17;TO;Tocantins;BICO DO PAPAGAIO;Riachinho
171880;171880;17;TO;Tocantins;BICO DO PAPAGAIO;Sampaio
172000;172000;17;TO;Tocantins;BICO DO PAPAGAIO;Santa Terezinha do Tocantins
172010;172010;17;TO;Tocantins;BICO DO PAPAGAIO;São Bento do Tocantins
172020;172020;17;TO;Tocantins;BICO DO PAPAGAIO;São Miguel do Tocantins
172030;172030;17;TO;Tocantins;BICO DO PAPAGAIO;São Sebastião do Tocantins
172080;172080;17;TO;Tocantins;BICO DO PAPAGAIO;Sítio Novo do Tocantins
172120;172120;17;TO;Tocantins;BICO DO PAPAGAIO;Tocantinópolis
170040;170040;17;TO;Tocantins;SUDESTE;Almas
170240;170240;17;TO;Tocantins;SUDESTE;Arraias
170270;170270;17;TO;Tocantins;SUDESTE;Aurora do Tocantins
170555;170555;17;TO;Tocantins;SUDESTE;Combinado
170560;170560;17;TO;Tocantins;SUDESTE;Conceição do Tocantins
170700;170700;17;TO;Tocantins;SUDESTE;Dianópolis
171215;171215;17;TO;Tocantins;SUDESTE;Lavandeira
171515;171515;17;TO;Tocantins;SUDESTE;Novo Alegre
171525;171525;17;TO;Tocantins;SUDESTE;Novo Jardim
171620;171620;17;TO;Tocantins;SUDESTE;Paranã
171780;171780;17;TO;Tocantins;SUDESTE;Ponte Alta do Bom Jesus
171800;171800;17;TO;Tocantins;SUDESTE;Porto Alegre do Tocantins
171865;171865;17;TO;Tocantins;SUDESTE;Rio da Conceição
172090;172090;17;TO;Tocantins;SUDESTE;Taguatinga
172093;172093;17;TO;Tocantins;SUDESTE;Taipas do Tocantins
170230;170230;17;TO;Tocantins;CERRADO TOCANTINS ARAGUAIA;Arapoema
170305;170305;17;TO;Tocantins;CERRADO TOCANTINS ARAGUAIA;Bandeirantes do Tocantins
170320;170320;17;TO;Tocantins;CERRADO TOCANTINS ARAGUAIA;Bernardo Sayão
170330;170330;17;TO;Tocantins;CERRADO TOCANTINS ARAGUAIA;Bom Jesus do Tocantins
170360;170360;17;TO;Tocantins;CERRADO TOCANTINS ARAGUAIA;Brasilândia do Tocantins
170410;170410;17;TO;Tocantins;CERRADO TOCANTINS ARAGUAIA;Centenário
170550;170550;17;TO;Tocantins;CERRADO TOCANTINS ARAGUAIA;Colinas do Tocantins
170600;170600;17;TO;Tocantins;CERRADO TOCANTINS ARAGUAIA;Couto Magalhães
170830;170830;17;TO;Tocantins;CERRADO TOCANTINS ARAGUAIA;Goianorte
170930;170930;17;TO;Tocantins;CERRADO TOCANTINS ARAGUAIA;Guaraí
171050;171050;17;TO;Tocantins;CERRADO TOCANTINS ARAGUAIA;Itacajá
171090;171090;17;TO;Tocantins;CERRADO TOCANTINS ARAGUAIA;Itapiratins
171110;171110;17;TO;Tocantins;CERRADO TOCANTINS ARAGUAIA;Itaporã do Tocantins
171180;171180;17;TO;Tocantins;CERRADO TOCANTINS ARAGUAIA;Juarina
171570;171570;17;TO;Tocantins;CERRADO TOCANTINS ARAGUAIA;Palmeirante
171650;171650;17;TO;Tocantins;CERRADO TOCANTINS ARAGUAIA;Pedro Afonso
171665;171665;17;TO;Tocantins;CERRADO TOCANTINS ARAGUAIA;Pequizeiro
171670;171670;17;TO;Tocantins;CERRADO TOCANTINS ARAGUAIA;Colméia
171840;171840;17;TO;Tocantins;CERRADO TOCANTINS ARAGUAIA;Presidente Kennedy
171850;171850;17;TO;Tocantins;CERRADO TOCANTINS ARAGUAIA;Recursolândia
171888;171888;17;TO;Tocantins;CERRADO TOCANTINS ARAGUAIA;Santa Maria do Tocantins
172125;172125;17;TO;Tocantins;CERRADO TOCANTINS ARAGUAIA;Tupirama
172130;172130;17;TO;Tocantins;CERRADO TOCANTINS ARAGUAIA;Tupiratins
170035;170035;17;TO;Tocantins;ILHA DO BANANAL;Aliança do Tocantins
170070;170070;17;TO;Tocantins;ILHA DO BANANAL;Alvorada
170200;170200;17;TO;Tocantins;ILHA DO BANANAL;Araguaçu
170386;170386;17;TO;Tocantins;ILHA DO BANANAL;Cariri do Tocantins
170625;170625;17;TO;Tocantins;ILHA DO BANANAL;Crixás do Tocantins
170730;170730;17;TO;Tocantins;ILHA DO BANANAL;Dueré
170765;170765;17;TO;Tocantins;ILHA DO BANANAL;Figueirópolis
170820;170820;17;TO;Tocantins;ILHA DO BANANAL;Formoso do Araguaia
170950;170950;17;TO;Tocantins;ILHA DO BANANAL;Gurupi
171150;171150;17;TO;Tocantins;ILHA DO BANANAL;Jaú do Tocantins
171575;171575;17;TO;Tocantins;ILHA DO BANANAL;Palmeirópolis
171660;171660;17;TO;Tocantins;ILHA DO BANANAL;Peixe
171884;171884;17;TO;Tocantins;ILHA DO BANANAL;Sandolândia
171889;171889;17;TO;Tocantins;ILHA DO BANANAL;Santa Rita do Tocantins
172025;172025;17;TO;Tocantins;ILHA DO BANANAL;São Salvador do Tocantins
172049;172049;17;TO;Tocantins;ILHA DO BANANAL;São Valério
172085;172085;17;TO;Tocantins;ILHA DO BANANAL;Sucupira
172097;172097;17;TO;Tocantins;ILHA DO BANANAL;Talismã
170110;170110;17;TO;Tocantins;CAPIM DOURADO;Aparecida do Rio Negro
170825;170825;17;TO;Tocantins;CAPIM DOURADO;Tabocão
171195;171195;17;TO;Tocantins;CAPIM DOURADO;Lagoa do Tocantins
171200;171200;17;TO;Tocantins;CAPIM DOURADO;Lajeado
171240;171240;17;TO;Tocantins;CAPIM DOURADO;Lizarda
171320;171320;17;TO;Tocantins;CAPIM DOURADO;Miracema do Tocantins
171330;171330;17;TO;Tocantins;CAPIM DOURADO;Miranorte
171510;171510;17;TO;Tocantins;CAPIM DOURADO;Novo Acordo
171870;171870;17;TO;Tocantins;CAPIM DOURADO;Rio dos Bois
171875;171875;17;TO;Tocantins;CAPIM DOURADO;Rio Sono
171900;171900;17;TO;Tocantins;CAPIM DOURADO;Santa Tereza do Tocantins
172015;172015;17;TO;Tocantins;CAPIM DOURADO;São Félix do Tocantins
172100;172100;17;TO;Tocantins;CAPIM DOURADO;Palmas
172110;172110;17;TO;Tocantins;CAPIM DOURADO;Tocantínia
170025;170025;17;TO;Tocantins;CANTAO;Abreulândia
170190;170190;17;TO;Tocantins;CANTAO;Araguacema
170310;170310;17;TO;Tocantins;CANTAO;Barrolândia
170390;170390;17;TO;Tocantins;CANTAO;Caseara
170460;170460;17;TO;Tocantins;CANTAO;Chapada de Areia
170610;170610;17;TO;Tocantins;CANTAO;Cristalândia
170710;170710;17;TO;Tocantins;CANTAO;Divinópolis do Tocantins
170720;170720;17;TO;Tocantins;CANTAO;Dois Irmãos do Tocantins
171190;171190;17;TO;Tocantins;CANTAO;Lagoa da Confusão
171250;171250;17;TO;Tocantins;CANTAO;Marianópolis do Tocantins
171370;171370;17;TO;Tocantins;CANTAO;Monte Santo do Tocantins
171500;171500;17;TO;Tocantins;CANTAO;Nova Rosalândia
171610;171610;17;TO;Tocantins;CANTAO;Paraíso do Tocantins
171750;171750;17;TO;Tocantins;CANTAO;Pium
171845;171845;17;TO;Tocantins;CANTAO;Pugmil
170370;170370;17;TO;Tocantins;AMOR PERFEITO;Brejinho de Nazaré
170510;170510;17;TO;Tocantins;AMOR PERFEITO;Chapada da Natividade
170755;170755;17;TO;Tocantins;AMOR PERFEITO;Fátima
170980;170980;17;TO;Tocantins;AMOR PERFEITO;Ipueiras
171270;171270;17;TO;Tocantins;AMOR PERFEITO;Mateiros
171360;171360;17;TO;Tocantins;AMOR PERFEITO;Monte do Carmo
171420;171420;17;TO;Tocantins;AMOR PERFEITO;Natividade
171550;171550;17;TO;Tocantins;AMOR PERFEITO;Oliveira de Fátima
171700;171700;17;TO;Tocantins;AMOR PERFEITO;Pindorama do Tocantins
171790;171790;17;TO;Tocantins;AMOR PERFEITO;Ponte Alta do Tocantins
171820;171820;17;TO;Tocantins;AMOR PERFEITO;Porto Nacional
171890;171890;17;TO;Tocantins;AMOR PERFEITO;Santa Rosa do Tocantins
172065;172065;17;TO;Tocantins;AMOR PERFEITO;Silvanópolis
210005;210005;21;MA;Maranhão;ACAILANDIA;Açailândia
210203;210203;21;MA;Maranhão;ACAILANDIA;Bom Jesus das Selvas
210232;210232;21;MA;Maranhão;ACAILANDIA;Buriticupu
210325;210325;21;MA;Maranhão;ACAILANDIA;Cidelândia
210542;210542;21;MA;Maranhão;ACAILANDIA;Itinga do Maranhão
211085;211085;21;MA;Maranhão;ACAILANDIA;São Francisco do Brejão
211153;211153;21;MA;Maranhão;ACAILANDIA;São Pedro da Água Branca
211285;211285;21;MA;Maranhão;ACAILANDIA;Vila Nova dos Martírios
210040;210040;21;MA;Maranhão;BACABAL;Altamira do Maranhão
210120;210120;21;MA;Maranhão;BACABAL;Bacabal
210207;210207;21;MA;Maranhão;BACABAL;Bom Lugar
210215;210215;21;MA;Maranhão;BACABAL;Brejo de Areia
210355;210355;21;MA;Maranhão;BACABAL;Conceição do Lago-Açu
210590;210590;21;MA;Maranhão;BACABAL;Lago Verde
210635;210635;21;MA;Maranhão;BACABAL;Marajá do Sena
210740;210740;21;MA;Maranhão;BACABAL;Olho d'Água das Cunhãs
210810;210810;21;MA;Maranhão;BACABAL;Paulo Ramos
211140;211140;21;MA;Maranhão;BACABAL;São Luís Gonzaga do Maranhão
211300;211300;21;MA;Maranhão;BACABAL;Vitorino Freire
210050;210050;21;MA;Maranhão;BALSAS;Alto Parnaíba
210140;210140;21;MA;Maranhão;BALSAS;Balsas
210407;210407;21;MA;Maranhão;BALSAS;Feira Nova do Maranhão
210409;210409;21;MA;Maranhão;BALSAS;Formosa da Serra Negra
210410;210410;21;MA;Maranhão;BALSAS;Fortaleza dos Nogueiras
210610;210610;21;MA;Maranhão;BALSAS;Loreto
210725;210725;21;MA;Maranhão;BALSAS;Nova Colinas
210950;210950;21;MA;Maranhão;BALSAS;Riachão
210970;210970;21;MA;Maranhão;BALSAS;Sambaíba
211080;211080;21;MA;Maranhão;BALSAS;São Félix de Balsas
211157;211157;21;MA;Maranhão;BALSAS;São Pedro dos Crentes
211160;211160;21;MA;Maranhão;BALSAS;São Raimundo das Mangabeiras
211200;211200;21;MA;Maranhão;BALSAS;Tasso Fragoso
210095;210095;21;MA;Maranhão;BARRA DO CORDA;Arame
210160;210160;21;MA;Maranhão;BARRA DO CORDA;Barra do Corda
210408;210408;21;MA;Maranhão;BARRA DO CORDA;Fernando Falcão
210480;210480;21;MA;Maranhão;BARRA DO CORDA;Grajaú
210535;210535;21;MA;Maranhão;BARRA DO CORDA;Itaipava do Grajaú
210547;210547;21;MA;Maranhão;BARRA DO CORDA;Jenipapo dos Vieiras
210010;210010;21;MA;Maranhão;CAXIAS;Afonso Cunha
210030;210030;21;MA;Maranhão;CAXIAS;Aldeias Altas
210220;210220;21;MA;Maranhão;CAXIAS;Buriti
210300;210300;21;MA;Maranhão;CAXIAS;Caxias
210340;210340;21;MA;Maranhão;CAXIAS;Coelho Neto
210390;210390;21;MA;Maranhão;CAXIAS;Duque Bacelar
211107;211107;21;MA;Maranhão;CAXIAS;São João do Soter
210015;210015;21;MA;Maranhão;CHAPADINHA;Água Doce do Maranhão
210080;210080;21;MA;Maranhão;CHAPADINHA;Anapurus
210090;210090;21;MA;Maranhão;CHAPADINHA;Araioses
210210;210210;21;MA;Maranhão;CHAPADINHA;Brejo
210320;210320;21;MA;Maranhão;CHAPADINHA;Chapadinha
210630;210630;21;MA;Maranhão;CHAPADINHA;Magalhães de Almeida
210640;210640;21;MA;Maranhão;CHAPADINHA;Mata Roma
210667;210667;21;MA;Maranhão;CHAPADINHA;Milagres do Maranhão
210805;210805;21;MA;Maranhão;CHAPADINHA;Paulino Neves
211010;211010;21;MA;Maranhão;CHAPADINHA;Santa Quitéria do Maranhão
211023;211023;21;MA;Maranhão;CHAPADINHA;Santana do Maranhão
211060;211060;21;MA;Maranhão;CHAPADINHA;São Bernardo
211250;211250;21;MA;Maranhão;CHAPADINHA;Tutóia
210043;210043;21;MA;Maranhão;CODO;Alto Alegre do Maranhão
210330;210330;21;MA;Maranhão;CODO;Codó
210360;210360;21;MA;Maranhão;CODO;Coroatá
210845;210845;21;MA;Maranhão;CODO;Peritoró
211150;211150;21;MA;Maranhão;CODO;São Mateus do Maranhão
211210;211210;21;MA;Maranhão;CODO;Timbiras
210060;210060;21;MA;Maranhão;IMPERATRIZ;Amarante do Maranhão
210235;210235;21;MA;Maranhão;IMPERATRIZ;Buritirana
210255;210255;21;MA;Maranhão;IMPERATRIZ;Campestre do Maranhão
210280;210280;21;MA;Maranhão;IMPERATRIZ;Carolina
210375;210375;21;MA;Maranhão;IMPERATRIZ;Davinópolis
210405;210405;21;MA;Maranhão;IMPERATRIZ;Estreito
210455;210455;21;MA;Maranhão;IMPERATRIZ;Governador Edison Lobão
210530;210530;21;MA;Maranhão;IMPERATRIZ;Imperatriz
210550;210550;21;MA;Maranhão;IMPERATRIZ;João Lisboa
210598;210598;21;MA;Maranhão;IMPERATRIZ;Lajeado Novo
210700;210700;21;MA;Maranhão;IMPERATRIZ;Montes Altos
210900;210900;21;MA;Maranhão;IMPERATRIZ;Porto Franco
210955;210955;21;MA;Maranhão;IMPERATRIZ;Ribamar Fiquene
211105;211105;21;MA;Maranhão;IMPERATRIZ;São João do Paraíso
211176;211176;21;MA;Maranhão;IMPERATRIZ;Senador La Rocque
211180;211180;21;MA;Maranhão;IMPERATRIZ;Sítio Novo
210070;210070;21;MA;Maranhão;ITAPECURU MIRIM;Anajatuba
210100;210100;21;MA;Maranhão;ITAPECURU MIRIM;Arari
210173;210173;21;MA;Maranhão;ITAPECURU MIRIM;Belágua
210270;210270;21;MA;Maranhão;ITAPECURU MIRIM;Cantanhede
210540;210540;21;MA;Maranhão;ITAPECURU MIRIM;Itapecuru Mirim
210663;210663;21;MA;Maranhão;ITAPECURU MIRIM;Matões do Norte
210675;210675;21;MA;Maranhão;ITAPECURU MIRIM;Miranda do Norte
210720;210720;21;MA;Maranhão;ITAPECURU MIRIM;Nina Rodrigues
210880;210880;21;MA;Maranhão;ITAPECURU MIRIM;Pirapemas
210930;210930;21;MA;Maranhão;ITAPECURU MIRIM;Presidente Vargas
211040;211040;21;MA;Maranhão;ITAPECURU MIRIM;São Benedito do Rio Preto
211260;211260;21;MA;Maranhão;ITAPECURU MIRIM;Urbano Santos
211270;211270;21;MA;Maranhão;ITAPECURU MIRIM;Vargem Grande
211290;211290;21;MA;Maranhão;ITAPECURU MIRIM;Vitória do Mearim
210193;210193;21;MA;Maranhão;PEDREIRAS;Bernardo do Mearim
210400;210400;21;MA;Maranhão;PEDREIRAS;Esperantinópolis
210520;210520;21;MA;Maranhão;PEDREIRAS;Igarapé Grande
210570;210570;21;MA;Maranhão;PEDREIRAS;Lago da Pedra
210580;210580;21;MA;Maranhão;PEDREIRAS;Lago do Junco
210594;210594;21;MA;Maranhão;PEDREIRAS;Lago dos Rodrigues
210596;210596;21;MA;Maranhão;PEDREIRAS;Lagoa Grande do Maranhão
210600;210600;21;MA;Maranhão;PEDREIRAS;Lima Campos
210820;210820;21;MA;Maranhão;PEDREIRAS;Pedreiras
210890;210890;21;MA;Maranhão;PEDREIRAS;Poção de Pedras
211163;211163;21;MA;Maranhão;PEDREIRAS;São Raimundo do Doca Bezerra
211167;211167;21;MA;Maranhão;PEDREIRAS;São Roberto
211223;211223;21;MA;Maranhão;PEDREIRAS;Trizidela do Vale
210083;210083;21;MA;Maranhão;PINHEIRO;Apicum-Açu
210130;210130;21;MA;Maranhão;PINHEIRO;Bacuri
210190;210190;21;MA;Maranhão;PINHEIRO;Bequimão
210310;210310;21;MA;Maranhão;PINHEIRO;Cedral
210312;210312;21;MA;Maranhão;PINHEIRO;Central do Maranhão
210370;210370;21;MA;Maranhão;PINHEIRO;Cururupu
210490;210490;21;MA;Maranhão;PINHEIRO;Guimarães
210680;210680;21;MA;Maranhão;PINHEIRO;Mirinzal
210825;210825;21;MA;Maranhão;PINHEIRO;Pedro do Rosário
210840;210840;21;MA;Maranhão;PINHEIRO;Peri Mirim
210860;210860;21;MA;Maranhão;PINHEIRO;Pinheiro
210905;210905;21;MA;Maranhão;PINHEIRO;Porto Rico do Maranhão
210927;210927;21;MA;Maranhão;PINHEIRO;Presidente Sarney
210980;210980;21;MA;Maranhão;PINHEIRO;Santa Helena
211178;211178;21;MA;Maranhão;PINHEIRO;Serrano do Maranhão
211240;211240;21;MA;Maranhão;PINHEIRO;Turiaçu
211245;211245;21;MA;Maranhão;PINHEIRO;Turilândia
210275;210275;21;MA;Maranhão;PRESIDENTE DUTRA;Capinzal do Norte
210380;210380;21;MA;Maranhão;PRESIDENTE DUTRA;Dom Pedro
210420;210420;21;MA;Maranhão;PRESIDENTE DUTRA;Fortuna
210440;210440;21;MA;Maranhão;PRESIDENTE DUTRA;Gonçalves Dias
210450;210450;21;MA;Maranhão;PRESIDENTE DUTRA;Governador Archer
210460;210460;21;MA;Maranhão;PRESIDENTE DUTRA;Governador Eugênio Barros
210462;210462;21;MA;Maranhão;PRESIDENTE DUTRA;Governador Luiz Rocha
210470;210470;21;MA;Maranhão;PRESIDENTE DUTRA;Graça Aranha
210560;210560;21;MA;Maranhão;PRESIDENTE DUTRA;Joselândia
210910;210910;21;MA;Maranhão;PRESIDENTE DUTRA;Presidente Dutra
210975;210975;21;MA;Maranhão;PRESIDENTE DUTRA;Santa Filomena do Maranhão
211030;211030;21;MA;Maranhão;PRESIDENTE DUTRA;Santo Antônio dos Lopes
211070;211070;21;MA;Maranhão;PRESIDENTE DUTRA;São Domingos do Maranhão
211125;211125;21;MA;Maranhão;PRESIDENTE DUTRA;São José dos Basílios
211174;211174;21;MA;Maranhão;PRESIDENTE DUTRA;Senador Alexandre Costa
211230;211230;21;MA;Maranhão;PRESIDENTE DUTRA;Tuntum
210110;210110;21;MA;Maranhão;ROSARIO;Axixá
210125;210125;21;MA;Maranhão;ROSARIO;Bacabeira
210170;210170;21;MA;Maranhão;ROSARIO;Barreirinhas
210237;210237;21;MA;Maranhão;ROSARIO;Cachoeira Grande
210500;210500;21;MA;Maranhão;ROSARIO;Humberto de Campos
210510;210510;21;MA;Maranhão;ROSARIO;Icatu
210710;210710;21;MA;Maranhão;ROSARIO;Morros
210920;210920;21;MA;Maranhão;ROSARIO;Presidente Juscelino
210940;210940;21;MA;Maranhão;ROSARIO;Primeira Cruz
210960;210960;21;MA;Maranhão;ROSARIO;Rosário
211020;211020;21;MA;Maranhão;ROSARIO;Santa Rita
211027;211027;21;MA;Maranhão;ROSARIO;Santo Amaro do Maranhão
210047;210047;21;MA;Maranhão;SANTA INES;Alto Alegre do Pindaré
210177;210177;21;MA;Maranhão;SANTA INES;Bela Vista do Maranhão
210200;210200;21;MA;Maranhão;SANTA INES;Bom Jardim
210465;210465;21;MA;Maranhão;SANTA INES;Governador Newton Bello
210515;210515;21;MA;Maranhão;SANTA INES;Igarapé do Meio
210690;210690;21;MA;Maranhão;SANTA INES;Monção
210850;210850;21;MA;Maranhão;SANTA INES;Pindaré-Mirim
210870;210870;21;MA;Maranhão;SANTA INES;Pio XII
210990;210990;21;MA;Maranhão;SANTA INES;Santa Inês
211000;211000;21;MA;Maranhão;SANTA INES;Santa Luzia
211102;211102;21;MA;Maranhão;SANTA INES;São João do Carú
211172;211172;21;MA;Maranhão;SANTA INES;Satubinha
211227;211227;21;MA;Maranhão;SANTA INES;Tufilândia
210150;210150;21;MA;Maranhão;SAO JOAO DOS PATOS;Barão de Grajaú
210180;210180;21;MA;Maranhão;SAO JOAO DOS PATOS;Benedito Leite
210230;210230;21;MA;Maranhão;SAO JOAO DOS PATOS;Buriti Bravo
210350;210350;21;MA;Maranhão;SAO JOAO DOS PATOS;Colinas
210545;210545;21;MA;Maranhão;SAO JOAO DOS PATOS;Jatobá
210592;210592;21;MA;Maranhão;SAO JOAO DOS PATOS;Lagoa do Mato
210670;210670;21;MA;Maranhão;SAO JOAO DOS PATOS;Mirador
210730;210730;21;MA;Maranhão;SAO JOAO DOS PATOS;Nova Iorque
210770;210770;21;MA;Maranhão;SAO JOAO DOS PATOS;Paraibano
210790;210790;21;MA;Maranhão;SAO JOAO DOS PATOS;Passagem Franca
210800;210800;21;MA;Maranhão;SAO JOAO DOS PATOS;Pastos Bons
211065;211065;21;MA;Maranhão;SAO JOAO DOS PATOS;São Domingos do Azeitão
211110;211110;21;MA;Maranhão;SAO JOAO DOS PATOS;São João dos Patos
211190;211190;21;MA;Maranhão;SAO JOAO DOS PATOS;Sucupira do Norte
211195;211195;21;MA;Maranhão;SAO JOAO DOS PATOS;Sucupira do Riachão
210020;210020;21;MA;Maranhão;SAO LUIS;Alcântara
210750;210750;21;MA;Maranhão;SAO LUIS;Paço do Lumiar
210945;210945;21;MA;Maranhão;SAO LUIS;Raposa
211120;211120;21;MA;Maranhão;SAO LUIS;São José de Ribamar
211130;211130;21;MA;Maranhão;SAO LUIS;São Luís
210660;210660;21;MA;Maranhão;TIMON;Matões
210780;210780;21;MA;Maranhão;TIMON;Parnarama
211090;211090;21;MA;Maranhão;TIMON;São Francisco do Maranhão
211220;211220;21;MA;Maranhão;TIMON;Timon
210135;210135;21;MA;Maranhão;VIANA;Bacurituba
210240;210240;21;MA;Maranhão;VIANA;Cajapió
210250;210250;21;MA;Maranhão;VIANA;Cajari
210650;210650;21;MA;Maranhão;VIANA;Matinha
210745;210745;21;MA;Maranhão;VIANA;Olinda Nova do Maranhão
210760;210760;21;MA;Maranhão;VIANA;Palmeirândia
210830;210830;21;MA;Maranhão;VIANA;Penalva
211050;211050;21;MA;Maranhão;VIANA;São Bento
211100;211100;21;MA;Maranhão;VIANA;São João Batista
211170;211170;21;MA;Maranhão;VIANA;São Vicente Ferrer
211280;211280;21;MA;Maranhão;VIANA;Viana
210055;210055;21;MA;Maranhão;ZE DOCA;Amapá do Maranhão
210087;210087;21;MA;Maranhão;ZE DOCA;Araguanã
210197;210197;21;MA;Maranhão;ZE DOCA;Boa Vista do Gurupi
210260;210260;21;MA;Maranhão;ZE DOCA;Cândido Mendes
210290;210290;21;MA;Maranhão;ZE DOCA;Carutapera
210315;210315;21;MA;Maranhão;ZE DOCA;Centro do Guilherme
210317;210317;21;MA;Maranhão;ZE DOCA;Centro Novo do Maranhão
210430;210430;21;MA;Maranhão;ZE DOCA;Godofredo Viana
210467;210467;21;MA;Maranhão;ZE DOCA;Governador Nunes Freire
210565;210565;21;MA;Maranhão;ZE DOCA;Junco do Maranhão
210620;210620;21;MA;Maranhão;ZE DOCA;Luís Domingues
210632;210632;21;MA;Maranhão;ZE DOCA;Maracaçumé
210637;210637;21;MA;Maranhão;ZE DOCA;Maranhãozinho
210735;210735;21;MA;Maranhão;ZE DOCA;Nova Olinda do Maranhão
210923;210923;21;MA;Maranhão;ZE DOCA;Presidente Médici
211003;211003;21;MA;Maranhão;ZE DOCA;Santa Luzia do Paruá
211400;211400;21;MA;Maranhão;ZE DOCA;Zé Doca
220105;220105;22;PI;Piauí;CARNAUBAIS;Assunção do Piauí
220177;220177;22;PI;Piauí;CARNAUBAIS;Boa Hora
220194;220194;22;PI;Piauí;CARNAUBAIS;Boqueirão do Piauí
220202;220202;22;PI;Piauí;CARNAUBAIS;Buriti dos Montes
220205;220205;22;PI;Piauí;CARNAUBAIS;Cabeceiras do Piauí
220220;220220;22;PI;Piauí;CARNAUBAIS;Campo Maior
220260;220260;22;PI;Piauí;CARNAUBAIS;Castelo do Piauí
220271;220271;22;PI;Piauí;CARNAUBAIS;Cocal de Telha
220527;220527;22;PI;Piauí;CARNAUBAIS;Jatobá do Piauí
220551;220551;22;PI;Piauí;CARNAUBAIS;Juazeiro do Piauí
220675;220675;22;PI;Piauí;CARNAUBAIS;Nossa Senhora de Nazaré
220695;220695;22;PI;Piauí;CARNAUBAIS;Novo Santo Antônio
220990;220990;22;PI;Piauí;CARNAUBAIS;São João da Serra
221040;221040;22;PI;Piauí;CARNAUBAIS;São Miguel do Tapuio
221065;221065;22;PI;Piauí;CARNAUBAIS;Sigefredo Pacheco
220045;220045;22;PI;Piauí;CHAPADA DAS MANGABEIRAS;Alvorada do Gurguéia
220110;220110;22;PI;Piauí;CHAPADA DAS MANGABEIRAS;Avelino Lopes
220130;220130;22;PI;Piauí;CHAPADA DAS MANGABEIRAS;Barreiras do Piauí
220190;220190;22;PI;Piauí;CHAPADA DAS MANGABEIRAS;Bom Jesus
220290;220290;22;PI;Piauí;CHAPADA DAS MANGABEIRAS;Corrente
220300;220300;22;PI;Piauí;CHAPADA DAS MANGABEIRAS;Cristalândia do Piauí
220310;220310;22;PI;Piauí;CHAPADA DAS MANGABEIRAS;Cristino Castro
220320;220320;22;PI;Piauí;CHAPADA DAS MANGABEIRAS;Curimatá
220323;220323;22;PI;Piauí;CHAPADA DAS MANGABEIRAS;Currais
220440;220440;22;PI;Piauí;CHAPADA DAS MANGABEIRAS;Gilbués
220552;220552;22;PI;Piauí;CHAPADA DAS MANGABEIRAS;Júlio Borges
220660;220660;22;PI;Piauí;CHAPADA DAS MANGABEIRAS;Monte Alegre do Piauí
220665;220665;22;PI;Piauí;CHAPADA DAS MANGABEIRAS;Morro Cabeça no Tempo
220740;220740;22;PI;Piauí;CHAPADA DAS MANGABEIRAS;Palmeira do Piauí
220760;220760;22;PI;Piauí;CHAPADA DAS MANGABEIRAS;Parnaguá
220870;220870;22;PI;Piauí;CHAPADA DAS MANGABEIRAS;Redenção do Gurguéia
220885;220885;22;PI;Piauí;CHAPADA DAS MANGABEIRAS;Riacho Frio
220920;220920;22;PI;Piauí;CHAPADA DAS MANGABEIRAS;Santa Filomena
220930;220930;22;PI;Piauí;CHAPADA DAS MANGABEIRAS;Santa Luz
220975;220975;22;PI;Piauí;CHAPADA DAS MANGABEIRAS;São Gonçalo do Gurguéia
221062;221062;22;PI;Piauí;CHAPADA DAS MANGABEIRAS;Sebastião Barros
220120;220120;22;PI;Piauí;COCAIS;Barras
220150;220150;22;PI;Piauí;COCAIS;Batalha
220196;220196;22;PI;Piauí;COCAIS;Brasileira
220217;220217;22;PI;Piauí;COCAIS;Campo Largo do Piauí
220240;220240;22;PI;Piauí;COCAIS;Capitão de Campos
220342;220342;22;PI;Piauí;COCAIS;Domingos Mourão
220370;220370;22;PI;Piauí;COCAIS;Esperantina
220540;220540;22;PI;Piauí;COCAIS;Joaquim Pires
220545;220545;22;PI;Piauí;COCAIS;Joca Marques
220557;220557;22;PI;Piauí;COCAIS;Lagoa de São Francisco
220580;220580;22;PI;Piauí;COCAIS;Luzilândia
220585;220585;22;PI;Piauí;COCAIS;Madeiro
220610;220610;22;PI;Piauí;COCAIS;Matias Olímpio
220635;220635;22;PI;Piauí;COCAIS;Milton Brandão
220667;220667;22;PI;Piauí;COCAIS;Morro do Chapéu do Piauí
220680;220680;22;PI;Piauí;COCAIS;Nossa Senhora dos Remédios
220790;220790;22;PI;Piauí;COCAIS;Pedro II
220830;220830;22;PI;Piauí;COCAIS;Piracuruca
220840;220840;22;PI;Piauí;COCAIS;Piripiri
220850;220850;22;PI;Piauí;COCAIS;Porto
220987;220987;22;PI;Piauí;COCAIS;São João da Fronteira
220997;220997;22;PI;Piauí;COCAIS;São João do Arraial
221005;221005;22;PI;Piauí;COCAIS;São José do Divino
220010;220010;22;PI;Piauí;ENTRE RIOS;Agricolândia
220020;220020;22;PI;Piauí;ENTRE RIOS;Água Branca
220030;220030;22;PI;Piauí;ENTRE RIOS;Alto Longá
220040;220040;22;PI;Piauí;ENTRE RIOS;Altos
220050;220050;22;PI;Piauí;ENTRE RIOS;Amarante
220060;220060;22;PI;Piauí;ENTRE RIOS;Angical do Piauí
220140;220140;22;PI;Piauí;ENTRE RIOS;Barro Duro
220160;220160;22;PI;Piauí;ENTRE RIOS;Beneditinos
220273;220273;22;PI;Piauí;ENTRE RIOS;Coivaras
220325;220325;22;PI;Piauí;ENTRE RIOS;Curralinhos
220330;220330;22;PI;Piauí;ENTRE RIOS;Demerval Lobão
220460;220460;22;PI;Piauí;ENTRE RIOS;Hugo Napoleão
220525;220525;22;PI;Piauí;ENTRE RIOS;Jardim do Mulato
220550;220550;22;PI;Piauí;ENTRE RIOS;José de Freitas
220554;220554;22;PI;Piauí;ENTRE RIOS;Lagoinha do Piauí
220555;220555;22;PI;Piauí;ENTRE RIOS;Lagoa Alegre
220558;220558;22;PI;Piauí;ENTRE RIOS;Lagoa do Piauí
220620;220620;22;PI;Piauí;ENTRE RIOS;Miguel Alves
220630;220630;22;PI;Piauí;ENTRE RIOS;Miguel Leão
220640;220640;22;PI;Piauí;ENTRE RIOS;Monsenhor Gil
220672;220672;22;PI;Piauí;ENTRE RIOS;Nazária
220710;220710;22;PI;Piauí;ENTRE RIOS;Olho D'Água do Piauí
220750;220750;22;PI;Piauí;ENTRE RIOS;Palmeirais
220775;220775;22;PI;Piauí;ENTRE RIOS;Passagem Franca do Piauí
220779;220779;22;PI;Piauí;ENTRE RIOS;Pau D'Arco do Piauí
220880;220880;22;PI;Piauí;ENTRE RIOS;Regeneração
220945;220945;22;PI;Piauí;ENTRE RIOS;Santo Antônio dos Milagres
220980;220980;22;PI;Piauí;ENTRE RIOS;São Gonçalo do Piauí
221050;221050;22;PI;Piauí;ENTRE RIOS;São Pedro do Piauí
221100;221100;22;PI;Piauí;ENTRE RIOS;Teresina
221110;221110;22;PI;Piauí;ENTRE RIOS;União
220191;220191;22;PI;Piauí;PLANICIE LITORANEA;Bom Princípio do Piauí
220200;220200;22;PI;Piauí;PLANICIE LITORANEA;Buriti dos Lopes
220208;220208;22;PI;Piauí;PLANICIE LITORANEA;Cajueiro da Praia
220253;220253;22;PI;Piauí;PLANICIE LITORANEA;Caraúbas do Piauí
220265;220265;22;PI;Piauí;PLANICIE LITORANEA;Caxingó
220270;220270;22;PI;Piauí;PLANICIE LITORANEA;Cocal
220272;220272;22;PI;Piauí;PLANICIE LITORANEA;Cocal dos Alves
220465;220465;22;PI;Piauí;PLANICIE LITORANEA;Ilha Grande
220570;220570;22;PI;Piauí;PLANICIE LITORANEA;Luís Correia
220669;220669;22;PI;Piauí;PLANICIE LITORANEA;Murici dos Portelas
220770;220770;22;PI;Piauí;PLANICIE LITORANEA;Parnaíba
220070;220070;22;PI;Piauí;SERRA DA CAPIVARA;Anísio de Abreu
220192;220192;22;PI;Piauí;SERRA DA CAPIVARA;Bonfim do Piauí
220211;220211;22;PI;Piauí;SERRA DA CAPIVARA;Campo Alegre do Fidalgo
220245;220245;22;PI;Piauí;SERRA DA CAPIVARA;Capitão Gervásio Oliveira
220250;220250;22;PI;Piauí;SERRA DA CAPIVARA;Caracol
220285;220285;22;PI;Piauí;SERRA DA CAPIVARA;Coronel José Dias
220335;220335;22;PI;Piauí;SERRA DA CAPIVARA;Dirceu Arcoverde
220345;220345;22;PI;Piauí;SERRA DA CAPIVARA;Dom Inocêncio
220375;220375;22;PI;Piauí;SERRA DA CAPIVARA;Fartura do Piauí
220455;220455;22;PI;Piauí;SERRA DA CAPIVARA;Guaribas
220535;220535;22;PI;Piauí;SERRA DA CAPIVARA;João Costa
220553;220553;22;PI;Piauí;SERRA DA CAPIVARA;Jurema
220556;220556;22;PI;Piauí;SERRA DA CAPIVARA;Lagoa do Barro do Piauí
220793;220793;22;PI;Piauí;SERRA DA CAPIVARA;Pedro Laurentino
220795;220795;22;PI;Piauí;SERRA DA CAPIVARA;Nova Santa Rita
220955;220955;22;PI;Piauí;SERRA DA CAPIVARA;São Braz do Piauí
221000;221000;22;PI;Piauí;SERRA DA CAPIVARA;São João do Piauí
221035;221035;22;PI;Piauí;SERRA DA CAPIVARA;São Lourenço do Piauí
221060;221060;22;PI;Piauí;SERRA DA CAPIVARA;São Raimundo Nonato
221135;221135;22;PI;Piauí;SERRA DA CAPIVARA;Várzea Branca
220080;220080;22;PI;Piauí;TABULEIROS DO ALTO PARNAIBA;Antônio Almeida
220115;220115;22;PI;Piauí;TABULEIROS DO ALTO PARNAIBA;Baixa Grande do Ribeiro
220890;220890;22;PI;Piauí;TABULEIROS DO ALTO PARNAIBA;Ribeiro Gonçalves
221063;221063;22;PI;Piauí;TABULEIROS DO ALTO PARNAIBA;Sebastião Leal
221120;221120;22;PI;Piauí;TABULEIROS DO ALTO PARNAIBA;Uruçuí
220155;220155;22;PI;Piauí;VALE DO CANINDE;Bela Vista do Piauí
220207;220207;22;PI;Piauí;VALE DO CANINDE;Cajazeiras do Piauí
220210;220210;22;PI;Piauí;VALE DO CANINDE;Campinas do Piauí
220277;220277;22;PI;Piauí;VALE DO CANINDE;Colônia do Piauí
220280;220280;22;PI;Piauí;VALE DO CANINDE;Conceição do Canindé
220385;220385;22;PI;Piauí;VALE DO CANINDE;Floresta do Piauí
220490;220490;22;PI;Piauí;VALE DO CANINDE;Isaías Coelho
220700;220700;22;PI;Piauí;VALE DO CANINDE;Oeiras
220937;220937;22;PI;Piauí;VALE DO CANINDE;Santa Rosa do Piauí
220950;220950;22;PI;Piauí;VALE DO CANINDE;Santo Inácio do Piauí
220965;220965;22;PI;Piauí;VALE DO CANINDE;São Francisco de Assis do PiauÍ
220995;220995;22;PI;Piauí;VALE DO CANINDE;São João da Varjota
221080;221080;22;PI;Piauí;VALE DO CANINDE;Simplício Mendes
221097;221097;22;PI;Piauí;VALE DO CANINDE;Tanque do Piauí
220025;220025;22;PI;Piauí;VALE DO RIO GUARIBAS;Alagoinha do Piauí
220027;220027;22;PI;Piauí;VALE DO RIO GUARIBAS;Alegrete do Piauí
220095;220095;22;PI;Piauí;VALE DO RIO GUARIBAS;Aroeiras do Itaim
220180;220180;22;PI;Piauí;VALE DO RIO GUARIBAS;Bocaina
220213;220213;22;PI;Piauí;VALE DO RIO GUARIBAS;Campo Grande do Piauí
220340;220340;22;PI;Piauí;VALE DO RIO GUARIBAS;Dom Expedito Lopes
220420;220420;22;PI;Piauí;VALE DO RIO GUARIBAS;Francisco Santos
220430;220430;22;PI;Piauí;VALE DO RIO GUARIBAS;Fronteiras
220435;220435;22;PI;Piauí;VALE DO RIO GUARIBAS;Geminiano
220480;220480;22;PI;Piauí;VALE DO RIO GUARIBAS;Ipiranga do Piauí
220500;220500;22;PI;Piauí;VALE DO RIO GUARIBAS;Itainópolis
220650;220650;22;PI;Piauí;VALE DO RIO GUARIBAS;Monsenhor Hipólito
220755;220755;22;PI;Piauí;VALE DO RIO GUARIBAS;Paquetá
220800;220800;22;PI;Piauí;VALE DO RIO GUARIBAS;Picos
220820;220820;22;PI;Piauí;VALE DO RIO GUARIBAS;Pio IX
220910;220910;22;PI;Piauí;VALE DO RIO GUARIBAS;Santa Cruz do Piauí
220935;220935;22;PI;Piauí;VALE DO RIO GUARIBAS;Santana do Piauí
220940;220940;22;PI;Piauí;VALE DO RIO GUARIBAS;Santo Antônio de Lisboa
220985;220985;22;PI;Piauí;VALE DO RIO GUARIBAS;São João da Canabrava
221020;221020;22;PI;Piauí;VALE DO RIO GUARIBAS;São José do Piauí
221030;221030;22;PI;Piauí;VALE DO RIO GUARIBAS;São Julião
221037;221037;22;PI;Piauí;VALE DO RIO GUARIBAS;São Luis do Piauí
221093;221093;22;PI;Piauí;VALE DO RIO GUARIBAS;Sussuapara
221150;221150;22;PI;Piauí;VALE DO RIO GUARIBAS;Vera Mendes
221160;221160;22;PI;Piauí;VALE DO RIO GUARIBAS;Vila Nova do Piauí
221170;221170;22;PI;Piauí;VALE DO RIO GUARIBAS;Wall Ferraz
220090;220090;22;PI;Piauí;VALE DO SAMBITO;Aroazes
220117;220117;22;PI;Piauí;VALE DO SAMBITO;Barra D'Alcântara
220350;220350;22;PI;Piauí;VALE DO SAMBITO;Elesbão Veloso
220400;220400;22;PI;Piauí;VALE DO SAMBITO;Francinópolis
220470;220470;22;PI;Piauí;VALE DO SAMBITO;Inhuma
220559;220559;22;PI;Piauí;VALE DO SAMBITO;Lagoa do Sítio
220690;220690;22;PI;Piauí;VALE DO SAMBITO;Novo Oriente do Piauí
220810;220810;22;PI;Piauí;VALE DO SAMBITO;Pimenteiras
220860;220860;22;PI;Piauí;VALE DO SAMBITO;Prata do Piauí
220915;220915;22;PI;Piauí;VALE DO SAMBITO;Santa Cruz dos Milagres
220960;220960;22;PI;Piauí;VALE DO SAMBITO;São Félix do Piauí
221038;221038;22;PI;Piauí;VALE DO SAMBITO;São Miguel da Baixa Grande
221130;221130;22;PI;Piauí;VALE DO SAMBITO;Valença do Piauí
221140;221140;22;PI;Piauí;VALE DO SAMBITO;Várzea Grande
220100;220100;22;PI;Piauí;VALE DOS RIOS PIAUI E ITAUEIRAS;Arraial
220170;220170;22;PI;Piauí;VALE DOS RIOS PIAUI E ITAUEIRAS;Bertolínia
220198;220198;22;PI;Piauí;VALE DOS RIOS PIAUI E ITAUEIRAS;Brejo do Piauí
220225;220225;22;PI;Piauí;VALE DOS RIOS PIAUI E ITAUEIRAS;Canavieira
220230;220230;22;PI;Piauí;VALE DOS RIOS PIAUI E ITAUEIRAS;Canto do Buriti
220275;220275;22;PI;Piauí;VALE DOS RIOS PIAUI E ITAUEIRAS;Colônia do Gurguéia
220360;220360;22;PI;Piauí;VALE DOS RIOS PIAUI E ITAUEIRAS;Eliseu Martins
220380;220380;22;PI;Piauí;VALE DOS RIOS PIAUI E ITAUEIRAS;Flores do Piauí
220390;220390;22;PI;Piauí;VALE DOS RIOS PIAUI E ITAUEIRAS;Floriano
220410;220410;22;PI;Piauí;VALE DOS RIOS PIAUI E ITAUEIRAS;Francisco Ayres
220450;220450;22;PI;Piauí;VALE DOS RIOS PIAUI E ITAUEIRAS;Guadalupe
220510;220510;22;PI;Piauí;VALE DOS RIOS PIAUI E ITAUEIRAS;Itaueira
220530;220530;22;PI;Piauí;VALE DOS RIOS PIAUI E ITAUEIRAS;Jerumenha
220560;220560;22;PI;Piauí;VALE DOS RIOS PIAUI E ITAUEIRAS;Landri Sales
220590;220590;22;PI;Piauí;VALE DOS RIOS PIAUI E ITAUEIRAS;Manoel Emídio
220600;220600;22;PI;Piauí;VALE DOS RIOS PIAUI E ITAUEIRAS;Marcos Parente
220670;220670;22;PI;Piauí;VALE DOS RIOS PIAUI E ITAUEIRAS;Nazaré do Piauí
220730;220730;22;PI;Piauí;VALE DOS RIOS PIAUI E ITAUEIRAS;Paes Landim
220735;220735;22;PI;Piauí;VALE DOS RIOS PIAUI E ITAUEIRAS;Pajeú do Piauí
220785;220785;22;PI;Piauí;VALE DOS RIOS PIAUI E ITAUEIRAS;Pavussu
220855;220855;22;PI;Piauí;VALE DOS RIOS PIAUI E ITAUEIRAS;Porto Alegre do Piauí
220887;220887;22;PI;Piauí;VALE DOS RIOS PIAUI E ITAUEIRAS;Ribeira do Piauí
220900;220900;22;PI;Piauí;VALE DOS RIOS PIAUI E ITAUEIRAS;Rio Grande do Piauí
220970;220970;22;PI;Piauí;VALE DOS RIOS PIAUI E ITAUEIRAS;São Francisco do Piauí
221010;221010;22;PI;Piauí;VALE DOS RIOS PIAUI E ITAUEIRAS;São José do Peixe
221039;221039;22;PI;Piauí;VALE DOS RIOS PIAUI E ITAUEIRAS;São Miguel do Fidalgo
221090;221090;22;PI;Piauí;VALE DOS RIOS PIAUI E ITAUEIRAS;Socorro do Piauí
221095;221095;22;PI;Piauí;VALE DOS RIOS PIAUI E ITAUEIRAS;Tamboril do Piauí
220005;220005;22;PI;Piauí;CHAPADA VALE DO RIO ITAIM;Acauã
220157;220157;22;PI;Piauí;CHAPADA VALE DO RIO ITAIM;Belém do Piauí
220173;220173;22;PI;Piauí;CHAPADA VALE DO RIO ITAIM;Betânia do Piauí
220209;220209;22;PI;Piauí;CHAPADA VALE DO RIO ITAIM;Caldeirão Grande do Piauí
220255;220255;22;PI;Piauí;CHAPADA VALE DO RIO ITAIM;Caridade do Piauí
220327;220327;22;PI;Piauí;CHAPADA VALE DO RIO ITAIM;Curral Novo do Piauí
220415;220415;22;PI;Piauí;CHAPADA VALE DO RIO ITAIM;Francisco Macedo
220515;220515;22;PI;Piauí;CHAPADA VALE DO RIO ITAIM;Jacobina do Piauí
220520;220520;22;PI;Piauí;CHAPADA VALE DO RIO ITAIM;Jaicós
220595;220595;22;PI;Piauí;CHAPADA VALE DO RIO ITAIM;Marcolândia
220605;220605;22;PI;Piauí;CHAPADA VALE DO RIO ITAIM;Massapê do Piauí
220720;220720;22;PI;Piauí;CHAPADA VALE DO RIO ITAIM;Padre Marcos
220777;220777;22;PI;Piauí;CHAPADA VALE DO RIO ITAIM;Patos do Piauí
220780;220780;22;PI;Piauí;CHAPADA VALE DO RIO ITAIM;Paulistana
220865;220865;22;PI;Piauí;CHAPADA VALE DO RIO ITAIM;Queimada Nova
221070;221070;22;PI;Piauí;CHAPADA VALE DO RIO ITAIM;Simões
230015;230015;23;CE;Ceará;1ª RS FORTALEZA;Acarape
230075;230075;23;CE;Ceará;1ª RS FORTALEZA;Amontada
230090;230090;23;CE;Ceará;1ª RS FORTALEZA;Apuiarés
230100;230100;23;CE;Ceará;1ª RS FORTALEZA;Aquiraz
230120;230120;23;CE;Ceará;1ª RS FORTALEZA;Aracoiaba
230140;230140;23;CE;Ceará;1ª RS FORTALEZA;Aratuba
230195;230195;23;CE;Ceará;1ª RS FORTALEZA;Barreira
230210;230210;23;CE;Ceará;1ª RS FORTALEZA;Baturité
230220;230220;23;CE;Ceará;1ª RS FORTALEZA;Beberibe
230290;230290;23;CE;Ceará;1ª RS FORTALEZA;Capistrano
230350;230350;23;CE;Ceará;1ª RS FORTALEZA;Cascavel
230370;230370;23;CE;Ceará;1ª RS FORTALEZA;Caucaia
230395;230395;23;CE;Ceará;1ª RS FORTALEZA;Chorozinho
230428;230428;23;CE;Ceará;1ª RS FORTALEZA;Eusébio
230440;230440;23;CE;Ceará;1ª RS FORTALEZA;Fortaleza
230460;230460;23;CE;Ceará;1ª RS FORTALEZA;General Sampaio
230495;230495;23;CE;Ceará;1ª RS FORTALEZA;Guaiúba
230510;230510;23;CE;Ceará;1ª RS FORTALEZA;Guaramiranga
230523;230523;23;CE;Ceará;1ª RS FORTALEZA;Horizonte
230625;230625;23;CE;Ceará;1ª RS FORTALEZA;Itaitinga
230630;230630;23;CE;Ceará;1ª RS FORTALEZA;Itapajé
230640;230640;23;CE;Ceará;1ª RS FORTALEZA;Itapipoca
230650;230650;23;CE;Ceará;1ª RS FORTALEZA;Itapiúna
230765;230765;23;CE;Ceará;1ª RS FORTALEZA;Maracanaú
230770;230770;23;CE;Ceará;1ª RS FORTALEZA;Maranguape
230837;230837;23;CE;Ceará;1ª RS FORTALEZA;Miraíma
230910;230910;23;CE;Ceará;1ª RS FORTALEZA;Mulungu
230945;230945;23;CE;Ceará;1ª RS FORTALEZA;Ocara
230960;230960;23;CE;Ceará;1ª RS FORTALEZA;Pacajus
230970;230970;23;CE;Ceará;1ª RS FORTALEZA;Pacatuba
230980;230980;23;CE;Ceará;1ª RS FORTALEZA;Pacoti
231010;231010;23;CE;Ceará;1ª RS FORTALEZA;Palmácia
231020;231020;23;CE;Ceará;1ª RS FORTALEZA;Paracuru
231025;231025;23;CE;Ceará;1ª RS FORTALEZA;Paraipaba
231070;231070;23;CE;Ceará;1ª RS FORTALEZA;Pentecoste
231085;231085;23;CE;Ceará;1ª RS FORTALEZA;Pindoretama
231160;231160;23;CE;Ceará;1ª RS FORTALEZA;Redenção
231240;231240;23;CE;Ceará;1ª RS FORTALEZA;São Gonçalo do Amarante
231260;231260;23;CE;Ceará;1ª RS FORTALEZA;São Luís do Curu
231335;231335;23;CE;Ceará;1ª RS FORTALEZA;Tejuçuoca
231350;231350;23;CE;Ceará;1ª RS FORTALEZA;Trairi
231355;231355;23;CE;Ceará;1ª RS FORTALEZA;Tururu
231375;231375;23;CE;Ceará;1ª RS FORTALEZA;Umirim
231380;231380;23;CE;Ceará;1ª RS FORTALEZA;Uruburetama
230020;230020;23;CE;Ceará;5ª RS SOBRAL;Acaraú
230050;230050;23;CE;Ceará;5ª RS SOBRAL;Alcântaras
230125;230125;23;CE;Ceará;5ª RS SOBRAL;Ararendá
230205;230205;23;CE;Ceará;5ª RS SOBRAL;Barroquinha
230230;230230;23;CE;Ceará;5ª RS SOBRAL;Bela Cruz
230260;230260;23;CE;Ceará;5ª RS SOBRAL;Camocim
230310;230310;23;CE;Ceará;5ª RS SOBRAL;Cariré
230340;230340;23;CE;Ceará;5ª RS SOBRAL;Carnaubal
230365;230365;23;CE;Ceará;5ª RS SOBRAL;Catunda
230390;230390;23;CE;Ceará;5ª RS SOBRAL;Chaval
230400;230400;23;CE;Ceará;5ª RS SOBRAL;Coreaú
230410;230410;23;CE;Ceará;5ª RS SOBRAL;Crateús
230423;230423;23;CE;Ceará;5ª RS SOBRAL;Croatá
230425;230425;23;CE;Ceará;5ª RS SOBRAL;Cruz
230435;230435;23;CE;Ceará;5ª RS SOBRAL;Forquilha
230450;230450;23;CE;Ceará;5ª RS SOBRAL;Frecheirinha
230465;230465;23;CE;Ceará;5ª RS SOBRAL;Graça
230470;230470;23;CE;Ceará;5ª RS SOBRAL;Granja
230490;230490;23;CE;Ceará;5ª RS SOBRAL;Groaíras
230500;230500;23;CE;Ceará;5ª RS SOBRAL;Guaraciaba do Norte
230520;230520;23;CE;Ceará;5ª RS SOBRAL;Hidrolândia
230530;230530;23;CE;Ceará;5ª RS SOBRAL;Ibiapina
230560;230560;23;CE;Ceará;5ª RS SOBRAL;Independência
230565;230565;23;CE;Ceará;5ª RS SOBRAL;Ipaporanga
230580;230580;23;CE;Ceará;5ª RS SOBRAL;Ipu
230590;230590;23;CE;Ceará;5ª RS SOBRAL;Ipueiras
230610;230610;23;CE;Ceará;5ª RS SOBRAL;Irauçuba
230655;230655;23;CE;Ceará;5ª RS SOBRAL;Itarema
230725;230725;23;CE;Ceará;5ª RS SOBRAL;Jijoca de Jericoacoara
230780;230780;23;CE;Ceará;5ª RS SOBRAL;Marco
230790;230790;23;CE;Ceará;5ª RS SOBRAL;Martinópole
230800;230800;23;CE;Ceará;5ª RS SOBRAL;Massapê
230820;230820;23;CE;Ceará;5ª RS SOBRAL;Meruoca
230860;230860;23;CE;Ceará;5ª RS SOBRAL;Monsenhor Tabosa
230880;230880;23;CE;Ceará;5ª RS SOBRAL;Moraújo
230890;230890;23;CE;Ceará;5ª RS SOBRAL;Morrinhos
230900;230900;23;CE;Ceará;5ª RS SOBRAL;Mucambo
230930;230930;23;CE;Ceará;5ª RS SOBRAL;Nova Russas
230940;230940;23;CE;Ceará;5ª RS SOBRAL;Novo Oriente
230990;230990;23;CE;Ceará;5ª RS SOBRAL;Pacujá
231095;231095;23;CE;Ceará;5ª RS SOBRAL;Pires Ferreira
231100;231100;23;CE;Ceará;5ª RS SOBRAL;Poranga
231126;231126;23;CE;Ceará;5ª RS SOBRAL;Quiterianópolis
231170;231170;23;CE;Ceará;5ª RS SOBRAL;Reriutaba
231200;231200;23;CE;Ceará;5ª RS SOBRAL;Santana do Acaraú
231220;231220;23;CE;Ceará;5ª RS SOBRAL;Santa Quitéria
231230;231230;23;CE;Ceará;5ª RS SOBRAL;São Benedito
231280;231280;23;CE;Ceará;5ª RS SOBRAL;Senador Sá
231290;231290;23;CE;Ceará;5ª RS SOBRAL;Sobral
231320;231320;23;CE;Ceará;5ª RS SOBRAL;Tamboril
231340;231340;23;CE;Ceará;5ª RS SOBRAL;Tianguá
231360;231360;23;CE;Ceará;5ª RS SOBRAL;Ubajara
231390;231390;23;CE;Ceará;5ª RS SOBRAL;Uruoca
231395;231395;23;CE;Ceará;5ª RS SOBRAL;Varjota
231410;231410;23;CE;Ceará;5ª RS SOBRAL;Viçosa do Ceará
230010;230010;23;CE;Ceará;2ª RS CARIRI;Abaiara
230030;230030;23;CE;Ceará;2ª RS CARIRI;Acopiara
230060;230060;23;CE;Ceará;2ª RS CARIRI;Altaneira
230080;230080;23;CE;Ceará;2ª RS CARIRI;Antonina do Norte
230130;230130;23;CE;Ceará;2ª RS CARIRI;Araripe
230160;230160;23;CE;Ceará;2ª RS CARIRI;Assaré
230170;230170;23;CE;Ceará;2ª RS CARIRI;Aurora
230180;230180;23;CE;Ceará;2ª RS CARIRI;Baixio
230190;230190;23;CE;Ceará;2ª RS CARIRI;Barbalha
230200;230200;23;CE;Ceará;2ª RS CARIRI;Barro
230250;230250;23;CE;Ceará;2ª RS CARIRI;Brejo Santo
230270;230270;23;CE;Ceará;2ª RS CARIRI;Campos Sales
230320;230320;23;CE;Ceará;2ª RS CARIRI;Caririaçu
230330;230330;23;CE;Ceará;2ª RS CARIRI;Cariús
230360;230360;23;CE;Ceará;2ª RS CARIRI;Catarina
230380;230380;23;CE;Ceará;2ª RS CARIRI;Cedro
230420;230420;23;CE;Ceará;2ª RS CARIRI;Crato
230426;230426;23;CE;Ceará;2ª RS CARIRI;Deputado Irapuan Pinheiro
230430;230430;23;CE;Ceará;2ª RS CARIRI;Farias Brito
230480;230480;23;CE;Ceará;2ª RS CARIRI;Granjeiro
230540;230540;23;CE;Ceará;2ª RS CARIRI;Icó
230550;230550;23;CE;Ceará;2ª RS CARIRI;Iguatu
230570;230570;23;CE;Ceará;2ª RS CARIRI;Ipaumirim
230710;230710;23;CE;Ceará;2ª RS CARIRI;Jardim
230720;230720;23;CE;Ceará;2ª RS CARIRI;Jati
230730;230730;23;CE;Ceará;2ª RS CARIRI;Juazeiro do Norte
230740;230740;23;CE;Ceará;2ª RS CARIRI;Jucás
230750;230750;23;CE;Ceará;2ª RS CARIRI;Lavras da Mangabeira
230810;230810;23;CE;Ceará;2ª RS CARIRI;Mauriti
230830;230830;23;CE;Ceará;2ª RS CARIRI;Milagres
230840;230840;23;CE;Ceará;2ª RS CARIRI;Missão Velha
230850;230850;23;CE;Ceará;2ª RS CARIRI;Mombaça
230920;230920;23;CE;Ceará;2ª RS CARIRI;Nova Olinda
230950;230950;23;CE;Ceará;2ª RS CARIRI;Orós
231060;231060;23;CE;Ceará;2ª RS CARIRI;Penaforte
231090;231090;23;CE;Ceará;2ª RS CARIRI;Piquet Carneiro
231110;231110;23;CE;Ceará;2ª RS CARIRI;Porteiras
231120;231120;23;CE;Ceará;2ª RS CARIRI;Potengi
231135;231135;23;CE;Ceará;2ª RS CARIRI;Quixelô
231190;231190;23;CE;Ceará;2ª RS CARIRI;Saboeiro
231195;231195;23;CE;Ceará;2ª RS CARIRI;Salitre
231210;231210;23;CE;Ceará;2ª RS CARIRI;Santana do Cariri
231325;231325;23;CE;Ceará;2ª RS CARIRI;Tarrafas
231370;231370;23;CE;Ceará;2ª RS CARIRI;Umari
231400;231400;23;CE;Ceará;2ª RS CARIRI;Várzea Alegre
230040;230040;23;CE;Ceará;3ª RS SERTAO CENTRAL;Aiuaba
230150;230150;23;CE;Ceará;3ª RS SERTAO CENTRAL;Arneiroz
230185;230185;23;CE;Ceará;3ª RS SERTAO CENTRAL;Banabuiú
230240;230240;23;CE;Ceará;3ª RS SERTAO CENTRAL;Boa Viagem
230280;230280;23;CE;Ceará;3ª RS SERTAO CENTRAL;Canindé
230300;230300;23;CE;Ceará;3ª RS SERTAO CENTRAL;Caridade
230393;230393;23;CE;Ceará;3ª RS SERTAO CENTRAL;Choró
230526;230526;23;CE;Ceará;3ª RS SERTAO CENTRAL;Ibaretama
230533;230533;23;CE;Ceará;3ª RS SERTAO CENTRAL;Ibicuitinga
230660;230660;23;CE;Ceará;3ª RS SERTAO CENTRAL;Itatira
230763;230763;23;CE;Ceará;3ª RS SERTAO CENTRAL;Madalena
230835;230835;23;CE;Ceará;3ª RS SERTAO CENTRAL;Milhã
231030;231030;23;CE;Ceará;3ª RS SERTAO CENTRAL;Parambu
231040;231040;23;CE;Ceará;3ª RS SERTAO CENTRAL;Paramoti
231050;231050;23;CE;Ceará;3ª RS SERTAO CENTRAL;Pedra Branca
231130;231130;23;CE;Ceará;3ª RS SERTAO CENTRAL;Quixadá
231140;231140;23;CE;Ceará;3ª RS SERTAO CENTRAL;Quixeramobim
231270;231270;23;CE;Ceará;3ª RS SERTAO CENTRAL;Senador Pompeu
231300;231300;23;CE;Ceará;3ª RS SERTAO CENTRAL;Solonópole
231330;231330;23;CE;Ceará;3ª RS SERTAO CENTRAL;Tauá
230070;230070;23;CE;Ceará;4ª RS LITORAL LESTE JAGUARIBE;Alto Santo
230110;230110;23;CE;Ceará;4ª RS LITORAL LESTE JAGUARIBE;Aracati
230427;230427;23;CE;Ceará;4ª RS LITORAL LESTE JAGUARIBE;Ereré
230445;230445;23;CE;Ceará;4ª RS LITORAL LESTE JAGUARIBE;Fortim
230535;230535;23;CE;Ceará;4ª RS LITORAL LESTE JAGUARIBE;Icapuí
230600;230600;23;CE;Ceará;4ª RS LITORAL LESTE JAGUARIBE;Iracema
230620;230620;23;CE;Ceará;4ª RS LITORAL LESTE JAGUARIBE;Itaiçaba
230670;230670;23;CE;Ceará;4ª RS LITORAL LESTE JAGUARIBE;Jaguaretama
230680;230680;23;CE;Ceará;4ª RS LITORAL LESTE JAGUARIBE;Jaguaribara
230690;230690;23;CE;Ceará;4ª RS LITORAL LESTE JAGUARIBE;Jaguaribe
230700;230700;23;CE;Ceará;4ª RS LITORAL LESTE JAGUARIBE;Jaguaruana
230760;230760;23;CE;Ceará;4ª RS LITORAL LESTE JAGUARIBE;Limoeiro do Norte
230870;230870;23;CE;Ceará;4ª RS LITORAL LESTE JAGUARIBE;Morada Nova
231000;231000;23;CE;Ceará;4ª RS LITORAL LESTE JAGUARIBE;Palhano
231080;231080;23;CE;Ceará;4ª RS LITORAL LESTE JAGUARIBE;Pereiro
231123;231123;23;CE;Ceará;4ª RS LITORAL LESTE JAGUARIBE;Potiretama
231150;231150;23;CE;Ceará;4ª RS LITORAL LESTE JAGUARIBE;Quixeré
231180;231180;23;CE;Ceará;4ª RS LITORAL LESTE JAGUARIBE;Russas
231250;231250;23;CE;Ceará;4ª RS LITORAL LESTE JAGUARIBE;São João do Jaguaribe
231310;231310;23;CE;Ceará;4ª RS LITORAL LESTE JAGUARIBE;Tabuleiro do Norte
240120;240120;24;RN;Rio Grande do Norte;1ª REGIAO DE SAUDE - SAO JOSE DE MIPIBU;Arês
240140;240140;24;RN;Rio Grande do Norte;1ª REGIAO DE SAUDE - SAO JOSE DE MIPIBU;Baía Formosa
240180;240180;24;RN;Rio Grande do Norte;1ª REGIAO DE SAUDE - SAO JOSE DE MIPIBU;Brejinho
240220;240220;24;RN;Rio Grande do Norte;1ª REGIAO DE SAUDE - SAO JOSE DE MIPIBU;Canguaretama
240350;240350;24;RN;Rio Grande do Norte;1ª REGIAO DE SAUDE - SAO JOSE DE MIPIBU;Espírito Santo
240420;240420;24;RN;Rio Grande do Norte;1ª REGIAO DE SAUDE - SAO JOSE DE MIPIBU;Goianinha
240615;240615;24;RN;Rio Grande do Norte;1ª REGIAO DE SAUDE - SAO JOSE DE MIPIBU;Jundiá
240620;240620;24;RN;Rio Grande do Norte;1ª REGIAO DE SAUDE - SAO JOSE DE MIPIBU;Lagoa d'Anta
240630;240630;24;RN;Rio Grande do Norte;1ª REGIAO DE SAUDE - SAO JOSE DE MIPIBU;Lagoa de Pedras
240660;240660;24;RN;Rio Grande do Norte;1ª REGIAO DE SAUDE - SAO JOSE DE MIPIBU;Lagoa Salgada
240770;240770;24;RN;Rio Grande do Norte;1ª REGIAO DE SAUDE - SAO JOSE DE MIPIBU;Montanhas
240780;240780;24;RN;Rio Grande do Norte;1ª REGIAO DE SAUDE - SAO JOSE DE MIPIBU;Monte Alegre
240790;240790;24;RN;Rio Grande do Norte;1ª REGIAO DE SAUDE - SAO JOSE DE MIPIBU;Monte das Gameleiras
240820;240820;24;RN;Rio Grande do Norte;1ª REGIAO DE SAUDE - SAO JOSE DE MIPIBU;Nísia Floresta
240830;240830;24;RN;Rio Grande do Norte;1ª REGIAO DE SAUDE - SAO JOSE DE MIPIBU;Nova Cruz
240910;240910;24;RN;Rio Grande do Norte;1ª REGIAO DE SAUDE - SAO JOSE DE MIPIBU;Passa e Fica
240920;240920;24;RN;Rio Grande do Norte;1ª REGIAO DE SAUDE - SAO JOSE DE MIPIBU;Passagem
240980;240980;24;RN;Rio Grande do Norte;1ª REGIAO DE SAUDE - SAO JOSE DE MIPIBU;Pedro Velho
241150;241150;24;RN;Rio Grande do Norte;1ª REGIAO DE SAUDE - SAO JOSE DE MIPIBU;Santo Antônio
241220;241220;24;RN;Rio Grande do Norte;1ª REGIAO DE SAUDE - SAO JOSE DE MIPIBU;São José de Mipibu
241320;241320;24;RN;Rio Grande do Norte;1ª REGIAO DE SAUDE - SAO JOSE DE MIPIBU;Senador Georgino Avelino
241330;241330;24;RN;Rio Grande do Norte;1ª REGIAO DE SAUDE - SAO JOSE DE MIPIBU;Serra de São Bento
241350;241350;24;RN;Rio Grande do Norte;1ª REGIAO DE SAUDE - SAO JOSE DE MIPIBU;Serrinha
241420;241420;24;RN;Rio Grande do Norte;1ª REGIAO DE SAUDE - SAO JOSE DE MIPIBU;Tibau do Sul
241470;241470;24;RN;Rio Grande do Norte;1ª REGIAO DE SAUDE - SAO JOSE DE MIPIBU;Várzea
241480;241480;24;RN;Rio Grande do Norte;1ª REGIAO DE SAUDE - SAO JOSE DE MIPIBU;Vera Cruz
241500;241500;24;RN;Rio Grande do Norte;1ª REGIAO DE SAUDE - SAO JOSE DE MIPIBU;Vila Flor
240100;240100;24;RN;Rio Grande do Norte;2ª REGIAO DE SAUDE - MOSSORO;Apodi
240110;240110;24;RN;Rio Grande do Norte;2ª REGIAO DE SAUDE - MOSSORO;Areia Branca
240130;240130;24;RN;Rio Grande do Norte;2ª REGIAO DE SAUDE - MOSSORO;Campo Grande
240145;240145;24;RN;Rio Grande do Norte;2ª REGIAO DE SAUDE - MOSSORO;Baraúna
240230;240230;24;RN;Rio Grande do Norte;2ª REGIAO DE SAUDE - MOSSORO;Caraúbas
240370;240370;24;RN;Rio Grande do Norte;2ª REGIAO DE SAUDE - MOSSORO;Felipe Guerra
240430;240430;24;RN;Rio Grande do Norte;2ª REGIAO DE SAUDE - MOSSORO;Governador Dix-Sept Rosado
240440;240440;24;RN;Rio Grande do Norte;2ª REGIAO DE SAUDE - MOSSORO;Grossos
240520;240520;24;RN;Rio Grande do Norte;2ª REGIAO DE SAUDE - MOSSORO;Janduís
240760;240760;24;RN;Rio Grande do Norte;2ª REGIAO DE SAUDE - MOSSORO;Messias Targino
240800;240800;24;RN;Rio Grande do Norte;2ª REGIAO DE SAUDE - MOSSORO;Mossoró
241105;241105;24;RN;Rio Grande do Norte;2ª REGIAO DE SAUDE - MOSSORO;Tibau
241335;241335;24;RN;Rio Grande do Norte;2ª REGIAO DE SAUDE - MOSSORO;Serra do Mel
241460;241460;24;RN;Rio Grande do Norte;2ª REGIAO DE SAUDE - MOSSORO;Upanema
240030;240030;24;RN;Rio Grande do Norte;3ª REGIAO DE SAUDE - JOAO CAMARA;Afonso Bezerra
240160;240160;24;RN;Rio Grande do Norte;3ª REGIAO DE SAUDE - JOAO CAMARA;Bento Fernandes
240185;240185;24;RN;Rio Grande do Norte;3ª REGIAO DE SAUDE - JOAO CAMARA;Caiçara do Norte
240190;240190;24;RN;Rio Grande do Norte;3ª REGIAO DE SAUDE - JOAO CAMARA;Caiçara do Rio do Vento
240260;240260;24;RN;Rio Grande do Norte;3ª REGIAO DE SAUDE - JOAO CAMARA;Ceará-Mirim
240410;240410;24;RN;Rio Grande do Norte;3ª REGIAO DE SAUDE - JOAO CAMARA;Galinhos
240450;240450;24;RN;Rio Grande do Norte;3ª REGIAO DE SAUDE - JOAO CAMARA;Guamaré
240460;240460;24;RN;Rio Grande do Norte;3ª REGIAO DE SAUDE - JOAO CAMARA;Ielmo Marinho
240510;240510;24;RN;Rio Grande do Norte;3ª REGIAO DE SAUDE - JOAO CAMARA;Jandaíra
240550;240550;24;RN;Rio Grande do Norte;3ª REGIAO DE SAUDE - JOAO CAMARA;Jardim de Angicos
240580;240580;24;RN;Rio Grande do Norte;3ª REGIAO DE SAUDE - JOAO CAMARA;João Câmara
240670;240670;24;RN;Rio Grande do Norte;3ª REGIAO DE SAUDE - JOAO CAMARA;Lajes
240720;240720;24;RN;Rio Grande do Norte;3ª REGIAO DE SAUDE - JOAO CAMARA;Macau
240750;240750;24;RN;Rio Grande do Norte;3ª REGIAO DE SAUDE - JOAO CAMARA;Maxaranguape
240880;240880;24;RN;Rio Grande do Norte;3ª REGIAO DE SAUDE - JOAO CAMARA;Parazinho
240895;240895;24;RN;Rio Grande do Norte;3ª REGIAO DE SAUDE - JOAO CAMARA;Rio do Fogo
240950;240950;24;RN;Rio Grande do Norte;3ª REGIAO DE SAUDE - JOAO CAMARA;Pedra Grande
240960;240960;24;RN;Rio Grande do Norte;3ª REGIAO DE SAUDE - JOAO CAMARA;Pedra Preta
240970;240970;24;RN;Rio Grande do Norte;3ª REGIAO DE SAUDE - JOAO CAMARA;Pedro Avelino
241010;241010;24;RN;Rio Grande do Norte;3ª REGIAO DE SAUDE - JOAO CAMARA;Poço Branco
241040;241040;24;RN;Rio Grande do Norte;3ª REGIAO DE SAUDE - JOAO CAMARA;Pureza
241090;241090;24;RN;Rio Grande do Norte;3ª REGIAO DE SAUDE - JOAO CAMARA;Riachuelo
241160;241160;24;RN;Rio Grande do Norte;3ª REGIAO DE SAUDE - JOAO CAMARA;São Bento do Norte
241255;241255;24;RN;Rio Grande do Norte;3ª REGIAO DE SAUDE - JOAO CAMARA;São Miguel do Gostoso
241390;241390;24;RN;Rio Grande do Norte;3ª REGIAO DE SAUDE - JOAO CAMARA;Taipu
241440;241440;24;RN;Rio Grande do Norte;3ª REGIAO DE SAUDE - JOAO CAMARA;Touros
240010;240010;24;RN;Rio Grande do Norte;4ª REGIAO DE SAUDE - CAICO;Acari
240165;240165;24;RN;Rio Grande do Norte;4ª REGIAO DE SAUDE - CAICO;Bodó
240200;240200;24;RN;Rio Grande do Norte;4ª REGIAO DE SAUDE - CAICO;Caicó
240240;240240;24;RN;Rio Grande do Norte;4ª REGIAO DE SAUDE - CAICO;Carnaúba dos Dantas
240270;240270;24;RN;Rio Grande do Norte;4ª REGIAO DE SAUDE - CAICO;Cerro Corá
240300;240300;24;RN;Rio Grande do Norte;4ª REGIAO DE SAUDE - CAICO;Cruzeta
240310;240310;24;RN;Rio Grande do Norte;4ª REGIAO DE SAUDE - CAICO;Currais Novos
240340;240340;24;RN;Rio Grande do Norte;4ª REGIAO DE SAUDE - CAICO;Equador
240380;240380;24;RN;Rio Grande do Norte;4ª REGIAO DE SAUDE - CAICO;Florânia
240480;240480;24;RN;Rio Grande do Norte;4ª REGIAO DE SAUDE - CAICO;Ipueira
240560;240560;24;RN;Rio Grande do Norte;4ª REGIAO DE SAUDE - CAICO;Jardim de Piranhas
240570;240570;24;RN;Rio Grande do Norte;4ª REGIAO DE SAUDE - CAICO;Jardim do Seridó
240610;240610;24;RN;Rio Grande do Norte;4ª REGIAO DE SAUDE - CAICO;Jucurutu
240650;240650;24;RN;Rio Grande do Norte;4ª REGIAO DE SAUDE - CAICO;Lagoa Nova
240850;240850;24;RN;Rio Grande do Norte;4ª REGIAO DE SAUDE - CAICO;Ouro Branco
240890;240890;24;RN;Rio Grande do Norte;4ª REGIAO DE SAUDE - CAICO;Parelhas
241140;241140;24;RN;Rio Grande do Norte;4ª REGIAO DE SAUDE - CAICO;Santana do Matos
241142;241142;24;RN;Rio Grande do Norte;4ª REGIAO DE SAUDE - CAICO;Santana do Seridó
241180;241180;24;RN;Rio Grande do Norte;4ª REGIAO DE SAUDE - CAICO;São Fernando
241210;241210;24;RN;Rio Grande do Norte;4ª REGIAO DE SAUDE - CAICO;São João do Sabugi
241240;241240;24;RN;Rio Grande do Norte;4ª REGIAO DE SAUDE - CAICO;São José do Seridó
241300;241300;24;RN;Rio Grande do Norte;4ª REGIAO DE SAUDE - CAICO;São Vicente
241340;241340;24;RN;Rio Grande do Norte;4ª REGIAO DE SAUDE - CAICO;Serra Negra do Norte
241415;241415;24;RN;Rio Grande do Norte;4ª REGIAO DE SAUDE - CAICO;Tenente Laurentino Cruz
241430;241430;24;RN;Rio Grande do Norte;4ª REGIAO DE SAUDE - CAICO;Timbaúba dos Batistas
240150;240150;24;RN;Rio Grande do Norte;5ª REGIAO DE SAUDE - SANTA CRUZ;Barcelona
240170;240170;24;RN;Rio Grande do Norte;5ª REGIAO DE SAUDE - SANTA CRUZ;Bom Jesus
240210;240210;24;RN;Rio Grande do Norte;5ª REGIAO DE SAUDE - SANTA CRUZ;Campo Redondo
240280;240280;24;RN;Rio Grande do Norte;5ª REGIAO DE SAUDE - SANTA CRUZ;Coronel Ezequiel
240500;240500;24;RN;Rio Grande do Norte;5ª REGIAO DE SAUDE - SANTA CRUZ;Jaçanã
240530;240530;24;RN;Rio Grande do Norte;5ª REGIAO DE SAUDE - SANTA CRUZ;Januário Cicco
240540;240540;24;RN;Rio Grande do Norte;5ª REGIAO DE SAUDE - SANTA CRUZ;Japi
240640;240640;24;RN;Rio Grande do Norte;5ª REGIAO DE SAUDE - SANTA CRUZ;Lagoa de Velhos
240680;240680;24;RN;Rio Grande do Norte;5ª REGIAO DE SAUDE - SANTA CRUZ;Lajes Pintadas
240933;240933;24;RN;Rio Grande do Norte;5ª REGIAO DE SAUDE - SANTA CRUZ;Santa Maria
241030;241030;24;RN;Rio Grande do Norte;5ª REGIAO DE SAUDE - SANTA CRUZ;Serra Caiada
241110;241110;24;RN;Rio Grande do Norte;5ª REGIAO DE SAUDE - SANTA CRUZ;Ruy Barbosa
241120;241120;24;RN;Rio Grande do Norte;5ª REGIAO DE SAUDE - SANTA CRUZ;Santa Cruz
241170;241170;24;RN;Rio Grande do Norte;5ª REGIAO DE SAUDE - SANTA CRUZ;São Bento do Trairí
241230;241230;24;RN;Rio Grande do Norte;5ª REGIAO DE SAUDE - SANTA CRUZ;São José do Campestre
241260;241260;24;RN;Rio Grande do Norte;5ª REGIAO DE SAUDE - SANTA CRUZ;São Paulo do Potengi
241270;241270;24;RN;Rio Grande do Norte;5ª REGIAO DE SAUDE - SANTA CRUZ;São Pedro
241290;241290;24;RN;Rio Grande do Norte;5ª REGIAO DE SAUDE - SANTA CRUZ;São Tomé
241310;241310;24;RN;Rio Grande do Norte;5ª REGIAO DE SAUDE - SANTA CRUZ;Senador Elói de Souza
241370;241370;24;RN;Rio Grande do Norte;5ª REGIAO DE SAUDE - SANTA CRUZ;Sítio Novo
241400;241400;24;RN;Rio Grande do Norte;5ª REGIAO DE SAUDE - SANTA CRUZ;Tangará
240040;240040;24;RN;Rio Grande do Norte;6ª REGIAO DE SAUDE - PAU DOS FERROS;Água Nova
240050;240050;24;RN;Rio Grande do Norte;6ª REGIAO DE SAUDE - PAU DOS FERROS;Alexandria
240060;240060;24;RN;Rio Grande do Norte;6ª REGIAO DE SAUDE - PAU DOS FERROS;Almino Afonso
240090;240090;24;RN;Rio Grande do Norte;6ª REGIAO DE SAUDE - PAU DOS FERROS;Antônio Martins
240290;240290;24;RN;Rio Grande do Norte;6ª REGIAO DE SAUDE - PAU DOS FERROS;Coronel João Pessoa
240320;240320;24;RN;Rio Grande do Norte;6ª REGIAO DE SAUDE - PAU DOS FERROS;Doutor Severiano
240330;240330;24;RN;Rio Grande do Norte;6ª REGIAO DE SAUDE - PAU DOS FERROS;Encanto
240390;240390;24;RN;Rio Grande do Norte;6ª REGIAO DE SAUDE - PAU DOS FERROS;Francisco Dantas
240400;240400;24;RN;Rio Grande do Norte;6ª REGIAO DE SAUDE - PAU DOS FERROS;Frutuoso Gomes
240490;240490;24;RN;Rio Grande do Norte;6ª REGIAO DE SAUDE - PAU DOS FERROS;Itaú
240590;240590;24;RN;Rio Grande do Norte;6ª REGIAO DE SAUDE - PAU DOS FERROS;João Dias
240600;240600;24;RN;Rio Grande do Norte;6ª REGIAO DE SAUDE - PAU DOS FERROS;José da Penha
240690;240690;24;RN;Rio Grande do Norte;6ª REGIAO DE SAUDE - PAU DOS FERROS;Lucrécia
240700;240700;24;RN;Rio Grande do Norte;6ª REGIAO DE SAUDE - PAU DOS FERROS;Luís Gomes
240725;240725;24;RN;Rio Grande do Norte;6ª REGIAO DE SAUDE - PAU DOS FERROS;Major Sales
240730;240730;24;RN;Rio Grande do Norte;6ª REGIAO DE SAUDE - PAU DOS FERROS;Marcelino Vieira
240740;240740;24;RN;Rio Grande do Norte;6ª REGIAO DE SAUDE - PAU DOS FERROS;Martins
240840;240840;24;RN;Rio Grande do Norte;6ª REGIAO DE SAUDE - PAU DOS FERROS;Olho d'Água do Borges
240860;240860;24;RN;Rio Grande do Norte;6ª REGIAO DE SAUDE - PAU DOS FERROS;Paraná
240930;240930;24;RN;Rio Grande do Norte;6ª REGIAO DE SAUDE - PAU DOS FERROS;Patu
240940;240940;24;RN;Rio Grande do Norte;6ª REGIAO DE SAUDE - PAU DOS FERROS;Pau dos Ferros
241000;241000;24;RN;Rio Grande do Norte;6ª REGIAO DE SAUDE - PAU DOS FERROS;Pilões
241020;241020;24;RN;Rio Grande do Norte;6ª REGIAO DE SAUDE - PAU DOS FERROS;Portalegre
241050;241050;24;RN;Rio Grande do Norte;6ª REGIAO DE SAUDE - PAU DOS FERROS;Rafael Fernandes
241060;241060;24;RN;Rio Grande do Norte;6ª REGIAO DE SAUDE - PAU DOS FERROS;Rafael Godeiro
241070;241070;24;RN;Rio Grande do Norte;6ª REGIAO DE SAUDE - PAU DOS FERROS;Riacho da Cruz
241080;241080;24;RN;Rio Grande do Norte;6ª REGIAO DE SAUDE - PAU DOS FERROS;Riacho de Santana
241100;241100;24;RN;Rio Grande do Norte;6ª REGIAO DE SAUDE - PAU DOS FERROS;Rodolfo Fernandes
241190;241190;24;RN;Rio Grande do Norte;6ª REGIAO DE SAUDE - PAU DOS FERROS;São Francisco do Oeste
241250;241250;24;RN;Rio Grande do Norte;6ª REGIAO DE SAUDE - PAU DOS FERROS;São Miguel
241355;241355;24;RN;Rio Grande do Norte;6ª REGIAO DE SAUDE - PAU DOS FERROS;Serrinha dos Pintos
241360;241360;24;RN;Rio Grande do Norte;6ª REGIAO DE SAUDE - PAU DOS FERROS;Severiano Melo
241380;241380;24;RN;Rio Grande do Norte;6ª REGIAO DE SAUDE - PAU DOS FERROS;Taboleiro Grande
241410;241410;24;RN;Rio Grande do Norte;6ª REGIAO DE SAUDE - PAU DOS FERROS;Tenente Ananias
241450;241450;24;RN;Rio Grande do Norte;6ª REGIAO DE SAUDE - PAU DOS FERROS;Umarizal
241475;241475;24;RN;Rio Grande do Norte;6ª REGIAO DE SAUDE - PAU DOS FERROS;Venha-Ver
241490;241490;24;RN;Rio Grande do Norte;6ª REGIAO DE SAUDE - PAU DOS FERROS;Viçosa
240325;240325;24;RN;Rio Grande do Norte;7ª REGIAO DE SAUDE - METROPOLITANA;Parnamirim
240360;240360;24;RN;Rio Grande do Norte;7ª REGIAO DE SAUDE - METROPOLITANA;Extremoz
240710;240710;24;RN;Rio Grande do Norte;7ª REGIAO DE SAUDE - METROPOLITANA;Macaíba
240810;240810;24;RN;Rio Grande do Norte;7ª REGIAO DE SAUDE - METROPOLITANA;Natal
241200;241200;24;RN;Rio Grande do Norte;7ª REGIAO DE SAUDE - METROPOLITANA;São Gonçalo do Amarante
240020;240020;24;RN;Rio Grande do Norte;8ª REGIAO DE SAUDE - ACU;Açu
240070;240070;24;RN;Rio Grande do Norte;8ª REGIAO DE SAUDE - ACU;Alto do Rodrigues
240080;240080;24;RN;Rio Grande do Norte;8ª REGIAO DE SAUDE - ACU;Angicos
240250;240250;24;RN;Rio Grande do Norte;8ª REGIAO DE SAUDE - ACU;Carnaubais
240375;240375;24;RN;Rio Grande do Norte;8ª REGIAO DE SAUDE - ACU;Fernando Pedroza
240470;240470;24;RN;Rio Grande do Norte;8ª REGIAO DE SAUDE - ACU;Ipanguaçu
240485;240485;24;RN;Rio Grande do Norte;8ª REGIAO DE SAUDE - ACU;Itajá
240870;240870;24;RN;Rio Grande do Norte;8ª REGIAO DE SAUDE - ACU;Paraú
240990;240990;24;RN;Rio Grande do Norte;8ª REGIAO DE SAUDE - ACU;Pendências
241025;241025;24;RN;Rio Grande do Norte;8ª REGIAO DE SAUDE - ACU;Porto do Mangue
241280;241280;24;RN;Rio Grande do Norte;8ª REGIAO DE SAUDE - ACU;São Rafael
241445;241445;24;RN;Rio Grande do Norte;8ª REGIAO DE SAUDE - ACU;Triunfo Potiguar
250060;250060;25;PB;Paraíba;1ª REGIAO MATA ATLANTICA;Alhandra
250180;250180;25;PB;Paraíba;1ª REGIAO MATA ATLANTICA;Bayeux
250300;250300;25;PB;Paraíba;1ª REGIAO MATA ATLANTICA;Caaporã
250320;250320;25;PB;Paraíba;1ª REGIAO MATA ATLANTICA;Cabedelo
250460;250460;25;PB;Paraíba;1ª REGIAO MATA ATLANTICA;Conde
250490;250490;25;PB;Paraíba;1ª REGIAO MATA ATLANTICA;Cruz do Espírito Santo
250750;250750;25;PB;Paraíba;1ª REGIAO MATA ATLANTICA;João Pessoa
250860;250860;25;PB;Paraíba;1ª REGIAO MATA ATLANTICA;Lucena
250910;250910;25;PB;Paraíba;1ª REGIAO MATA ATLANTICA;Mari
251190;251190;25;PB;Paraíba;1ª REGIAO MATA ATLANTICA;Pitimbu
251276;251276;25;PB;Paraíba;1ª REGIAO MATA ATLANTICA;Riachão do Poço
251370;251370;25;PB;Paraíba;1ª REGIAO MATA ATLANTICA;Santa Rita
251530;251530;25;PB;Paraíba;1ª REGIAO MATA ATLANTICA;Sapé
251597;251597;25;PB;Paraíba;1ª REGIAO MATA ATLANTICA;Sobrado
250050;250050;25;PB;Paraíba;2ª REGIAO;Alagoinha
250080;250080;25;PB;Paraíba;2ª REGIAO;Araçagi
250100;250100;25;PB;Paraíba;2ª REGIAO;Araruna
250150;250150;25;PB;Paraíba;2ª REGIAO;Bananeiras
250190;250190;25;PB;Paraíba;2ª REGIAO;Belém
250270;250270;25;PB;Paraíba;2ª REGIAO;Borborema
250350;250350;25;PB;Paraíba;2ª REGIAO;Cacimba de Dentro
250360;250360;25;PB;Paraíba;2ª REGIAO;Caiçara
250415;250415;25;PB;Paraíba;2ª REGIAO;Casserengue
250520;250520;25;PB;Paraíba;2ª REGIAO;Cuitegi
250570;250570;25;PB;Paraíba;2ª REGIAO;Dona Inês
250580;250580;25;PB;Paraíba;2ª REGIAO;Duas Estradas
250630;250630;25;PB;Paraíba;2ª REGIAO;Guarabira
250820;250820;25;PB;Paraíba;2ª REGIAO;Lagoa de Dentro
250855;250855;25;PB;Paraíba;2ª REGIAO;Logradouro
250980;250980;25;PB;Paraíba;2ª REGIAO;Mulungu
251160;251160;25;PB;Paraíba;2ª REGIAO;Pilões
251170;251170;25;PB;Paraíba;2ª REGIAO;Pilõezinhos
251180;251180;25;PB;Paraíba;2ª REGIAO;Pirpirituba
251274;251274;25;PB;Paraíba;2ª REGIAO;Riachão
251560;251560;25;PB;Paraíba;2ª REGIAO;Serra da Raiz
251590;251590;25;PB;Paraíba;2ª REGIAO;Serraria
251593;251593;25;PB;Paraíba;2ª REGIAO;Sertãozinho
251600;251600;25;PB;Paraíba;2ª REGIAO;Solânea
251640;251640;25;PB;Paraíba;2ª REGIAO;Tacima
250030;250030;25;PB;Paraíba;3ª REGIAO;Alagoa Grande
250040;250040;25;PB;Paraíba;3ª REGIAO;Alagoa Nova
250057;250057;25;PB;Paraíba;3ª REGIAO;Algodão de Jandaíra
250090;250090;25;PB;Paraíba;3ª REGIAO;Arara
250110;250110;25;PB;Paraíba;3ª REGIAO;Areia
250120;250120;25;PB;Paraíba;3ª REGIAO;Areial
250600;250600;25;PB;Paraíba;3ª REGIAO;Esperança
250830;250830;25;PB;Paraíba;3ª REGIAO;Lagoa Seca
250933;250933;25;PB;Paraíba;3ª REGIAO;Matinhas
250950;250950;25;PB;Paraíba;3ª REGIAO;Montadas
251270;251270;25;PB;Paraíba;3ª REGIAO;Remígio
251510;251510;25;PB;Paraíba;3ª REGIAO;São Sebastião de Lagoa de Roç
250153;250153;25;PB;Paraíba;4ª REGIAO;Baraúna
250160;250160;25;PB;Paraíba;4ª REGIAO;Barra de Santa Rosa
250500;250500;25;PB;Paraíba;4ª REGIAO;Cubati
250510;250510;25;PB;Paraíba;4ª REGIAO;Cuité
250535;250535;25;PB;Paraíba;4ª REGIAO;Damião
250620;250620;25;PB;Paraíba;4ª REGIAO;Frei Martinho
251010;251010;25;PB;Paraíba;4ª REGIAO;Nova Floresta
251030;251030;25;PB;Paraíba;4ª REGIAO;Nova Palmeira
251110;251110;25;PB;Paraíba;4ª REGIAO;Pedra Lavrada
251140;251140;25;PB;Paraíba;4ª REGIAO;Picuí
251540;251540;25;PB;Paraíba;4ª REGIAO;São Vicente do Seridó
251615;251615;25;PB;Paraíba;4ª REGIAO;Sossêgo
250073;250073;25;PB;Paraíba;5ª REGIAO;Amparo
250390;250390;25;PB;Paraíba;5ª REGIAO;Camalaú
250407;250407;25;PB;Paraíba;5ª REGIAO;Caraúbas
250470;250470;25;PB;Paraíba;5ª REGIAO;Congo
250485;250485;25;PB;Paraíba;5ª REGIAO;Coxixola
250650;250650;25;PB;Paraíba;5ª REGIAO;Gurjão
250970;250970;25;PB;Paraíba;5ª REGIAO;Monteiro
251060;251060;25;PB;Paraíba;5ª REGIAO;Ouro Velho
251065;251065;25;PB;Paraíba;5ª REGIAO;Parari
251220;251220;25;PB;Paraíba;5ª REGIAO;Prata
251400;251400;25;PB;Paraíba;5ª REGIAO;São João do Cariri
251410;251410;25;PB;Paraíba;5ª REGIAO;São João do Tigre
251480;251480;25;PB;Paraíba;5ª REGIAO;São José dos Cordeiros
251520;251520;25;PB;Paraíba;5ª REGIAO;São Sebastião do Umbuzeiro
251550;251550;25;PB;Paraíba;5ª REGIAO;Serra Branca
251630;251630;25;PB;Paraíba;5ª REGIAO;Sumé
251740;251740;25;PB;Paraíba;5ª REGIAO;Zabelê
250115;250115;25;PB;Paraíba;6ª REGIAO;Areia de Baraúnas
250340;250340;25;PB;Paraíba;6ª REGIAO;Cacimba de Areia
250355;250355;25;PB;Paraíba;6ª REGIAO;Cacimbas
250420;250420;25;PB;Paraíba;6ª REGIAO;Catingueira
250450;250450;25;PB;Paraíba;6ª REGIAO;Condado
250540;250540;25;PB;Paraíba;6ª REGIAO;Desterro
250550;250550;25;PB;Paraíba;6ª REGIAO;Vista Serrana
250590;250590;25;PB;Paraíba;6ª REGIAO;Emas
250780;250780;25;PB;Paraíba;6ª REGIAO;Junco do Seridó
250870;250870;25;PB;Paraíba;6ª REGIAO;Mãe d'Água
250880;250880;25;PB;Paraíba;6ª REGIAO;Malta
250939;250939;25;PB;Paraíba;6ª REGIAO;Maturéia
251070;251070;25;PB;Paraíba;6ª REGIAO;Passagem
251080;251080;25;PB;Paraíba;6ª REGIAO;Patos
251260;251260;25;PB;Paraíba;6ª REGIAO;Quixaba
251300;251300;25;PB;Paraíba;6ª REGIAO;Salgadinho
251340;251340;25;PB;Paraíba;6ª REGIAO;Santa Luzia
251380;251380;25;PB;Paraíba;6ª REGIAO;Santa Teresinha
251440;251440;25;PB;Paraíba;6ª REGIAO;São José de Espinharas
251460;251460;25;PB;Paraíba;6ª REGIAO;São José do Bonfim
251470;251470;25;PB;Paraíba;6ª REGIAO;São José do Sabugi
251490;251490;25;PB;Paraíba;6ª REGIAO;São Mamede
251670;251670;25;PB;Paraíba;6ª REGIAO;Teixeira
251710;251710;25;PB;Paraíba;6ª REGIAO;Várzea
250020;250020;25;PB;Paraíba;7ª REGIAO;Aguiar
250210;250210;25;PB;Paraíba;7ª REGIAO;Boa Ventura
250260;250260;25;PB;Paraíba;7ª REGIAO;Igaracy
250440;250440;25;PB;Paraíba;7ª REGIAO;Conceição
250480;250480;25;PB;Paraíba;7ª REGIAO;Coremas
250530;250530;25;PB;Paraíba;7ª REGIAO;Curral Velho
250560;250560;25;PB;Paraíba;7ª REGIAO;Diamante
250660;250660;25;PB;Paraíba;7ª REGIAO;Ibiara
250700;250700;25;PB;Paraíba;7ª REGIAO;Itaporanga
251020;251020;25;PB;Paraíba;7ª REGIAO;Nova Olinda
251040;251040;25;PB;Paraíba;7ª REGIAO;Olho d'Água
251100;251100;25;PB;Paraíba;7ª REGIAO;Pedra Branca
251130;251130;25;PB;Paraíba;7ª REGIAO;Piancó
251335;251335;25;PB;Paraíba;7ª REGIAO;Santa Inês
251350;251350;25;PB;Paraíba;7ª REGIAO;Santana de Mangueira
251360;251360;25;PB;Paraíba;7ª REGIAO;Santana dos Garrotes
251430;251430;25;PB;Paraíba;7ª REGIAO;São José de Caiana
251570;251570;25;PB;Paraíba;7ª REGIAO;Serra Grande
250200;250200;25;PB;Paraíba;8ª REGIAO;Belém do Brejo do Cruz
250230;250230;25;PB;Paraíba;8ª REGIAO;Bom Sucesso
250280;250280;25;PB;Paraíba;8ª REGIAO;Brejo do Cruz
250290;250290;25;PB;Paraíba;8ª REGIAO;Brejo dos Santos
250430;250430;25;PB;Paraíba;8ª REGIAO;Catolé do Rocha
250740;250740;25;PB;Paraíba;8ª REGIAO;Jericó
250937;250937;25;PB;Paraíba;8ª REGIAO;Mato Grosso
251280;251280;25;PB;Paraíba;8ª REGIAO;Riacho dos Cavalos
251390;251390;25;PB;Paraíba;8ª REGIAO;São Bento
251465;251465;25;PB;Paraíba;8ª REGIAO;São José do Brejo do Cruz
250070;250070;25;PB;Paraíba;9ª REGIAO;São João do Rio do Peixe
250205;250205;25;PB;Paraíba;9ª REGIAO;Bernardino Batista
250220;250220;25;PB;Paraíba;9ª REGIAO;Bom Jesus
250240;250240;25;PB;Paraíba;9ª REGIAO;Bonito de Santa Fé
250330;250330;25;PB;Paraíba;9ª REGIAO;Cachoeira dos Índios
250370;250370;25;PB;Paraíba;9ª REGIAO;Cajazeiras
250410;250410;25;PB;Paraíba;9ª REGIAO;Carrapateira
250960;250960;25;PB;Paraíba;9ª REGIAO;Monte Horebe
251203;251203;25;PB;Paraíba;9ª REGIAO;Poço Dantas
251207;251207;25;PB;Paraíba;9ª REGIAO;Poço de José de Moura
251330;251330;25;PB;Paraíba;9ª REGIAO;Santa Helena
251365;251365;25;PB;Paraíba;9ª REGIAO;Joca Claudino
251450;251450;25;PB;Paraíba;9ª REGIAO;São José de Piranhas
251680;251680;25;PB;Paraíba;9ª REGIAO;Triunfo
251690;251690;25;PB;Paraíba;9ª REGIAO;Uiraúna
250077;250077;25;PB;Paraíba;10ª REGIAO;Aparecida
250840;250840;25;PB;Paraíba;10ª REGIAO;Lastro
250915;250915;25;PB;Paraíba;10ª REGIAO;Marizópolis
251000;251000;25;PB;Paraíba;10ª REGIAO;Nazarezinho
251320;251320;25;PB;Paraíba;10ª REGIAO;Santa Cruz
251398;251398;25;PB;Paraíba;10ª REGIAO;São Francisco
251420;251420;25;PB;Paraíba;10ª REGIAO;São José da Lagoa Tapada
251620;251620;25;PB;Paraíba;10ª REGIAO;Sousa
251720;251720;25;PB;Paraíba;10ª REGIAO;Vieirópolis
250010;250010;25;PB;Paraíba;11ª REGIAO;Água Branca
250670;250670;25;PB;Paraíba;11ª REGIAO;Imaculada
250800;250800;25;PB;Paraíba;11ª REGIAO;Juru
250900;250900;25;PB;Paraíba;11ª REGIAO;Manaíra
251230;251230;25;PB;Paraíba;11ª REGIAO;Princesa Isabel
251455;251455;25;PB;Paraíba;11ª REGIAO;São José de Princesa
251660;251660;25;PB;Paraíba;11ª REGIAO;Tavares
250380;250380;25;PB;Paraíba;12ª REGIAO;Caldas Brandão
250640;250640;25;PB;Paraíba;12ª REGIAO;Gurinhém
250680;250680;25;PB;Paraíba;12ª REGIAO;Ingá
250690;250690;25;PB;Paraíba;12ª REGIAO;Itabaiana
250720;250720;25;PB;Paraíba;12ª REGIAO;Itatuba
250760;250760;25;PB;Paraíba;12ª REGIAO;Juarez Távora
250790;250790;25;PB;Paraíba;12ª REGIAO;Juripiranga
250940;250940;25;PB;Paraíba;12ª REGIAO;Mogeiro
251120;251120;25;PB;Paraíba;12ª REGIAO;Pedras de Fogo
251150;251150;25;PB;Paraíba;12ª REGIAO;Pilar
251275;251275;25;PB;Paraíba;12ª REGIAO;Riachão do Bacamarte
251310;251310;25;PB;Paraíba;12ª REGIAO;Salgado de São Félix
251445;251445;25;PB;Paraíba;12ª REGIAO;São José dos Ramos
251500;251500;25;PB;Paraíba;12ª REGIAO;São Miguel de Taipu
250375;250375;25;PB;Paraíba;13ª REGIAO;Cajazeirinhas
250810;250810;25;PB;Paraíba;13ª REGIAO;Lagoa
251090;251090;25;PB;Paraíba;13ª REGIAO;Paulista
251210;251210;25;PB;Paraíba;13ª REGIAO;Pombal
251392;251392;25;PB;Paraíba;13ª REGIAO;São Bentinho
251396;251396;25;PB;Paraíba;13ª REGIAO;São Domingos
250140;250140;25;PB;Paraíba;14ª REGIAO;Baía da Traição
250403;250403;25;PB;Paraíba;14ª REGIAO;Capim
250523;250523;25;PB;Paraíba;14ª REGIAO;Cuité de Mamanguape
250527;250527;25;PB;Paraíba;14ª REGIAO;Curral de Cima
250710;250710;25;PB;Paraíba;14ª REGIAO;Itapororoca
250730;250730;25;PB;Paraíba;14ª REGIAO;Jacaraú
250890;250890;25;PB;Paraíba;14ª REGIAO;Mamanguape
250905;250905;25;PB;Paraíba;14ª REGIAO;Marcação
250930;250930;25;PB;Paraíba;14ª REGIAO;Mataraca
251272;251272;25;PB;Paraíba;14ª REGIAO;Pedro Régis
251290;251290;25;PB;Paraíba;14ª REGIAO;Rio Tinto
250053;250053;25;PB;Paraíba;15ª REGIAO;Alcantil
250130;250130;25;PB;Paraíba;15ª REGIAO;Aroeiras
250157;250157;25;PB;Paraíba;15ª REGIAO;Barra de Santana
250170;250170;25;PB;Paraíba;15ª REGIAO;Barra de São Miguel
250250;250250;25;PB;Paraíba;15ª REGIAO;Boqueirão
250310;250310;25;PB;Paraíba;15ª REGIAO;Cabaceiras
250435;250435;25;PB;Paraíba;15ª REGIAO;Caturité
250625;250625;25;PB;Paraíba;15ª REGIAO;Gado Bravo
250990;250990;25;PB;Paraíba;15ª REGIAO;Natuba
251250;251250;25;PB;Paraíba;15ª REGIAO;Queimadas
251278;251278;25;PB;Paraíba;15ª REGIAO;Riacho de Santo Antônio
251315;251315;25;PB;Paraíba;15ª REGIAO;Santa Cecília
251394;251394;25;PB;Paraíba;15ª REGIAO;São Domingos do Cariri
251700;251700;25;PB;Paraíba;15ª REGIAO;Umbuzeiro
250135;250135;25;PB;Paraíba;16ª REGIAO;Assunção
250215;250215;25;PB;Paraíba;16ª REGIAO;Boa Vista
250400;250400;25;PB;Paraíba;16ª REGIAO;Campina Grande
250610;250610;25;PB;Paraíba;16ª REGIAO;Fagundes
250770;250770;25;PB;Paraíba;16ª REGIAO;Juazeirinho
250850;250850;25;PB;Paraíba;16ª REGIAO;Livramento
250920;250920;25;PB;Paraíba;16ª REGIAO;Massaranduba
251050;251050;25;PB;Paraíba;16ª REGIAO;Olivedos
251200;251200;25;PB;Paraíba;16ª REGIAO;Pocinhos
251240;251240;25;PB;Paraíba;16ª REGIAO;Puxinanã
251385;251385;25;PB;Paraíba;16ª REGIAO;Santo André
251580;251580;25;PB;Paraíba;16ª REGIAO;Serra Redonda
251610;251610;25;PB;Paraíba;16ª REGIAO;Soledade
251650;251650;25;PB;Paraíba;16ª REGIAO;Taperoá
251675;251675;25;PB;Paraíba;16ª REGIAO;Tenório
260010;260010;26;PE;Pernambuco;AFOGADOS DA INGAZEIRA;Afogados da Ingazeira
260250;260250;26;PE;Pernambuco;AFOGADOS DA INGAZEIRA;Brejinho
260390;260390;26;PE;Pernambuco;AFOGADOS DA INGAZEIRA;Carnaíba
260690;260690;26;PE;Pernambuco;AFOGADOS DA INGAZEIRA;Iguaracy
260710;260710;26;PE;Pernambuco;AFOGADOS DA INGAZEIRA;Ingazeira
260770;260770;26;PE;Pernambuco;AFOGADOS DA INGAZEIRA;Itapetim
261153;261153;26;PE;Pernambuco;AFOGADOS DA INGAZEIRA;Quixaba
261280;261280;26;PE;Pernambuco;AFOGADOS DA INGAZEIRA;Santa Terezinha
261360;261360;26;PE;Pernambuco;AFOGADOS DA INGAZEIRA;São José do Egito
261440;261440;26;PE;Pernambuco;AFOGADOS DA INGAZEIRA;Solidão
261460;261460;26;PE;Pernambuco;AFOGADOS DA INGAZEIRA;Tabira
261590;261590;26;PE;Pernambuco;AFOGADOS DA INGAZEIRA;Tuparetama
260120;260120;26;PE;Pernambuco;ARCOVERDE;Arcoverde
260280;260280;26;PE;Pernambuco;ARCOVERDE;Buíque
260510;260510;26;PE;Pernambuco;ARCOVERDE;Custódia
260660;260660;26;PE;Pernambuco;ARCOVERDE;Ibimirim
260700;260700;26;PE;Pernambuco;ARCOVERDE;Inajá
260805;260805;26;PE;Pernambuco;ARCOVERDE;Jatobá
260915;260915;26;PE;Pernambuco;ARCOVERDE;Manari
261080;261080;26;PE;Pernambuco;ARCOVERDE;Pedra
261100;261100;26;PE;Pernambuco;ARCOVERDE;Petrolândia
261410;261410;26;PE;Pernambuco;ARCOVERDE;Sertânia
261480;261480;26;PE;Pernambuco;ARCOVERDE;Tacaratu
261580;261580;26;PE;Pernambuco;ARCOVERDE;Tupanatinga
261600;261600;26;PE;Pernambuco;ARCOVERDE;Venturosa
260030;260030;26;PE;Pernambuco;CARUARU;Agrestina
260060;260060;26;PE;Pernambuco;CARUARU;Alagoinha
260080;260080;26;PE;Pernambuco;CARUARU;Altinho
260130;260130;26;PE;Pernambuco;CARUARU;Barra de Guabiraba
260170;260170;26;PE;Pernambuco;CARUARU;Belo Jardim
260190;260190;26;PE;Pernambuco;CARUARU;Bezerros
260230;260230;26;PE;Pernambuco;CARUARU;Bonito
260260;260260;26;PE;Pernambuco;CARUARU;Brejo da Madre de Deus
260310;260310;26;PE;Pernambuco;CARUARU;Cachoeirinha
260350;260350;26;PE;Pernambuco;CARUARU;Camocim de São Félix
260410;260410;26;PE;Pernambuco;CARUARU;Caruaru
260500;260500;26;PE;Pernambuco;CARUARU;Cupira
260580;260580;26;PE;Pernambuco;CARUARU;Frei Miguelinho
260640;260640;26;PE;Pernambuco;CARUARU;Gravatá
260670;260670;26;PE;Pernambuco;CARUARU;Ibirajuba
260800;260800;26;PE;Pernambuco;CARUARU;Jataúba
260840;260840;26;PE;Pernambuco;CARUARU;Jurema
261020;261020;26;PE;Pernambuco;CARUARU;Panelas
261090;261090;26;PE;Pernambuco;CARUARU;Pesqueira
261120;261120;26;PE;Pernambuco;CARUARU;Poção
261170;261170;26;PE;Pernambuco;CARUARU;Riacho das Almas
261200;261200;26;PE;Pernambuco;CARUARU;Sairé
261240;261240;26;PE;Pernambuco;CARUARU;Sanharó
261250;261250;26;PE;Pernambuco;CARUARU;Santa Cruz do Capibaribe
261270;261270;26;PE;Pernambuco;CARUARU;Santa Maria do Cambucá
261300;261300;26;PE;Pernambuco;CARUARU;São Bento do Una
261310;261310;26;PE;Pernambuco;CARUARU;São Caitano
261330;261330;26;PE;Pernambuco;CARUARU;São Joaquim do Monte
261470;261470;26;PE;Pernambuco;CARUARU;Tacaimbó
261500;261500;26;PE;Pernambuco;CARUARU;Taquaritinga do Norte
261540;261540;26;PE;Pernambuco;CARUARU;Toritama
261620;261620;26;PE;Pernambuco;CARUARU;Vertentes
260050;260050;26;PE;Pernambuco;GARANHUNS;Águas Belas
260100;260100;26;PE;Pernambuco;GARANHUNS;Angelim
260210;260210;26;PE;Pernambuco;GARANHUNS;Bom Conselho
260240;260240;26;PE;Pernambuco;GARANHUNS;Brejão
260320;260320;26;PE;Pernambuco;GARANHUNS;Caetés
260330;260330;26;PE;Pernambuco;GARANHUNS;Calçado
260370;260370;26;PE;Pernambuco;GARANHUNS;Canhotinho
260380;260380;26;PE;Pernambuco;GARANHUNS;Capoeiras
260470;260470;26;PE;Pernambuco;GARANHUNS;Correntes
260600;260600;26;PE;Pernambuco;GARANHUNS;Garanhuns
260650;260650;26;PE;Pernambuco;GARANHUNS;Iati
260750;260750;26;PE;Pernambuco;GARANHUNS;Itaíba
260825;260825;26;PE;Pernambuco;GARANHUNS;Jucati
260830;260830;26;PE;Pernambuco;GARANHUNS;Jupi
260860;260860;26;PE;Pernambuco;GARANHUNS;Lagoa do Ouro
260880;260880;26;PE;Pernambuco;GARANHUNS;Lajedo
261010;261010;26;PE;Pernambuco;GARANHUNS;Palmeirina
261030;261030;26;PE;Pernambuco;GARANHUNS;Paranatama
261230;261230;26;PE;Pernambuco;GARANHUNS;Saloá
261320;261320;26;PE;Pernambuco;GARANHUNS;São João
261510;261510;26;PE;Pernambuco;GARANHUNS;Terezinha
260070;260070;26;PE;Pernambuco;GOIANA;Aliança
260360;260360;26;PE;Pernambuco;GOIANA;Camutanga
260460;260460;26;PE;Pernambuco;GOIANA;Condado
260550;260550;26;PE;Pernambuco;GOIANA;Ferreiros
260620;260620;26;PE;Pernambuco;GOIANA;Goiana
260765;260765;26;PE;Pernambuco;GOIANA;Itambé
260780;260780;26;PE;Pernambuco;GOIANA;Itaquitinga
260900;260900;26;PE;Pernambuco;GOIANA;Macaparana
261380;261380;26;PE;Pernambuco;GOIANA;São Vicente Férrer
261530;261530;26;PE;Pernambuco;GOIANA;Timbaúba
260220;260220;26;PE;Pernambuco;LIMOEIRO;Bom Jardim
260270;260270;26;PE;Pernambuco;LIMOEIRO;Buenos Aires
260400;260400;26;PE;Pernambuco;LIMOEIRO;Carpina
260415;260415;26;PE;Pernambuco;LIMOEIRO;Casinhas
260490;260490;26;PE;Pernambuco;LIMOEIRO;Cumaru
260540;260540;26;PE;Pernambuco;LIMOEIRO;Feira Nova
260810;260810;26;PE;Pernambuco;LIMOEIRO;João Alfredo
260845;260845;26;PE;Pernambuco;LIMOEIRO;Lagoa do Carro
260850;260850;26;PE;Pernambuco;LIMOEIRO;Lagoa de Itaenga
260890;260890;26;PE;Pernambuco;LIMOEIRO;Limoeiro
260910;260910;26;PE;Pernambuco;LIMOEIRO;Machados
260950;260950;26;PE;Pernambuco;LIMOEIRO;Nazaré da Mata
260970;260970;26;PE;Pernambuco;LIMOEIRO;Orobó
261050;261050;26;PE;Pernambuco;LIMOEIRO;Passira
261060;261060;26;PE;Pernambuco;LIMOEIRO;Paudalho
261210;261210;26;PE;Pernambuco;LIMOEIRO;Salgadinho
261450;261450;26;PE;Pernambuco;LIMOEIRO;Surubim
261550;261550;26;PE;Pernambuco;LIMOEIRO;Tracunhaém
261618;261618;26;PE;Pernambuco;LIMOEIRO;Vertente do Lério
261630;261630;26;PE;Pernambuco;LIMOEIRO;Vicência
260110;260110;26;PE;Pernambuco;OURICURI;Araripina
260200;260200;26;PE;Pernambuco;OURICURI;Bodocó
260530;260530;26;PE;Pernambuco;OURICURI;Exu
260630;260630;26;PE;Pernambuco;OURICURI;Granito
260730;260730;26;PE;Pernambuco;OURICURI;Ipubi
260990;260990;26;PE;Pernambuco;OURICURI;Ouricuri
261040;261040;26;PE;Pernambuco;OURICURI;Parnamirim
261245;261245;26;PE;Pernambuco;OURICURI;Santa Cruz
261255;261255;26;PE;Pernambuco;OURICURI;Santa Filomena
261430;261430;26;PE;Pernambuco;OURICURI;Moreilândia
261560;261560;26;PE;Pernambuco;OURICURI;Trindade
260040;260040;26;PE;Pernambuco;PALMARES;Água Preta
260090;260090;26;PE;Pernambuco;PALMARES;Amaraji
260140;260140;26;PE;Pernambuco;PALMARES;Barreiros
260150;260150;26;PE;Pernambuco;PALMARES;Belém de Maria
260420;260420;26;PE;Pernambuco;PALMARES;Catende
260480;260480;26;PE;Pernambuco;PALMARES;Cortês
260520;260520;26;PE;Pernambuco;PALMARES;Escada
260590;260590;26;PE;Pernambuco;PALMARES;Gameleira
260795;260795;26;PE;Pernambuco;PALMARES;Jaqueira
260820;260820;26;PE;Pernambuco;PALMARES;Joaquim Nabuco
260870;260870;26;PE;Pernambuco;PALMARES;Lagoa dos Gatos
260920;260920;26;PE;Pernambuco;PALMARES;Maraial
261000;261000;26;PE;Pernambuco;PALMARES;Palmares
261140;261140;26;PE;Pernambuco;PALMARES;Primavera
261150;261150;26;PE;Pernambuco;PALMARES;Quipapá
261180;261180;26;PE;Pernambuco;PALMARES;Ribeirão
261190;261190;26;PE;Pernambuco;PALMARES;Rio Formoso
261290;261290;26;PE;Pernambuco;PALMARES;São Benedito do Sul
261340;261340;26;PE;Pernambuco;PALMARES;São José da Coroa Grande
261420;261420;26;PE;Pernambuco;PALMARES;Sirinhaém
261485;261485;26;PE;Pernambuco;PALMARES;Tamandaré
261650;261650;26;PE;Pernambuco;PALMARES;Xexéu
260020;260020;26;PE;Pernambuco;PETROLINA;Afrânio
260300;260300;26;PE;Pernambuco;PETROLINA;Cabrobó
260515;260515;26;PE;Pernambuco;PETROLINA;Dormentes
260875;260875;26;PE;Pernambuco;PETROLINA;Lagoa Grande
260980;260980;26;PE;Pernambuco;PETROLINA;Orocó
261110;261110;26;PE;Pernambuco;PETROLINA;Petrolina
261260;261260;26;PE;Pernambuco;PETROLINA;Santa Maria da Boa Vista
260005;260005;26;PE;Pernambuco;RECIFE;Abreu e Lima
260105;260105;26;PE;Pernambuco;RECIFE;Araçoiaba
260290;260290;26;PE;Pernambuco;RECIFE;Cabo de Santo Agostinho
260345;260345;26;PE;Pernambuco;RECIFE;Camaragibe
260440;260440;26;PE;Pernambuco;RECIFE;Chã de Alegria
260450;260450;26;PE;Pernambuco;RECIFE;Chã Grande
260545;260545;26;PE;Pernambuco;RECIFE;Fernando de Noronha
260610;260610;26;PE;Pernambuco;RECIFE;Glória do Goitá
260680;260680;26;PE;Pernambuco;RECIFE;Igarassu
260720;260720;26;PE;Pernambuco;RECIFE;Ipojuca
260760;260760;26;PE;Pernambuco;RECIFE;Ilha de Itamaracá
260775;260775;26;PE;Pernambuco;RECIFE;Itapissuma
260790;260790;26;PE;Pernambuco;RECIFE;Jaboatão dos Guararapes
260940;260940;26;PE;Pernambuco;RECIFE;Moreno
260960;260960;26;PE;Pernambuco;RECIFE;Olinda
261070;261070;26;PE;Pernambuco;RECIFE;Paulista
261130;261130;26;PE;Pernambuco;RECIFE;Pombos
261160;261160;26;PE;Pernambuco;RECIFE;Recife
261370;261370;26;PE;Pernambuco;RECIFE;São Lourenço da Mata
261640;261640;26;PE;Pernambuco;RECIFE;Vitória de Santo Antão
260160;260160;26;PE;Pernambuco;SALGUEIRO;Belém do São Francisco
260430;260430;26;PE;Pernambuco;SALGUEIRO;Cedro
260930;260930;26;PE;Pernambuco;SALGUEIRO;Mirandiba
261220;261220;26;PE;Pernambuco;SALGUEIRO;Salgueiro
261400;261400;26;PE;Pernambuco;SALGUEIRO;Serrita
261520;261520;26;PE;Pernambuco;SALGUEIRO;Terra Nova
261610;261610;26;PE;Pernambuco;SALGUEIRO;Verdejante
260180;260180;26;PE;Pernambuco;SERRA TALHADA;Betânia
260340;260340;26;PE;Pernambuco;SERRA TALHADA;Calumbi
260392;260392;26;PE;Pernambuco;SERRA TALHADA;Carnaubeira da Penha
260560;260560;26;PE;Pernambuco;SERRA TALHADA;Flores
260570;260570;26;PE;Pernambuco;SERRA TALHADA;Floresta
260740;260740;26;PE;Pernambuco;SERRA TALHADA;Itacuruba
261247;261247;26;PE;Pernambuco;SERRA TALHADA;Santa Cruz da Baixa Verde
261350;261350;26;PE;Pernambuco;SERRA TALHADA;São José do Belmonte
261390;261390;26;PE;Pernambuco;SERRA TALHADA;Serra Talhada
261570;261570;26;PE;Pernambuco;SERRA TALHADA;Triunfo
270050;270050;27;AL;Alagoas;1ª REGIAO DE SAUDE;Barra de Santo Antônio
270060;270060;27;AL;Alagoas;1ª REGIAO DE SAUDE;Barra de São Miguel
270220;270220;27;AL;Alagoas;1ª REGIAO DE SAUDE;Coqueiro Seco
270280;270280;27;AL;Alagoas;1ª REGIAO DE SAUDE;Flexeiras
270430;270430;27;AL;Alagoas;1ª REGIAO DE SAUDE;Maceió
270470;270470;27;AL;Alagoas;1ª REGIAO DE SAUDE;Marechal Deodoro
270520;270520;27;AL;Alagoas;1ª REGIAO DE SAUDE;Messias
270644;270644;27;AL;Alagoas;1ª REGIAO DE SAUDE;Paripueira
270690;270690;27;AL;Alagoas;1ª REGIAO DE SAUDE;Pilar
270770;270770;27;AL;Alagoas;1ª REGIAO DE SAUDE;Rio Largo
270790;270790;27;AL;Alagoas;1ª REGIAO DE SAUDE;Santa Luzia do Norte
270890;270890;27;AL;Alagoas;1ª REGIAO DE SAUDE;Satuba
270350;270350;27;AL;Alagoas;2ª REGIAO DE SAUDE;Jacuípe
270360;270360;27;AL;Alagoas;2ª REGIAO DE SAUDE;Japaratinga
270450;270450;27;AL;Alagoas;2ª REGIAO DE SAUDE;Maragogi
270510;270510;27;AL;Alagoas;2ª REGIAO DE SAUDE;Matriz de Camaragibe
270650;270650;27;AL;Alagoas;2ª REGIAO DE SAUDE;Passo de Camaragibe
270730;270730;27;AL;Alagoas;2ª REGIAO DE SAUDE;Porto Calvo
270740;270740;27;AL;Alagoas;2ª REGIAO DE SAUDE;Porto de Pedras
270850;270850;27;AL;Alagoas;2ª REGIAO DE SAUDE;São Luís do Quitunde
270870;270870;27;AL;Alagoas;2ª REGIAO DE SAUDE;São Miguel dos Milagres
270110;270110;27;AL;Alagoas;3ª REGIAO DE SAUDE;Branquinha
270135;270135;27;AL;Alagoas;3ª REGIAO DE SAUDE;Campestre
270210;270210;27;AL;Alagoas;3ª REGIAO DE SAUDE;Colônia Leopoldina
270300;270300;27;AL;Alagoas;3ª REGIAO DE SAUDE;Ibateguara
270380;270380;27;AL;Alagoas;3ª REGIAO DE SAUDE;Joaquim Gomes
270390;270390;27;AL;Alagoas;3ª REGIAO DE SAUDE;Jundiá
270550;270550;27;AL;Alagoas;3ª REGIAO DE SAUDE;Murici
270560;270560;27;AL;Alagoas;3ª REGIAO DE SAUDE;Novo Lino
270810;270810;27;AL;Alagoas;3ª REGIAO DE SAUDE;Santana do Mundaú
270830;270830;27;AL;Alagoas;3ª REGIAO DE SAUDE;São José da Laje
270930;270930;27;AL;Alagoas;3ª REGIAO DE SAUDE;União dos Palmares
270040;270040;27;AL;Alagoas;4ª REGIAO DE SAUDE;Atalaia
270130;270130;27;AL;Alagoas;4ª REGIAO DE SAUDE;Cajueiro
270170;270170;27;AL;Alagoas;4ª REGIAO DE SAUDE;Capela
270190;270190;27;AL;Alagoas;4ª REGIAO DE SAUDE;Chã Preta
270490;270490;27;AL;Alagoas;4ª REGIAO DE SAUDE;Mar Vermelho
270660;270660;27;AL;Alagoas;4ª REGIAO DE SAUDE;Paulo Jacinto
270700;270700;27;AL;Alagoas;4ª REGIAO DE SAUDE;Pindoba
270760;270760;27;AL;Alagoas;4ª REGIAO DE SAUDE;Quebrangulo
270940;270940;27;AL;Alagoas;4ª REGIAO DE SAUDE;Viçosa
270020;270020;27;AL;Alagoas;5ª REGIAO DE SAUDE;Anadia
270100;270100;27;AL;Alagoas;5ª REGIAO DE SAUDE;Boca da Mata
270140;270140;27;AL;Alagoas;5ª REGIAO DE SAUDE;Campo Alegre
270400;270400;27;AL;Alagoas;5ª REGIAO DE SAUDE;Junqueiro
270780;270780;27;AL;Alagoas;5ª REGIAO DE SAUDE;Roteiro
270860;270860;27;AL;Alagoas;5ª REGIAO DE SAUDE;São Miguel dos Campos
270915;270915;27;AL;Alagoas;5ª REGIAO DE SAUDE;Teotônio Vilela
270230;270230;27;AL;Alagoas;6ª REGIAO DE SAUDE;Coruripe
270270;270270;27;AL;Alagoas;6ª REGIAO DE SAUDE;Feliz Deserto
270320;270320;27;AL;Alagoas;6ª REGIAO DE SAUDE;Igreja Nova
270375;270375;27;AL;Alagoas;6ª REGIAO DE SAUDE;Jequiá da Praia
270670;270670;27;AL;Alagoas;6ª REGIAO DE SAUDE;Penedo
270680;270680;27;AL;Alagoas;6ª REGIAO DE SAUDE;Piaçabuçu
270750;270750;27;AL;Alagoas;6ª REGIAO DE SAUDE;Porto Real do Colégio
270820;270820;27;AL;Alagoas;6ª REGIAO DE SAUDE;São Brás
270030;270030;27;AL;Alagoas;7ª REGIAO DE SAUDE;Arapiraca
270070;270070;27;AL;Alagoas;7ª REGIAO DE SAUDE;Batalha
270090;270090;27;AL;Alagoas;7ª REGIAO DE SAUDE;Belo Monte
270150;270150;27;AL;Alagoas;7ª REGIAO DE SAUDE;Campo Grande
270200;270200;27;AL;Alagoas;7ª REGIAO DE SAUDE;Coité do Nóia
270235;270235;27;AL;Alagoas;7ª REGIAO DE SAUDE;Craíbas
270260;270260;27;AL;Alagoas;7ª REGIAO DE SAUDE;Feira Grande
270290;270290;27;AL;Alagoas;7ª REGIAO DE SAUDE;Girau do Ponciano
270340;270340;27;AL;Alagoas;7ª REGIAO DE SAUDE;Jacaré dos Homens
270370;270370;27;AL;Alagoas;7ª REGIAO DE SAUDE;Jaramataia
270410;270410;27;AL;Alagoas;7ª REGIAO DE SAUDE;Lagoa da Canoa
270420;270420;27;AL;Alagoas;7ª REGIAO DE SAUDE;Limoeiro de Anadia
270440;270440;27;AL;Alagoas;7ª REGIAO DE SAUDE;Major Isidoro
270590;270590;27;AL;Alagoas;7ª REGIAO DE SAUDE;Olho d'Água Grande
270880;270880;27;AL;Alagoas;7ª REGIAO DE SAUDE;São Sebastião
270910;270910;27;AL;Alagoas;7ª REGIAO DE SAUDE;Taquarana
270920;270920;27;AL;Alagoas;7ª REGIAO DE SAUDE;Traipu
270080;270080;27;AL;Alagoas;8ª REGIAO DE SAUDE;Belém
270120;270120;27;AL;Alagoas;8ª REGIAO DE SAUDE;Cacimbinhas
270255;270255;27;AL;Alagoas;8ª REGIAO DE SAUDE;Estrela de Alagoas
270310;270310;27;AL;Alagoas;8ª REGIAO DE SAUDE;Igaci
270480;270480;27;AL;Alagoas;8ª REGIAO DE SAUDE;Maribondo
270530;270530;27;AL;Alagoas;8ª REGIAO DE SAUDE;Minador do Negrão
270630;270630;27;AL;Alagoas;8ª REGIAO DE SAUDE;Palmeira dos Índios
270900;270900;27;AL;Alagoas;8ª REGIAO DE SAUDE;Tanque d'Arca
270160;270160;27;AL;Alagoas;9ª REGIAO DE SAUDE;Canapi
270180;270180;27;AL;Alagoas;9ª REGIAO DE SAUDE;Carneiros
270250;270250;27;AL;Alagoas;9ª REGIAO DE SAUDE;Dois Riachos
270460;270460;27;AL;Alagoas;9ª REGIAO DE SAUDE;Maravilha
270540;270540;27;AL;Alagoas;9ª REGIAO DE SAUDE;Monteirópolis
270570;270570;27;AL;Alagoas;9ª REGIAO DE SAUDE;Olho d'Água das Flores
270600;270600;27;AL;Alagoas;9ª REGIAO DE SAUDE;Olivença
270610;270610;27;AL;Alagoas;9ª REGIAO DE SAUDE;Ouro Branco
270620;270620;27;AL;Alagoas;9ª REGIAO DE SAUDE;Palestina
270640;270640;27;AL;Alagoas;9ª REGIAO DE SAUDE;Pão de Açúcar
270720;270720;27;AL;Alagoas;9ª REGIAO DE SAUDE;Poço das Trincheiras
270800;270800;27;AL;Alagoas;9ª REGIAO DE SAUDE;Santana do Ipanema
270840;270840;27;AL;Alagoas;9ª REGIAO DE SAUDE;São José da Tapera
270895;270895;27;AL;Alagoas;9ª REGIAO DE SAUDE;Senador Rui Palmeira
270010;270010;27;AL;Alagoas;10ª REGIAO DE SAUDE;Água Branca
270240;270240;27;AL;Alagoas;10ª REGIAO DE SAUDE;Delmiro Gouveia
270330;270330;27;AL;Alagoas;10ª REGIAO DE SAUDE;Inhapi
270500;270500;27;AL;Alagoas;10ª REGIAO DE SAUDE;Mata Grande
270580;270580;27;AL;Alagoas;10ª REGIAO DE SAUDE;Olho d'Água do Casado
270642;270642;27;AL;Alagoas;10ª REGIAO DE SAUDE;Pariconha
270710;270710;27;AL;Alagoas;10ª REGIAO DE SAUDE;Piranhas
280030;280030;28;SE;Sergipe;ARACAJU;Aracaju
280060;280060;28;SE;Sergipe;ARACAJU;Barra dos Coqueiros
280200;280200;28;SE;Sergipe;ARACAJU;Divina Pastora
280320;280320;28;SE;Sergipe;ARACAJU;Itaporanga d'Ajuda
280360;280360;28;SE;Sergipe;ARACAJU;Laranjeiras
280590;280590;28;SE;Sergipe;ARACAJU;Riachuelo
280650;280650;28;SE;Sergipe;ARACAJU;Santa Rosa de Lima
280670;280670;28;SE;Sergipe;ARACAJU;São Cristóvão
280040;280040;28;SE;Sergipe;ESTANCIA;Arauá
280067;280067;28;SE;Sergipe;ESTANCIA;Boquim
280170;280170;28;SE;Sergipe;ESTANCIA;Cristinápolis
280210;280210;28;SE;Sergipe;ESTANCIA;Estância
280280;280280;28;SE;Sergipe;ESTANCIA;Indiaroba
280300;280300;28;SE;Sergipe;ESTANCIA;Itabaianinha
280510;280510;28;SE;Sergipe;ESTANCIA;Pedrinhas
280630;280630;28;SE;Sergipe;ESTANCIA;Santa Luzia do Itanhy
280750;280750;28;SE;Sergipe;ESTANCIA;Tomar do Geru
280760;280760;28;SE;Sergipe;ESTANCIA;Umbaúba
280050;280050;28;SE;Sergipe;ITABAIANA;Areia Branca
280100;280100;28;SE;Sergipe;ITABAIANA;Campo do Brito
280140;280140;28;SE;Sergipe;ITABAIANA;Carira
280230;280230;28;SE;Sergipe;ITABAIANA;Frei Paulo
280290;280290;28;SE;Sergipe;ITABAIANA;Itabaiana
280370;280370;28;SE;Sergipe;ITABAIANA;Macambira
280390;280390;28;SE;Sergipe;ITABAIANA;Malhador
280410;280410;28;SE;Sergipe;ITABAIANA;Moita Bonita
280445;280445;28;SE;Sergipe;ITABAIANA;Nossa Senhora Aparecida
280500;280500;28;SE;Sergipe;ITABAIANA;Pedra Mole
280520;280520;28;SE;Sergipe;ITABAIANA;Pinhão
280600;280600;28;SE;Sergipe;ITABAIANA;Ribeirópolis
280680;280680;28;SE;Sergipe;ITABAIANA;São Domingos
280700;280700;28;SE;Sergipe;ITABAIANA;São Miguel do Aleixo
280350;280350;28;SE;Sergipe;LAGARTO;Lagarto
280550;280550;28;SE;Sergipe;LAGARTO;Poço Verde
280580;280580;28;SE;Sergipe;LAGARTO;Riachão do Dantas
280620;280620;28;SE;Sergipe;LAGARTO;Salgado
280710;280710;28;SE;Sergipe;LAGARTO;Simão Dias
280740;280740;28;SE;Sergipe;LAGARTO;Tobias Barreto
280120;280120;28;SE;Sergipe;NOSSA SENHORA DA GLORIA;Canindé de São Francisco
280220;280220;28;SE;Sergipe;NOSSA SENHORA DA GLORIA;Feira Nova
280240;280240;28;SE;Sergipe;NOSSA SENHORA DA GLORIA;Gararu
280260;280260;28;SE;Sergipe;NOSSA SENHORA DA GLORIA;Gracho Cardoso
280310;280310;28;SE;Sergipe;NOSSA SENHORA DA GLORIA;Itabi
280420;280420;28;SE;Sergipe;NOSSA SENHORA DA GLORIA;Monte Alegre de Sergipe
280450;280450;28;SE;Sergipe;NOSSA SENHORA DA GLORIA;Nossa Senhora da Glória
280540;280540;28;SE;Sergipe;NOSSA SENHORA DA GLORIA;Poço Redondo
280560;280560;28;SE;Sergipe;NOSSA SENHORA DA GLORIA;Porto da Folha
280130;280130;28;SE;Sergipe;NOSSA SENHORA DO SOCORRO;Capela
280150;280150;28;SE;Sergipe;NOSSA SENHORA DO SOCORRO;Carmópolis
280190;280190;28;SE;Sergipe;NOSSA SENHORA DO SOCORRO;Cumbe
280250;280250;28;SE;Sergipe;NOSSA SENHORA DO SOCORRO;General Maynard
280330;280330;28;SE;Sergipe;NOSSA SENHORA DO SOCORRO;Japaratuba
280400;280400;28;SE;Sergipe;NOSSA SENHORA DO SOCORRO;Maruim
280460;280460;28;SE;Sergipe;NOSSA SENHORA DO SOCORRO;Nossa Senhora das Dores
280480;280480;28;SE;Sergipe;NOSSA SENHORA DO SOCORRO;Nossa Senhora do Socorro
280530;280530;28;SE;Sergipe;NOSSA SENHORA DO SOCORRO;Pirambu
280610;280610;28;SE;Sergipe;NOSSA SENHORA DO SOCORRO;Rosário do Catete
280660;280660;28;SE;Sergipe;NOSSA SENHORA DO SOCORRO;Santo Amaro das Brotas
280720;280720;28;SE;Sergipe;NOSSA SENHORA DO SOCORRO;Siriri
280010;280010;28;SE;Sergipe;PROPRIA;Amparo do São Francisco
280020;280020;28;SE;Sergipe;PROPRIA;Aquidabã
280070;280070;28;SE;Sergipe;PROPRIA;Brejo Grande
280110;280110;28;SE;Sergipe;PROPRIA;Canhoba
280160;280160;28;SE;Sergipe;PROPRIA;Cedro de São João
280270;280270;28;SE;Sergipe;PROPRIA;Ilha das Flores
280340;280340;28;SE;Sergipe;PROPRIA;Japoatã
280380;280380;28;SE;Sergipe;PROPRIA;Malhada dos Bois
280430;280430;28;SE;Sergipe;PROPRIA;Muribeca
280440;280440;28;SE;Sergipe;PROPRIA;Neópolis
280470;280470;28;SE;Sergipe;PROPRIA;Nossa Senhora de Lourdes
280490;280490;28;SE;Sergipe;PROPRIA;Pacatuba
280570;280570;28;SE;Sergipe;PROPRIA;Propriá
280640;280640;28;SE;Sergipe;PROPRIA;Santana do São Francisco
280690;280690;28;SE;Sergipe;PROPRIA;São Francisco
280730;280730;28;SE;Sergipe;PROPRIA;Telha
290030;290030;29;BA;Bahia;ALAGOINHAS;Acajutiba
290070;290070;29;BA;Bahia;ALAGOINHAS;Alagoinhas
290190;290190;29;BA;Bahia;ALAGOINHAS;Aporá
290205;290205;29;BA;Bahia;ALAGOINHAS;Araçás
290220;290220;29;BA;Bahia;ALAGOINHAS;Aramari
290700;290700;29;BA;Bahia;ALAGOINHAS;Cardeal da Silva
290750;290750;29;BA;Bahia;ALAGOINHAS;Catu
290960;290960;29;BA;Bahia;ALAGOINHAS;Crisópolis
291050;291050;29;BA;Bahia;ALAGOINHAS;Entre Rios
291060;291060;29;BA;Bahia;ALAGOINHAS;Esplanada
291370;291370;29;BA;Bahia;ALAGOINHAS;Inhambupe
291590;291590;29;BA;Bahia;ALAGOINHAS;Itanagra
291650;291650;29;BA;Bahia;ALAGOINHAS;Itapicuru
291790;291790;29;BA;Bahia;ALAGOINHAS;Jandaíra
292330;292330;29;BA;Bahia;ALAGOINHAS;Ouriçangas
292410;292410;29;BA;Bahia;ALAGOINHAS;Pedrão
292700;292700;29;BA;Bahia;ALAGOINHAS;Rio Real
292970;292970;29;BA;Bahia;ALAGOINHAS;Sátiro Dias
290140;290140;29;BA;Bahia;BARREIRAS;Angical
290250;290250;29;BA;Bahia;BARREIRAS;Baianópolis
290320;290320;29;BA;Bahia;BARREIRAS;Barreiras
290440;290440;29;BA;Bahia;BARREIRAS;Brejolândia
290740;290740;29;BA;Bahia;BARREIRAS;Catolândia
290940;290940;29;BA;Bahia;BARREIRAS;Cotegipe
290970;290970;29;BA;Bahia;BARREIRAS;Cristópolis
291110;291110;29;BA;Bahia;BARREIRAS;Formosa do Rio Preto
291955;291955;29;BA;Bahia;BARREIRAS;Luís Eduardo Magalhães
292045;292045;29;BA;Bahia;BARREIRAS;Mansidão
292620;292620;29;BA;Bahia;BARREIRAS;Riachão das Neves
292840;292840;29;BA;Bahia;BARREIRAS;Santa Rita de Cássia
292890;292890;29;BA;Bahia;BARREIRAS;São Desidério
293090;293090;29;BA;Bahia;BARREIRAS;Tabocas do Brejo Velho
293345;293345;29;BA;Bahia;BARREIRAS;Wanderley
290050;290050;29;BA;Bahia;BRUMADO;Érico Cardoso
290200;290200;29;BA;Bahia;BRUMADO;Aracatu
290280;290280;29;BA;Bahia;BRUMADO;Barra da Estiva
290410;290410;29;BA;Bahia;BRUMADO;Boquira
290460;290460;29;BA;Bahia;BRUMADO;Brumado
290755;290755;29;BA;Bahia;BRUMADO;Caturama
290880;290880;29;BA;Bahia;BRUMADO;Contendas do Sincorá
291010;291010;29;BA;Bahia;BRUMADO;Dom Basílio
291165;291165;29;BA;Bahia;BRUMADO;Guajeru
291220;291220;29;BA;Bahia;BRUMADO;Ibicoara
291250;291250;29;BA;Bahia;BRUMADO;Ibipitanga
291720;291720;29;BA;Bahia;BRUMADO;Ituaçu
291860;291860;29;BA;Bahia;BRUMADO;Jussiape
291950;291950;29;BA;Bahia;BRUMADO;Livramento de Nossa Senhora
291980;291980;29;BA;Bahia;BRUMADO;Macaúbas
292030;292030;29;BA;Bahia;BRUMADO;Malhada de Pedras
292360;292360;29;BA;Bahia;BRUMADO;Paramirim
292670;292670;29;BA;Bahia;BRUMADO;Rio de Contas
292690;292690;29;BA;Bahia;BRUMADO;Rio do Pires
293100;293100;29;BA;Bahia;BRUMADO;Tanhaçu
290570;290570;29;BA;Bahia;CAMACARI;Camaçari
290860;290860;29;BA;Bahia;CAMACARI;Conde
291005;291005;29;BA;Bahia;CAMACARI;Dias d'Ávila
292100;292100;29;BA;Bahia;CAMACARI;Mata de São João
292520;292520;29;BA;Bahia;CAMACARI;Pojuca
293070;293070;29;BA;Bahia;CAMACARI;Simões Filho
290485;290485;29;BA;Bahia;CRUZ DAS ALMAS;Cabaceiras do Paraguaçu
290490;290490;29;BA;Bahia;CRUZ DAS ALMAS;Cachoeira
290820;290820;29;BA;Bahia;CRUZ DAS ALMAS;Conceição da Feira
290980;290980;29;BA;Bahia;CRUZ DAS ALMAS;Cruz das Almas
291160;291160;29;BA;Bahia;CRUZ DAS ALMAS;Governador Mangabeira
292060;292060;29;BA;Bahia;CRUZ DAS ALMAS;Maragogipe
292230;292230;29;BA;Bahia;CRUZ DAS ALMAS;Muritiba
292900;292900;29;BA;Bahia;CRUZ DAS ALMAS;São Félix
292960;292960;29;BA;Bahia;CRUZ DAS ALMAS;Sapeaçu
290110;290110;29;BA;Bahia;FEIRA DE SANTANA;Amélia Rodrigues
290150;290150;29;BA;Bahia;FEIRA DE SANTANA;Anguera
290170;290170;29;BA;Bahia;FEIRA DE SANTANA;Antônio Cardoso
290260;290260;29;BA;Bahia;FEIRA DE SANTANA;Baixa Grande
290640;290640;29;BA;Bahia;FEIRA DE SANTANA;Candeal
290685;290685;29;BA;Bahia;FEIRA DE SANTANA;Capela do Alto Alegre
290850;290850;29;BA;Bahia;FEIRA DE SANTANA;Conceição do Jacuípe
290890;290890;29;BA;Bahia;FEIRA DE SANTANA;Coração de Maria
291080;291080;29;BA;Bahia;FEIRA DE SANTANA;Feira de Santana
291125;291125;29;BA;Bahia;FEIRA DE SANTANA;Gavião
291330;291330;29;BA;Bahia;FEIRA DE SANTANA;Ichu
291380;291380;29;BA;Bahia;FEIRA DE SANTANA;Ipecaetá
291400;291400;29;BA;Bahia;FEIRA DE SANTANA;Ipirá
291450;291450;29;BA;Bahia;FEIRA DE SANTANA;Irará
292210;292210;29;BA;Bahia;FEIRA DE SANTANA;Mundo Novo
292273;292273;29;BA;Bahia;FEIRA DE SANTANA;Nova Fátima
292405;292405;29;BA;Bahia;FEIRA DE SANTANA;Pé de Serra
292465;292465;29;BA;Bahia;FEIRA DE SANTANA;Pintadas
292595;292595;29;BA;Bahia;FEIRA DE SANTANA;Rafael Jambeiro
292630;292630;29;BA;Bahia;FEIRA DE SANTANA;Riachão do Jacuípe
292750;292750;29;BA;Bahia;FEIRA DE SANTANA;Santa Bárbara
292830;292830;29;BA;Bahia;FEIRA DE SANTANA;Santanópolis
292880;292880;29;BA;Bahia;FEIRA DE SANTANA;Santo Estêvão
292930;292930;29;BA;Bahia;FEIRA DE SANTANA;São Gonçalo dos Campos
293040;293040;29;BA;Bahia;FEIRA DE SANTANA;Serra Preta
293110;293110;29;BA;Bahia;FEIRA DE SANTANA;Tanquinho
293140;293140;29;BA;Bahia;FEIRA DE SANTANA;Teodoro Sampaio
293170;293170;29;BA;Bahia;FEIRA DE SANTANA;Terra Nova
290420;290420;29;BA;Bahia;GUANAMBI;Botuporã
290500;290500;29;BA;Bahia;GUANAMBI;Caculé
290520;290520;29;BA;Bahia;GUANAMBI;Caetité
290660;290660;29;BA;Bahia;GUANAMBI;Candiba
290710;290710;29;BA;Bahia;GUANAMBI;Carinhanha
291077;291077;29;BA;Bahia;GUANAMBI;Feira da Mata
291170;291170;29;BA;Bahia;GUANAMBI;Guanambi
291200;291200;29;BA;Bahia;GUANAMBI;Ibiassucê
291340;291340;29;BA;Bahia;GUANAMBI;Igaporã
291733;291733;29;BA;Bahia;GUANAMBI;Iuiu
291740;291740;29;BA;Bahia;GUANAMBI;Jacaraci
291875;291875;29;BA;Bahia;GUANAMBI;Lagoa Real
291940;291940;29;BA;Bahia;GUANAMBI;Licínio de Almeida
292020;292020;29;BA;Bahia;GUANAMBI;Malhada
292105;292105;29;BA;Bahia;GUANAMBI;Matina
292180;292180;29;BA;Bahia;GUANAMBI;Mortugaba
292340;292340;29;BA;Bahia;GUANAMBI;Palmas de Monte Alto
292450;292450;29;BA;Bahia;GUANAMBI;Pindaí
292640;292640;29;BA;Bahia;GUANAMBI;Riacho de Santana
292680;292680;29;BA;Bahia;GUANAMBI;Rio do Antônio
293000;293000;29;BA;Bahia;GUANAMBI;Sebastião Laranjeiras
293105;293105;29;BA;Bahia;GUANAMBI;Tanque Novo
293260;293260;29;BA;Bahia;GUANAMBI;Urandi
290270;290270;29;BA;Bahia;IBOTIRAMA;Barra
290450;290450;29;BA;Bahia;IBOTIRAMA;Brotas de Macaúbas
290475;290475;29;BA;Bahia;IBOTIRAMA;Buritirama
291320;291320;29;BA;Bahia;IBOTIRAMA;Ibotirama
291410;291410;29;BA;Bahia;IBOTIRAMA;Ipupiara
292160;292160;29;BA;Bahia;IBOTIRAMA;Morpará
292225;292225;29;BA;Bahia;IBOTIRAMA;Muquém do São Francisco
292320;292320;29;BA;Bahia;IBOTIRAMA;Oliveira dos Brejinhos
292370;292370;29;BA;Bahia;IBOTIRAMA;Paratinga
290225;290225;29;BA;Bahia;ILHEUS;Arataca
290630;290630;29;BA;Bahia;ILHEUS;Canavieiras
291360;291360;29;BA;Bahia;ILHEUS;Ilhéus
291490;291490;29;BA;Bahia;ILHEUS;Itacaré
292090;292090;29;BA;Bahia;ILHEUS;Mascote
292805;292805;29;BA;Bahia;ILHEUS;Santa Luzia
293250;293250;29;BA;Bahia;ILHEUS;Una
293270;293270;29;BA;Bahia;ILHEUS;Uruçuca
290115;290115;29;BA;Bahia;IRECE;América Dourada
290300;290300;29;BA;Bahia;IRECE;Barra do Mendes
290323;290323;29;BA;Bahia;IRECE;Barro Alto
290530;290530;29;BA;Bahia;IRECE;Cafarnaum
290620;290620;29;BA;Bahia;IRECE;Canarana
290760;290760;29;BA;Bahia;IRECE;Central
291130;291130;29;BA;Bahia;IRECE;Gentio do Ouro
291240;291240;29;BA;Bahia;IRECE;Ibipeba
291310;291310;29;BA;Bahia;IRECE;Ibititá
291460;291460;29;BA;Bahia;IRECE;Irecê
291535;291535;29;BA;Bahia;IRECE;Itaguaçu da Bahia
291835;291835;29;BA;Bahia;IRECE;João Dourado
291850;291850;29;BA;Bahia;IRECE;Jussara
291915;291915;29;BA;Bahia;IRECE;Lapão
292205;292205;29;BA;Bahia;IRECE;Mulungu do Morro
292560;292560;29;BA;Bahia;IRECE;Presidente Dutra
292925;292925;29;BA;Bahia;IRECE;São Gabriel
293240;293240;29;BA;Bahia;IRECE;Uibaí
293360;293360;29;BA;Bahia;IRECE;Xique-Xique
290130;290130;29;BA;Bahia;ITABERABA;Andaraí
290380;290380;29;BA;Bahia;ITABERABA;Boa Vista do Tupim
290405;290405;29;BA;Bahia;ITABERABA;Bonito
291190;291190;29;BA;Bahia;ITABERABA;Iaçu
291260;291260;29;BA;Bahia;ITABERABA;Ibiquera
291470;291470;29;BA;Bahia;ITABERABA;Itaberaba
291500;291500;29;BA;Bahia;ITABERABA;Itaeté
291900;291900;29;BA;Bahia;ITABERABA;Lajedinho
291960;291960;29;BA;Bahia;ITABERABA;Macajuba
292080;292080;29;BA;Bahia;ITABERABA;Marcionílio Souza
292285;292285;29;BA;Bahia;ITABERABA;Nova Redenção
292720;292720;29;BA;Bahia;ITABERABA;Ruy Barbosa
293280;293280;29;BA;Bahia;ITABERABA;Utinga
293340;293340;29;BA;Bahia;ITABERABA;Wagner
290090;290090;29;BA;Bahia;ITABUNA;Almadina
290240;290240;29;BA;Bahia;ITABUNA;Aurelino Leal
290330;290330;29;BA;Bahia;ITABUNA;Barro Preto
290470;290470;29;BA;Bahia;ITABUNA;Buerarema
290560;290560;29;BA;Bahia;ITABUNA;Camacan
290800;290800;29;BA;Bahia;ITABUNA;Coaraci
291100;291100;29;BA;Bahia;ITABUNA;Floresta Azul
291150;291150;29;BA;Bahia;ITABUNA;Gongogi
291210;291210;29;BA;Bahia;ITABUNA;Ibicaraí
291270;291270;29;BA;Bahia;ITABUNA;Ibirapitanga
291480;291480;29;BA;Bahia;ITABUNA;Itabuna
291540;291540;29;BA;Bahia;ITABUNA;Itaju do Colônia
291550;291550;29;BA;Bahia;ITABUNA;Itajuípe
291620;291620;29;BA;Bahia;ITABUNA;Itapé
291660;291660;29;BA;Bahia;ITABUNA;Itapitanga
291855;291855;29;BA;Bahia;ITABUNA;Jussari
292070;292070;29;BA;Bahia;ITABUNA;Maraú
292390;292390;29;BA;Bahia;ITABUNA;Pau Brasil
292780;292780;29;BA;Bahia;ITABUNA;Santa Cruz da Vitória
292935;292935;29;BA;Bahia;ITABUNA;São José da Vitória
293220;293220;29;BA;Bahia;ITABUNA;Ubaitaba
293230;293230;29;BA;Bahia;ITABUNA;Ubatã
290480;290480;29;BA;Bahia;ITAPETINGA;Caatiba
291090;291090;29;BA;Bahia;ITAPETINGA;Firmino Alves
291230;291230;29;BA;Bahia;ITAPETINGA;Ibicuí
291350;291350;29;BA;Bahia;ITAPETINGA;Iguaí
291580;291580;29;BA;Bahia;ITAPETINGA;Itambé
291640;291640;29;BA;Bahia;ITAPETINGA;Itapetinga
291680;291680;29;BA;Bahia;ITAPETINGA;Itarantim
291710;291710;29;BA;Bahia;ITAPETINGA;Itororó
291970;291970;29;BA;Bahia;ITAPETINGA;Macarani
292000;292000;29;BA;Bahia;ITAPETINGA;Maiquinique
292270;292270;29;BA;Bahia;ITAPETINGA;Nova Canaã
292540;292540;29;BA;Bahia;ITAPETINGA;Potiraguá
290510;290510;29;BA;Bahia;JACOBINA;Caém
290550;290550;29;BA;Bahia;JACOBINA;Caldeirão Grande
290687;290687;29;BA;Bahia;JACOBINA;Capim Grosso
291750;291750;29;BA;Bahia;JACOBINA;Jacobina
292010;292010;29;BA;Bahia;JACOBINA;Mairi
292120;292120;29;BA;Bahia;JACOBINA;Miguel Calmon
292140;292140;29;BA;Bahia;JACOBINA;Mirangaba
292170;292170;29;BA;Bahia;JACOBINA;Morro do Chapéu
292335;292335;29;BA;Bahia;JACOBINA;Ourolândia
292480;292480;29;BA;Bahia;JACOBINA;Piritiba
292593;292593;29;BA;Bahia;JACOBINA;Quixabeira
292937;292937;29;BA;Bahia;JACOBINA;São José do Jacuípe
292980;292980;29;BA;Bahia;JACOBINA;Saúde
293060;293060;29;BA;Bahia;JACOBINA;Serrolândia
293130;293130;29;BA;Bahia;JACOBINA;Tapiramutá
293245;293245;29;BA;Bahia;JACOBINA;Umburanas
293305;293305;29;BA;Bahia;JACOBINA;Várzea da Roça
293310;293310;29;BA;Bahia;JACOBINA;Várzea do Poço
293315;293315;29;BA;Bahia;JACOBINA;Várzea Nova
290060;290060;29;BA;Bahia;JEQUIE;Aiquara
290195;290195;29;BA;Bahia;JEQUIE;Apuarema
290310;290310;29;BA;Bahia;JEQUIE;Barra do Rocha
290370;290370;29;BA;Bahia;JEQUIE;Boa Nova
290430;290430;29;BA;Bahia;JEQUIE;Brejões
290950;290950;29;BA;Bahia;JEQUIE;Cravolândia
291000;291000;29;BA;Bahia;JEQUIE;Dário Meira
291290;291290;29;BA;Bahia;JEQUIE;Ibirataia
291390;291390;29;BA;Bahia;JEQUIE;Ipiaú
291420;291420;29;BA;Bahia;JEQUIE;Irajuba
291430;291430;29;BA;Bahia;JEQUIE;Iramaia
291510;291510;29;BA;Bahia;JEQUIE;Itagi
291520;291520;29;BA;Bahia;JEQUIE;Itagibá
291570;291570;29;BA;Bahia;JEQUIE;Itamari
291670;291670;29;BA;Bahia;JEQUIE;Itaquara
291690;291690;29;BA;Bahia;JEQUIE;Itiruçu
291760;291760;29;BA;Bahia;JEQUIE;Jaguaquara
291800;291800;29;BA;Bahia;JEQUIE;Jequié
291830;291830;29;BA;Bahia;JEQUIE;Jitaúna
291870;291870;29;BA;Bahia;JEQUIE;Lafaiete Coutinho
291905;291905;29;BA;Bahia;JEQUIE;Lajedo do Tabocal
292040;292040;29;BA;Bahia;JEQUIE;Manoel Vitorino
292050;292050;29;BA;Bahia;JEQUIE;Maracás
292280;292280;29;BA;Bahia;JEQUIE;Nova Itarana
292490;292490;29;BA;Bahia;JEQUIE;Planaltino
292790;292790;29;BA;Bahia;JEQUIE;Santa Inês
290590;290590;29;BA;Bahia;JUAZEIRO;Campo Alegre de Lourdes
290682;290682;29;BA;Bahia;JUAZEIRO;Canudos
290720;290720;29;BA;Bahia;JUAZEIRO;Casa Nova
290990;290990;29;BA;Bahia;JUAZEIRO;Curaçá
291840;291840;29;BA;Bahia;JUAZEIRO;Juazeiro
292440;292440;29;BA;Bahia;JUAZEIRO;Pilão Arcado
292600;292600;29;BA;Bahia;JUAZEIRO;Remanso
293020;293020;29;BA;Bahia;JUAZEIRO;Sento Sé
293077;293077;29;BA;Bahia;JUAZEIRO;Sobradinho
293200;293200;29;BA;Bahia;JUAZEIRO;Uauá
290020;290020;29;BA;Bahia;PAULO AFONSO;Abaré
290770;290770;29;BA;Bahia;PAULO AFONSO;Chorrochó
291140;291140;29;BA;Bahia;PAULO AFONSO;Glória
291810;291810;29;BA;Bahia;PAULO AFONSO;Jeremoabo
291990;291990;29;BA;Bahia;PAULO AFONSO;Macururé
292400;292400;29;BA;Bahia;PAULO AFONSO;Paulo Afonso
292420;292420;29;BA;Bahia;PAULO AFONSO;Pedro Alexandre
292710;292710;29;BA;Bahia;PAULO AFONSO;Rodelas
292760;292760;29;BA;Bahia;PAULO AFONSO;Santa Brígida
290340;290340;29;BA;Bahia;PORTO SEGURO;Belmonte
291072;291072;29;BA;Bahia;PORTO SEGURO;Eunápolis
291180;291180;29;BA;Bahia;PORTO SEGURO;Guaratinga
291465;291465;29;BA;Bahia;PORTO SEGURO;Itabela
291530;291530;29;BA;Bahia;PORTO SEGURO;Itagimirim
291630;291630;29;BA;Bahia;PORTO SEGURO;Itapebi
292530;292530;29;BA;Bahia;PORTO SEGURO;Porto Seguro
292770;292770;29;BA;Bahia;PORTO SEGURO;Santa Cruz Cabrália
290035;290035;29;BA;Bahia;RIBEIRA DO POMBAL;Adustina
290160;290160;29;BA;Bahia;RIBEIRA DO POMBAL;Antas
290265;290265;29;BA;Bahia;RIBEIRA DO POMBAL;Banzaê
290780;290780;29;BA;Bahia;RIBEIRA DO POMBAL;Cícero Dantas
290790;290790;29;BA;Bahia;RIBEIRA DO POMBAL;Cipó
290920;290920;29;BA;Bahia;RIBEIRA DO POMBAL;Coronel João Sá
291075;291075;29;BA;Bahia;RIBEIRA DO POMBAL;Fátima
291185;291185;29;BA;Bahia;RIBEIRA DO POMBAL;Heliópolis
292290;292290;29;BA;Bahia;RIBEIRA DO POMBAL;Nova Soure
292305;292305;29;BA;Bahia;RIBEIRA DO POMBAL;Novo Triunfo
292310;292310;29;BA;Bahia;RIBEIRA DO POMBAL;Olindina
292380;292380;29;BA;Bahia;RIBEIRA DO POMBAL;Paripiranga
292650;292650;29;BA;Bahia;RIBEIRA DO POMBAL;Ribeira do Amparo
292660;292660;29;BA;Bahia;RIBEIRA DO POMBAL;Ribeira do Pombal
293076;293076;29;BA;Bahia;RIBEIRA DO POMBAL;Sítio do Quinto
293190;293190;29;BA;Bahia;RIBEIRA DO POMBAL;Tucano
290650;290650;29;BA;Bahia;SALVADOR;Candeias
291610;291610;29;BA;Bahia;SALVADOR;Itaparica
291920;291920;29;BA;Bahia;SALVADOR;Lauro de Freitas
291992;291992;29;BA;Bahia;SALVADOR;Madre de Deus
292740;292740;29;BA;Bahia;SALVADOR;Salvador
292860;292860;29;BA;Bahia;SALVADOR;Santo Amaro
292920;292920;29;BA;Bahia;SALVADOR;São Francisco do Conde
292950;292950;29;BA;Bahia;SALVADOR;São Sebastião do Passé
292975;292975;29;BA;Bahia;SALVADOR;Saubara
293320;293320;29;BA;Bahia;SALVADOR;Vera Cruz
290390;290390;29;BA;Bahia;SANTA MARIA DA VITORIA;Bom Jesus da Lapa
290610;290610;29;BA;Bahia;SANTA MARIA DA VITORIA;Canápolis
290810;290810;29;BA;Bahia;SANTA MARIA DA VITORIA;Cocos
290910;290910;29;BA;Bahia;SANTA MARIA DA VITORIA;Coribe
290930;290930;29;BA;Bahia;SANTA MARIA DA VITORIA;Correntina
291735;291735;29;BA;Bahia;SANTA MARIA DA VITORIA;Jaborandi
292810;292810;29;BA;Bahia;SANTA MARIA DA VITORIA;Santa Maria da Vitória
292820;292820;29;BA;Bahia;SANTA MARIA DA VITORIA;Santana
292905;292905;29;BA;Bahia;SANTA MARIA DA VITORIA;São Félix do Coribe
293015;293015;29;BA;Bahia;SANTA MARIA DA VITORIA;Serra do Ramalho
293030;293030;29;BA;Bahia;SANTA MARIA DA VITORIA;Serra Dourada
293075;293075;29;BA;Bahia;SANTA MARIA DA VITORIA;Sítio do Mato
290100;290100;29;BA;Bahia;SANTO ANTONIO DE JESUS;Amargosa
290230;290230;29;BA;Bahia;SANTO ANTONIO DE JESUS;Aratuípe
290730;290730;29;BA;Bahia;SANTO ANTONIO DE JESUS;Castro Alves
290830;290830;29;BA;Bahia;SANTO ANTONIO DE JESUS;Conceição do Almeida
291020;291020;29;BA;Bahia;SANTO ANTONIO DE JESUS;Dom Macedo Costa
291030;291030;29;BA;Bahia;SANTO ANTONIO DE JESUS;Elísio Medrado
291685;291685;29;BA;Bahia;SANTO ANTONIO DE JESUS;Itatim
291780;291780;29;BA;Bahia;SANTO ANTONIO DE JESUS;Jaguaripe
291820;291820;29;BA;Bahia;SANTO ANTONIO DE JESUS;Jiquiriçá
291880;291880;29;BA;Bahia;SANTO ANTONIO DE JESUS;Laje
292130;292130;29;BA;Bahia;SANTO ANTONIO DE JESUS;Milagres
292220;292220;29;BA;Bahia;SANTO ANTONIO DE JESUS;Muniz Ferreira
292240;292240;29;BA;Bahia;SANTO ANTONIO DE JESUS;Mutuípe
292250;292250;29;BA;Bahia;SANTO ANTONIO DE JESUS;Nazaré
292575;292575;29;BA;Bahia;SANTO ANTONIO DE JESUS;Presidente Tancredo Neves
292730;292730;29;BA;Bahia;SANTO ANTONIO DE JESUS;Salinas da Margarida
292850;292850;29;BA;Bahia;SANTO ANTONIO DE JESUS;Santa Terezinha
292870;292870;29;BA;Bahia;SANTO ANTONIO DE JESUS;Santo Antônio de Jesus
292910;292910;29;BA;Bahia;SANTO ANTONIO DE JESUS;São Felipe
292940;292940;29;BA;Bahia;SANTO ANTONIO DE JESUS;São Miguel das Matas
293160;293160;29;BA;Bahia;SANTO ANTONIO DE JESUS;Teolândia
293210;293210;29;BA;Bahia;SANTO ANTONIO DE JESUS;Ubaíra
293317;293317;29;BA;Bahia;SANTO ANTONIO DE JESUS;Varzedo
290010;290010;29;BA;Bahia;SEABRA;Abaíra
290400;290400;29;BA;Bahia;SEABRA;Boninal
291300;291300;29;BA;Bahia;SEABRA;Ibitiara
291440;291440;29;BA;Bahia;SEABRA;Iraquara
291930;291930;29;BA;Bahia;SEABRA;Lençóis
292190;292190;29;BA;Bahia;SEABRA;Mucugê
292303;292303;29;BA;Bahia;SEABRA;Novo Horizonte
292350;292350;29;BA;Bahia;SEABRA;Palmeiras
292430;292430;29;BA;Bahia;SEABRA;Piatã
292990;292990;29;BA;Bahia;SEABRA;Seabra
293080;293080;29;BA;Bahia;SEABRA;Souto Soares
290135;290135;29;BA;Bahia;SENHOR DO BONFIM;Andorinha
290180;290180;29;BA;Bahia;SENHOR DO BONFIM;Antônio Gonçalves
290600;290600;29;BA;Bahia;SENHOR DO BONFIM;Campo Formoso
291085;291085;29;BA;Bahia;SENHOR DO BONFIM;Filadélfia
291700;291700;29;BA;Bahia;SENHOR DO BONFIM;Itiúba
291770;291770;29;BA;Bahia;SENHOR DO BONFIM;Jaguarari
292460;292460;29;BA;Bahia;SENHOR DO BONFIM;Pindobaçu
292525;292525;29;BA;Bahia;SENHOR DO BONFIM;Ponto Novo
293010;293010;29;BA;Bahia;SENHOR DO BONFIM;Senhor do Bonfim
290040;290040;29;BA;Bahia;SERRINHA;Água Fria
290210;290210;29;BA;Bahia;SERRINHA;Araci
290327;290327;29;BA;Bahia;SERRINHA;Barrocas
290360;290360;29;BA;Bahia;SERRINHA;Biritinga
290680;290680;29;BA;Bahia;SERRINHA;Cansanção
290840;290840;29;BA;Bahia;SERRINHA;Conceição do Coité
291070;291070;29;BA;Bahia;SERRINHA;Euclides da Cunha
291910;291910;29;BA;Bahia;SERRINHA;Lamarão
292150;292150;29;BA;Bahia;SERRINHA;Monte Santo
292265;292265;29;BA;Bahia;SERRINHA;Nordestina
292580;292580;29;BA;Bahia;SERRINHA;Queimadas
292590;292590;29;BA;Bahia;SERRINHA;Quijingue
292610;292610;29;BA;Bahia;SERRINHA;Retirolândia
292800;292800;29;BA;Bahia;SERRINHA;Santaluz
292895;292895;29;BA;Bahia;SERRINHA;São Domingos
293050;293050;29;BA;Bahia;SERRINHA;Serrinha
293150;293150;29;BA;Bahia;SERRINHA;Teofilândia
293300;293300;29;BA;Bahia;SERRINHA;Valente
290080;290080;29;BA;Bahia;TEIXEIRA DE FREITAS;Alcobaça
290690;290690;29;BA;Bahia;TEIXEIRA DE FREITAS;Caravelas
291280;291280;29;BA;Bahia;TEIXEIRA DE FREITAS;Ibirapuã
291560;291560;29;BA;Bahia;TEIXEIRA DE FREITAS;Itamaraju
291600;291600;29;BA;Bahia;TEIXEIRA DE FREITAS;Itanhém
291845;291845;29;BA;Bahia;TEIXEIRA DE FREITAS;Jucuruçu
291890;291890;29;BA;Bahia;TEIXEIRA DE FREITAS;Lajedão
292110;292110;29;BA;Bahia;TEIXEIRA DE FREITAS;Medeiros Neto
292200;292200;29;BA;Bahia;TEIXEIRA DE FREITAS;Mucuri
292300;292300;29;BA;Bahia;TEIXEIRA DE FREITAS;Nova Viçosa
292550;292550;29;BA;Bahia;TEIXEIRA DE FREITAS;Prado
293135;293135;29;BA;Bahia;TEIXEIRA DE FREITAS;Teixeira de Freitas
293325;293325;29;BA;Bahia;TEIXEIRA DE FREITAS;Vereda
290540;290540;29;BA;Bahia;VALENCA;Cairu
290580;290580;29;BA;Bahia;VALENCA;Camamu
291120;291120;29;BA;Bahia;VALENCA;Gandu
291345;291345;29;BA;Bahia;VALENCA;Igrapiúna
291730;291730;29;BA;Bahia;VALENCA;Ituberá
292260;292260;29;BA;Bahia;VALENCA;Nilo Peçanha
292275;292275;29;BA;Bahia;VALENCA;Nova Ibiá
292467;292467;29;BA;Bahia;VALENCA;Piraí do Norte
293120;293120;29;BA;Bahia;VALENCA;Taperoá
293290;293290;29;BA;Bahia;VALENCA;Valença
293350;293350;29;BA;Bahia;VALENCA;Wenceslau Guimarães
290120;290120;29;BA;Bahia;VITORIA DA CONQUISTA;Anagé
290290;290290;29;BA;Bahia;VITORIA DA CONQUISTA;Barra do Choça
290350;290350;29;BA;Bahia;VITORIA DA CONQUISTA;Belo Campo
290395;290395;29;BA;Bahia;VITORIA DA CONQUISTA;Bom Jesus da Serra
290515;290515;29;BA;Bahia;VITORIA DA CONQUISTA;Caetanos
290670;290670;29;BA;Bahia;VITORIA DA CONQUISTA;Cândido Sales
290689;290689;29;BA;Bahia;VITORIA DA CONQUISTA;Caraíbas
290870;290870;29;BA;Bahia;VITORIA DA CONQUISTA;Condeúba
290900;290900;29;BA;Bahia;VITORIA DA CONQUISTA;Cordeiros
291040;291040;29;BA;Bahia;VITORIA DA CONQUISTA;Encruzilhada
291995;291995;29;BA;Bahia;VITORIA DA CONQUISTA;Maetinga
292145;292145;29;BA;Bahia;VITORIA DA CONQUISTA;Mirante
292470;292470;29;BA;Bahia;VITORIA DA CONQUISTA;Piripá
292500;292500;29;BA;Bahia;VITORIA DA CONQUISTA;Planalto
292510;292510;29;BA;Bahia;VITORIA DA CONQUISTA;Poções
292570;292570;29;BA;Bahia;VITORIA DA CONQUISTA;Presidente Jânio Quadros
292665;292665;29;BA;Bahia;VITORIA DA CONQUISTA;Ribeirão do Largo
293180;293180;29;BA;Bahia;VITORIA DA CONQUISTA;Tremedal
293330;293330;29;BA;Bahia;VITORIA DA CONQUISTA;Vitória da Conquista
310160;310160;31;MG;Minas Gerais;ALFENAS MACHADO;Alfenas
310200;310200;31;MG;Minas Gerais;ALFENAS MACHADO;Alterosa
310430;310430;31;MG;Minas Gerais;ALFENAS MACHADO;Areado
310530;310530;31;MG;Minas Gerais;ALFENAS MACHADO;Bandeira do Sul
310840;310840;31;MG;Minas Gerais;ALFENAS MACHADO;Botelhos
311100;311100;31;MG;Minas Gerais;ALFENAS MACHADO;Campestre
311130;311130;31;MG;Minas Gerais;ALFENAS MACHADO;Campo do Meio
311160;311160;31;MG;Minas Gerais;ALFENAS MACHADO;Campos Gerais
311470;311470;31;MG;Minas Gerais;ALFENAS MACHADO;Carvalhópolis
311710;311710;31;MG;Minas Gerais;ALFENAS MACHADO;Conceição da Aparecida
312240;312240;31;MG;Minas Gerais;ALFENAS MACHADO;Divisa Nova
312520;312520;31;MG;Minas Gerais;ALFENAS MACHADO;Fama
313900;313900;31;MG;Minas Gerais;ALFENAS MACHADO;Machado
314720;314720;31;MG;Minas Gerais;ALFENAS MACHADO;Paraguaçu
315170;315170;31;MG;Minas Gerais;ALFENAS MACHADO;Poço Fundo
316690;316690;31;MG;Minas Gerais;ALFENAS MACHADO;Serrania
310410;310410;31;MG;Minas Gerais;GUAXUPE;Arceburgo
310950;310950;31;MG;Minas Gerais;GUAXUPE;Cabo Verde
312830;312830;31;MG;Minas Gerais;GUAXUPE;Guaranésia
312870;312870;31;MG;Minas Gerais;GUAXUPE;Guaxupé
313690;313690;31;MG;Minas Gerais;GUAXUPE;Juruaia
314300;314300;31;MG;Minas Gerais;GUAXUPE;Monte Belo
314410;314410;31;MG;Minas Gerais;GUAXUPE;Muzambinho
316390;316390;31;MG;Minas Gerais;GUAXUPE;São Pedro da União
310890;310890;31;MG;Minas Gerais;ITAJUBA;Brazópolis
311720;311720;31;MG;Minas Gerais;ITAJUBA;Conceição das Pedras
311850;311850;31;MG;Minas Gerais;ITAJUBA;Consolação
312110;312110;31;MG;Minas Gerais;ITAJUBA;Delfim Moreira
312740;312740;31;MG;Minas Gerais;ITAJUBA;Gonçalves
313240;313240;31;MG;Minas Gerais;ITAJUBA;Itajubá
313990;313990;31;MG;Minas Gerais;ITAJUBA;Maria da Fé
314040;314040;31;MG;Minas Gerais;ITAJUBA;Marmelópolis
314730;314730;31;MG;Minas Gerais;ITAJUBA;Paraisópolis
314910;314910;31;MG;Minas Gerais;ITAJUBA;Pedralva
315090;315090;31;MG;Minas Gerais;ITAJUBA;Piranguçu
315100;315100;31;MG;Minas Gerais;ITAJUBA;Piranguinho
316320;316320;31;MG;Minas Gerais;ITAJUBA;São José do Alegre
316540;316540;31;MG;Minas Gerais;ITAJUBA;Sapucaí-Mirim
317220;317220;31;MG;Minas Gerais;ITAJUBA;Wenceslau Braz
311460;311460;31;MG;Minas Gerais;LAVRAS;Carrancas
313040;313040;31;MG;Minas Gerais;LAVRAS;Ijaci
313080;313080;31;MG;Minas Gerais;LAVRAS;Ingaí
313430;313430;31;MG;Minas Gerais;LAVRAS;Itumirim
313450;313450;31;MG;Minas Gerais;LAVRAS;Itutinga
313820;313820;31;MG;Minas Gerais;LAVRAS;Lavras
313870;313870;31;MG;Minas Gerais;LAVRAS;Luminárias
314460;314460;31;MG;Minas Gerais;LAVRAS;Nepomuceno
314990;314990;31;MG;Minas Gerais;LAVRAS;Perdões
315470;315470;31;MG;Minas Gerais;LAVRAS;Ribeirão Vermelho
310140;310140;31;MG;Minas Gerais;POCOS DE CALDAS;Albertina
310260;310260;31;MG;Minas Gerais;POCOS DE CALDAS;Andradas
311030;311030;31;MG;Minas Gerais;POCOS DE CALDAS;Caldas
312990;312990;31;MG;Minas Gerais;POCOS DE CALDAS;Ibitiúra de Minas
315180;315180;31;MG;Minas Gerais;POCOS DE CALDAS;Poços de Caldas
315920;315920;31;MG;Minas Gerais;POCOS DE CALDAS;Santa Rita de Caldas
310790;310790;31;MG;Minas Gerais;POUSO ALEGRE;Bom Repouso
310830;310830;31;MG;Minas Gerais;POUSO ALEGRE;Borda da Mata
310910;310910;31;MG;Minas Gerais;POUSO ALEGRE;Bueno Brandão
310970;310970;31;MG;Minas Gerais;POUSO ALEGRE;Cachoeira de Minas
311050;311050;31;MG;Minas Gerais;POUSO ALEGRE;Camanducaia
311060;311060;31;MG;Minas Gerais;POUSO ALEGRE;Cambuí
311360;311360;31;MG;Minas Gerais;POUSO ALEGRE;Careaçu
311780;311780;31;MG;Minas Gerais;POUSO ALEGRE;Conceição dos Ouros
311790;311790;31;MG;Minas Gerais;POUSO ALEGRE;Congonhal
311990;311990;31;MG;Minas Gerais;POUSO ALEGRE;Córrego do Bom Jesus
312440;312440;31;MG;Minas Gerais;POUSO ALEGRE;Espírito Santo do Dourado
312450;312450;31;MG;Minas Gerais;POUSO ALEGRE;Estiva
312510;312510;31;MG;Minas Gerais;POUSO ALEGRE;Extrema
312920;312920;31;MG;Minas Gerais;POUSO ALEGRE;Heliodora
313060;313060;31;MG;Minas Gerais;POUSO ALEGRE;Inconfidentes
313150;313150;31;MG;Minas Gerais;POUSO ALEGRE;Ipuiúna
313360;313360;31;MG;Minas Gerais;POUSO ALEGRE;Itapeva
313490;313490;31;MG;Minas Gerais;POUSO ALEGRE;Jacutinga
314340;314340;31;MG;Minas Gerais;POUSO ALEGRE;Monte Sião
314380;314380;31;MG;Minas Gerais;POUSO ALEGRE;Munhoz
314440;314440;31;MG;Minas Gerais;POUSO ALEGRE;Natércia
314600;314600;31;MG;Minas Gerais;POUSO ALEGRE;Ouro Fino
315250;315250;31;MG;Minas Gerais;POUSO ALEGRE;Pouso Alegre
315960;315960;31;MG;Minas Gerais;POUSO ALEGRE;Santa Rita do Sapucaí
316230;316230;31;MG;Minas Gerais;POUSO ALEGRE;São João da Mata
316440;316440;31;MG;Minas Gerais;POUSO ALEGRE;São Sebastião da Bela Vista
316557;316557;31;MG;Minas Gerais;POUSO ALEGRE;Senador Amaral
316580;316580;31;MG;Minas Gerais;POUSO ALEGRE;Senador José Bento
316740;316740;31;MG;Minas Gerais;POUSO ALEGRE;Silvianópolis
316905;316905;31;MG;Minas Gerais;POUSO ALEGRE;Tocos do Moji
316910;316910;31;MG;Minas Gerais;POUSO ALEGRE;Toledo
316980;316980;31;MG;Minas Gerais;POUSO ALEGRE;Turvolândia
310120;310120;31;MG;Minas Gerais;SAO LOURENCO;Aiuruoca
310130;310130;31;MG;Minas Gerais;SAO LOURENCO;Alagoa
310490;310490;31;MG;Minas Gerais;SAO LOURENCO;Baependi
311410;311410;31;MG;Minas Gerais;SAO LOURENCO;Carmo de Minas
311480;311480;31;MG;Minas Gerais;SAO LOURENCO;Carvalhos
311550;311550;31;MG;Minas Gerais;SAO LOURENCO;Caxambu
311770;311770;31;MG;Minas Gerais;SAO LOURENCO;Conceição do Rio Verde
312050;312050;31;MG;Minas Gerais;SAO LOURENCO;Cristina
312080;312080;31;MG;Minas Gerais;SAO LOURENCO;Cruzília
312280;312280;31;MG;Minas Gerais;SAO LOURENCO;Dom Viçoso
313300;313300;31;MG;Minas Gerais;SAO LOURENCO;Itamonte
313310;313310;31;MG;Minas Gerais;SAO LOURENCO;Itanhandu
313590;313590;31;MG;Minas Gerais;SAO LOURENCO;Jesuânia
313780;313780;31;MG;Minas Gerais;SAO LOURENCO;Lambari
314190;314190;31;MG;Minas Gerais;SAO LOURENCO;Minduri
314550;314550;31;MG;Minas Gerais;SAO LOURENCO;Olímpio Noronha
314760;314760;31;MG;Minas Gerais;SAO LOURENCO;Passa Quatro
315260;315260;31;MG;Minas Gerais;SAO LOURENCO;Pouso Alto
316370;316370;31;MG;Minas Gerais;SAO LOURENCO;São Lourenço
316490;316490;31;MG;Minas Gerais;SAO LOURENCO;São Sebastião do Rio Verde
316640;316640;31;MG;Minas Gerais;SAO LOURENCO;Seritinga
316700;316700;31;MG;Minas Gerais;SAO LOURENCO;Serranos
316780;316780;31;MG;Minas Gerais;SAO LOURENCO;Soledade de Minas
317170;317170;31;MG;Minas Gerais;SAO LOURENCO;Virgínia
313290;313290;31;MG;Minas Gerais;SAO SEBASTIAO DO PARAISO;Itamogi
313480;313480;31;MG;Minas Gerais;SAO SEBASTIAO DO PARAISO;Jacuí
314320;314320;31;MG;Minas Gerais;SAO SEBASTIAO DO PARAISO;Monte Santo de Minas
315290;315290;31;MG;Minas Gerais;SAO SEBASTIAO DO PARAISO;Pratápolis
316470;316470;31;MG;Minas Gerais;SAO SEBASTIAO DO PARAISO;São Sebastião do Paraíso
316510;316510;31;MG;Minas Gerais;SAO SEBASTIAO DO PARAISO;São Tomás de Aquino
311070;311070;31;MG;Minas Gerais;TRES CORACOES;Cambuquira
311390;311390;31;MG;Minas Gerais;TRES CORACOES;Carmo da Cachoeira
316080;316080;31;MG;Minas Gerais;TRES CORACOES;São Bento Abade
316520;316520;31;MG;Minas Gerais;TRES CORACOES;São Tomé das Letras
316930;316930;31;MG;Minas Gerais;TRES CORACOES;Três Corações
310710;310710;31;MG;Minas Gerais;TRES PONTAS;Boa Esperança
311870;311870;31;MG;Minas Gerais;TRES PONTAS;Coqueiral
313050;313050;31;MG;Minas Gerais;TRES PONTAS;Ilicínea
315830;315830;31;MG;Minas Gerais;TRES PONTAS;Santana da Vargem
316940;316940;31;MG;Minas Gerais;TRES PONTAS;Três Pontas
311090;311090;31;MG;Minas Gerais;VARGINHA;Campanha
311900;311900;31;MG;Minas Gerais;VARGINHA;Cordislândia
312360;312360;31;MG;Minas Gerais;VARGINHA;Elói Mendes
314260;314260;31;MG;Minas Gerais;VARGINHA;Monsenhor Paulo
316200;316200;31;MG;Minas Gerais;VARGINHA;São Gonçalo do Sapucaí
317070;317070;31;MG;Minas Gerais;VARGINHA;Varginha
310163;310163;31;MG;Minas Gerais;BARBACENA;Alfredo Vasconcelos
310210;310210;31;MG;Minas Gerais;BARBACENA;Alto Rio Doce
310290;310290;31;MG;Minas Gerais;BARBACENA;Antônio Carlos
310560;310560;31;MG;Minas Gerais;BARBACENA;Barbacena
311220;311220;31;MG;Minas Gerais;BARBACENA;Capela Nova
311320;311320;31;MG;Minas Gerais;BARBACENA;Carandaí
311630;311630;31;MG;Minas Gerais;BARBACENA;Cipotânea
312150;312150;31;MG;Minas Gerais;BARBACENA;Desterro do Melo
312940;312940;31;MG;Minas Gerais;BARBACENA;Ibertioga
314660;314660;31;MG;Minas Gerais;BARBACENA;Paiva
315440;315440;31;MG;Minas Gerais;BARBACENA;Ressaquinha
315730;315730;31;MG;Minas Gerais;BARBACENA;Santa Bárbara do Tugúrio
315870;315870;31;MG;Minas Gerais;BARBACENA;Santana do Garambéu
315940;315940;31;MG;Minas Gerais;BARBACENA;Santa Rita de Ibitipoca
316620;316620;31;MG;Minas Gerais;BARBACENA;Senhora dos Remédios
310590;310590;31;MG;Minas Gerais;SAO JOAO DEL REI;Barroso
310800;310800;31;MG;Minas Gerais;SAO JOAO DEL REI;Bom Sucesso
311520;311520;31;MG;Minas Gerais;SAO JOAO DEL REI;Conceição da Barra de Minas
311970;311970;31;MG;Minas Gerais;SAO JOAO DEL REI;Coronel Xavier Chaves
312300;312300;31;MG;Minas Gerais;SAO JOAO DEL REI;Dores de Campos
313000;313000;31;MG;Minas Gerais;SAO JOAO DEL REI;Ibituruna
313740;313740;31;MG;Minas Gerais;SAO JOAO DEL REI;Lagoa Dourada
313910;313910;31;MG;Minas Gerais;SAO JOAO DEL REI;Madre de Deus de Minas
314450;314450;31;MG;Minas Gerais;SAO JOAO DEL REI;Nazareno
315030;315030;31;MG;Minas Gerais;SAO JOAO DEL REI;Piedade do Rio Grande
315270;315270;31;MG;Minas Gerais;SAO JOAO DEL REI;Prados
315420;315420;31;MG;Minas Gerais;SAO JOAO DEL REI;Resende Costa
315610;315610;31;MG;Minas Gerais;SAO JOAO DEL REI;Ritápolis
315733;315733;31;MG;Minas Gerais;SAO JOAO DEL REI;Santa Cruz de Minas
316250;316250;31;MG;Minas Gerais;SAO JOAO DEL REI;São João del Rei
316500;316500;31;MG;Minas Gerais;SAO JOAO DEL REI;São Tiago
316530;316530;31;MG;Minas Gerais;SAO JOAO DEL REI;São Vicente de Minas
316880;316880;31;MG;Minas Gerais;SAO JOAO DEL REI;Tiradentes
310620;310620;31;MG;Minas Gerais;BELO HORIZONTE NOVA LIMA SANTA LUZIA;Belo Horizonte
310640;310640;31;MG;Minas Gerais;BELO HORIZONTE NOVA LIMA SANTA LUZIA;Belo Vale
311000;311000;31;MG;Minas Gerais;BELO HORIZONTE NOVA LIMA SANTA LUZIA;Caeté
313460;313460;31;MG;Minas Gerais;BELO HORIZONTE NOVA LIMA SANTA LUZIA;Jaboticatubas
313660;313660;31;MG;Minas Gerais;BELO HORIZONTE NOVA LIMA SANTA LUZIA;Nova União
314230;314230;31;MG;Minas Gerais;BELO HORIZONTE NOVA LIMA SANTA LUZIA;Moeda
314480;314480;31;MG;Minas Gerais;BELO HORIZONTE NOVA LIMA SANTA LUZIA;Nova Lima
315390;315390;31;MG;Minas Gerais;BELO HORIZONTE NOVA LIMA SANTA LUZIA;Raposos
315460;315460;31;MG;Minas Gerais;BELO HORIZONTE NOVA LIMA SANTA LUZIA;Ribeirão das Neves
315480;315480;31;MG;Minas Gerais;BELO HORIZONTE NOVA LIMA SANTA LUZIA;Rio Acima
315670;315670;31;MG;Minas Gerais;BELO HORIZONTE NOVA LIMA SANTA LUZIA;Sabará
315780;315780;31;MG;Minas Gerais;BELO HORIZONTE NOVA LIMA SANTA LUZIA;Santa Luzia
316830;316830;31;MG;Minas Gerais;BELO HORIZONTE NOVA LIMA SANTA LUZIA;Taquaraçu de Minas
310670;310670;31;MG;Minas Gerais;BETIM;Betim
310810;310810;31;MG;Minas Gerais;BETIM;Bonfim
310900;310900;31;MG;Minas Gerais;BETIM;Brumadinho
312060;312060;31;MG;Minas Gerais;BETIM;Crucilândia
312410;312410;31;MG;Minas Gerais;BETIM;Esmeraldas
312600;312600;31;MG;Minas Gerais;BETIM;Florestal
313010;313010;31;MG;Minas Gerais;BETIM;Igarapé
313665;313665;31;MG;Minas Gerais;BETIM;Juatuba
314015;314015;31;MG;Minas Gerais;BETIM;Mário Campos
314070;314070;31;MG;Minas Gerais;BETIM;Mateus Leme
315040;315040;31;MG;Minas Gerais;BETIM;Piedade dos Gerais
315530;315530;31;MG;Minas Gerais;BETIM;Rio Manso
316292;316292;31;MG;Minas Gerais;BETIM;São Joaquim de Bicas
311860;311860;31;MG;Minas Gerais;CONTAGEM;Contagem
312980;312980;31;MG;Minas Gerais;CONTAGEM;Ibirité
316553;316553;31;MG;Minas Gerais;CONTAGEM;Sarzedo
310480;310480;31;MG;Minas Gerais;CURVELO;Augusto de Lima
310920;310920;31;MG;Minas Gerais;CURVELO;Buenópolis
311910;311910;31;MG;Minas Gerais;CURVELO;Corinto
312090;312090;31;MG;Minas Gerais;CURVELO;Curvelo
312570;312570;31;MG;Minas Gerais;CURVELO;Felixlândia
313110;313110;31;MG;Minas Gerais;CURVELO;Inimutaba
314250;314250;31;MG;Minas Gerais;CURVELO;Monjolos
314360;314360;31;MG;Minas Gerais;CURVELO;Morro da Garça
315320;315320;31;MG;Minas Gerais;CURVELO;Presidente Juscelino
316060;316060;31;MG;Minas Gerais;CURVELO;Santo Hipólito
316935;316935;31;MG;Minas Gerais;CURVELO;Três Marias
311380;311380;31;MG;Minas Gerais;GUANHAES;Carmésia
312260;312260;31;MG;Minas Gerais;GUANHAES;Dom Joaquim
312310;312310;31;MG;Minas Gerais;GUANHAES;Dores de Guanhães
312800;312800;31;MG;Minas Gerais;GUANHAES;Guanhães
314060;314060;31;MG;Minas Gerais;GUANHAES;Materlândia
315600;315600;31;MG;Minas Gerais;GUANHAES;Rio Vermelho
315680;315680;31;MG;Minas Gerais;GUANHAES;Sabinópolis
316610;316610;31;MG;Minas Gerais;GUANHAES;Senhora do Porto
317180;317180;31;MG;Minas Gerais;GUANHAES;Virginópolis
310540;310540;31;MG;Minas Gerais;ITABIRA;Barão de Cocais
310770;310770;31;MG;Minas Gerais;ITABIRA;Bom Jesus do Amparo
311535;311535;31;MG;Minas Gerais;ITABIRA;Catas Altas
312590;312590;31;MG;Minas Gerais;ITABIRA;Ferros
313170;313170;31;MG;Minas Gerais;ITABIRA;Itabira
313280;313280;31;MG;Minas Gerais;ITABIRA;Itambé do Mato Dentro
314370;314370;31;MG;Minas Gerais;ITABIRA;Morro do Pilar
314750;314750;31;MG;Minas Gerais;ITABIRA;Passabém
315720;315720;31;MG;Minas Gerais;ITABIRA;Santa Bárbara
315800;315800;31;MG;Minas Gerais;ITABIRA;Santa Maria de Itabira
316050;316050;31;MG;Minas Gerais;ITABIRA;Santo Antônio do Rio Abaixo
316190;316190;31;MG;Minas Gerais;ITABIRA;São Gonçalo do Rio Abaixo
316480;316480;31;MG;Minas Gerais;ITABIRA;São Sebastião do Rio Preto
313190;313190;31;MG;Minas Gerais;OURO PRETO;Itabirito
314000;314000;31;MG;Minas Gerais;OURO PRETO;Mariana
314610;314610;31;MG;Minas Gerais;OURO PRETO;Ouro Preto
310600;310600;31;MG;Minas Gerais;JOAO MONLEVADE;Bela Vista de Minas
313620;313620;31;MG;Minas Gerais;JOAO MONLEVADE;João Monlevade
314470;314470;31;MG;Minas Gerais;JOAO MONLEVADE;Nova Era
315570;315570;31;MG;Minas Gerais;JOAO MONLEVADE;Rio Piracicaba
316100;316100;31;MG;Minas Gerais;JOAO MONLEVADE;São Domingos do Prata
310020;310020;31;MG;Minas Gerais;SETE LAGOAS;Abaeté
310320;310320;31;MG;Minas Gerais;SETE LAGOAS;Araçaí
310500;310500;31;MG;Minas Gerais;SETE LAGOAS;Baldim
310700;310700;31;MG;Minas Gerais;SETE LAGOAS;Biquinhas
310960;310960;31;MG;Minas Gerais;SETE LAGOAS;Cachoeira da Prata
310990;310990;31;MG;Minas Gerais;SETE LAGOAS;Caetanópolis
311250;311250;31;MG;Minas Gerais;SETE LAGOAS;Capim Branco
311560;311560;31;MG;Minas Gerais;SETE LAGOAS;Cedro do Abaeté
311890;311890;31;MG;Minas Gerais;SETE LAGOAS;Cordisburgo
312640;312640;31;MG;Minas Gerais;SETE LAGOAS;Fortuna de Minas
312720;312720;31;MG;Minas Gerais;SETE LAGOAS;Funilândia
313100;313100;31;MG;Minas Gerais;SETE LAGOAS;Inhaúma
313570;313570;31;MG;Minas Gerais;SETE LAGOAS;Jequitibá
313970;313970;31;MG;Minas Gerais;SETE LAGOAS;Maravilhas
314350;314350;31;MG;Minas Gerais;SETE LAGOAS;Morada Nova de Minas
314640;314640;31;MG;Minas Gerais;SETE LAGOAS;Paineiras
314690;314690;31;MG;Minas Gerais;SETE LAGOAS;Papagaios
314740;314740;31;MG;Minas Gerais;SETE LAGOAS;Paraopeba
314960;314960;31;MG;Minas Gerais;SETE LAGOAS;Pequi
315200;315200;31;MG;Minas Gerais;SETE LAGOAS;Pompéu
315360;315360;31;MG;Minas Gerais;SETE LAGOAS;Prudente de Morais
315370;315370;31;MG;Minas Gerais;SETE LAGOAS;Quartel Geral
315850;315850;31;MG;Minas Gerais;SETE LAGOAS;Santana de Pirapama
316720;316720;31;MG;Minas Gerais;SETE LAGOAS;Sete Lagoas
311787;311787;31;MG;Minas Gerais;VESPASIANO LAGOA SANTA;Confins
313760;313760;31;MG;Minas Gerais;VESPASIANO LAGOA SANTA;Lagoa Santa
314110;314110;31;MG;Minas Gerais;VESPASIANO LAGOA SANTA;Matozinhos
314930;314930;31;MG;Minas Gerais;VESPASIANO LAGOA SANTA;Pedro Leopoldo
315900;315900;31;MG;Minas Gerais;VESPASIANO LAGOA SANTA;Santana do Riacho
316295;316295;31;MG;Minas Gerais;VESPASIANO LAGOA SANTA;São José da Lapa
317120;317120;31;MG;Minas Gerais;VESPASIANO LAGOA SANTA;Vespasiano
311350;311350;31;MG;Minas Gerais;DIAMANTINA ITAMARANDIBA;Carbonita
311680;311680;31;MG;Minas Gerais;DIAMANTINA ITAMARANDIBA;Coluna
311810;311810;31;MG;Minas Gerais;DIAMANTINA ITAMARANDIBA;Congonhas do Norte
312010;312010;31;MG;Minas Gerais;DIAMANTINA ITAMARANDIBA;Couto de Magalhães de Minas
312100;312100;31;MG;Minas Gerais;DIAMANTINA ITAMARANDIBA;Datas
312160;312160;31;MG;Minas Gerais;DIAMANTINA ITAMARANDIBA;Diamantina
312540;312540;31;MG;Minas Gerais;DIAMANTINA ITAMARANDIBA;Felício dos Santos
312550;312550;31;MG;Minas Gerais;DIAMANTINA ITAMARANDIBA;São Gonçalo do Rio Preto
312760;312760;31;MG;Minas Gerais;DIAMANTINA ITAMARANDIBA;Gouveia
313250;313250;31;MG;Minas Gerais;DIAMANTINA ITAMARANDIBA;Itamarandiba
315330;315330;31;MG;Minas Gerais;DIAMANTINA ITAMARANDIBA;Presidente Kubitschek
316590;316590;31;MG;Minas Gerais;DIAMANTINA ITAMARANDIBA;Senador Modestino Gonçalves
310445;310445;31;MG;Minas Gerais;TURMALINA MINAS NOVAS CAPELINHA;Aricanduva
311230;311230;31;MG;Minas Gerais;TURMALINA MINAS NOVAS CAPELINHA;Capelinha
311610;311610;31;MG;Minas Gerais;TURMALINA MINAS NOVAS CAPELINHA;Chapada do Norte
313652;313652;31;MG;Minas Gerais;TURMALINA MINAS NOVAS CAPELINHA;José Gonçalves de Minas
313835;313835;31;MG;Minas Gerais;TURMALINA MINAS NOVAS CAPELINHA;Leme do Prado
314180;314180;31;MG;Minas Gerais;TURMALINA MINAS NOVAS CAPELINHA;Minas Novas
316970;316970;31;MG;Minas Gerais;TURMALINA MINAS NOVAS CAPELINHA;Turmalina
317107;317107;31;MG;Minas Gerais;TURMALINA MINAS NOVAS CAPELINHA;Veredinha
310740;310740;31;MG;Minas Gerais;BOM DESPACHO;Bom Despacho
312320;312320;31;MG;Minas Gerais;BOM DESPACHO;Dores do Indaiá
312470;312470;31;MG;Minas Gerais;BOM DESPACHO;Estrela do Indaiá
313880;313880;31;MG;Minas Gerais;BOM DESPACHO;Luz
314050;314050;31;MG;Minas Gerais;BOM DESPACHO;Martinho Campos
314240;314240;31;MG;Minas Gerais;BOM DESPACHO;Moema
316660;316660;31;MG;Minas Gerais;BOM DESPACHO;Serra da Saudade
310510;310510;31;MG;Minas Gerais;FORMIGA;Bambuí
311980;311980;31;MG;Minas Gerais;FORMIGA;Córrego Danta
311995;311995;31;MG;Minas Gerais;FORMIGA;Córrego Fundo
312610;312610;31;MG;Minas Gerais;FORMIGA;Formiga
313030;313030;31;MG;Minas Gerais;FORMIGA;Iguatama
314130;314130;31;MG;Minas Gerais;FORMIGA;Medeiros
314650;314650;31;MG;Minas Gerais;FORMIGA;Pains
316820;316820;31;MG;Minas Gerais;FORMIGA;Tapiraí
313220;313220;31;MG;Minas Gerais;ITAUNA;Itaguara
313370;313370;31;MG;Minas Gerais;ITAUNA;Itatiaiuçu
313380;313380;31;MG;Minas Gerais;ITAUNA;Itaúna
315060;315060;31;MG;Minas Gerais;ITAUNA;Piracema
311760;311760;31;MG;Minas Gerais;PARA DE MINAS NOVA SERRANA;Conceição do Pará
313020;313020;31;MG;Minas Gerais;PARA DE MINAS NOVA SERRANA;Igaratinga
313830;313830;31;MG;Minas Gerais;PARA DE MINAS NOVA SERRANA;Leandro Ferreira
314520;314520;31;MG;Minas Gerais;PARA DE MINAS NOVA SERRANA;Nova Serrana
314580;314580;31;MG;Minas Gerais;PARA DE MINAS NOVA SERRANA;Onça de Pitangui
314710;314710;31;MG;Minas Gerais;PARA DE MINAS NOVA SERRANA;Pará de Minas
315140;315140;31;MG;Minas Gerais;PARA DE MINAS NOVA SERRANA;Pitangui
316310;316310;31;MG;Minas Gerais;PARA DE MINAS NOVA SERRANA;São José da Varginha
310780;310780;31;MG;Minas Gerais;CARATINGA;Bom Jesus do Galho
311340;311340;31;MG;Minas Gerais;CARATINGA;Caratinga
312385;312385;31;MG;Minas Gerais;CARATINGA;Entre Folhas
313055;313055;31;MG;Minas Gerais;CARATINGA;Imbé de Minas
313090;313090;31;MG;Minas Gerais;CARATINGA;Inhapim
315015;315015;31;MG;Minas Gerais;CARATINGA;Piedade de Caratinga
315725;315725;31;MG;Minas Gerais;CARATINGA;Santa Bárbara do Leste
315935;315935;31;MG;Minas Gerais;CARATINGA;Santa Rita de Minas
316095;316095;31;MG;Minas Gerais;CARATINGA;São Domingos das Dores
316447;316447;31;MG;Minas Gerais;CARATINGA;São Sebastião do Anta
317005;317005;31;MG;Minas Gerais;CARATINGA;Ubaporanga
317057;317057;31;MG;Minas Gerais;CARATINGA;Vargem Alegre
317115;317115;31;MG;Minas Gerais;CARATINGA;Vermelho Novo
310300;310300;31;MG;Minas Gerais;CORONEL FABRICIANO TIMOTEO;Antônio Dias
311940;311940;31;MG;Minas Gerais;CORONEL FABRICIANO TIMOTEO;Coronel Fabriciano
312000;312000;31;MG;Minas Gerais;CORONEL FABRICIANO TIMOTEO;Córrego Novo
312180;312180;31;MG;Minas Gerais;CORONEL FABRICIANO TIMOTEO;Dionísio
313500;313500;31;MG;Minas Gerais;CORONEL FABRICIANO TIMOTEO;Jaguaraçu
314030;314030;31;MG;Minas Gerais;CORONEL FABRICIANO TIMOTEO;Marliéria
315053;315053;31;MG;Minas Gerais;CORONEL FABRICIANO TIMOTEO;Pingo d'Água
316870;316870;31;MG;Minas Gerais;CORONEL FABRICIANO TIMOTEO;Timóteo
310180;310180;31;MG;Minas Gerais;GOVERNADOR VALADARES;Alpercata
310220;310220;31;MG;Minas Gerais;GOVERNADOR VALADARES;Alvarenga
311265;311265;31;MG;Minas Gerais;GOVERNADOR VALADARES;Capitão Andrade
311920;311920;31;MG;Minas Gerais;GOVERNADOR VALADARES;Coroaci
312220;312220;31;MG;Minas Gerais;GOVERNADOR VALADARES;Divinolândia de Minas
312370;312370;31;MG;Minas Gerais;GOVERNADOR VALADARES;Engenheiro Caldas
312580;312580;31;MG;Minas Gerais;GOVERNADOR VALADARES;Fernandes Tourinho
312690;312690;31;MG;Minas Gerais;GOVERNADOR VALADARES;Frei Inocêncio
312730;312730;31;MG;Minas Gerais;GOVERNADOR VALADARES;Galiléia
312750;312750;31;MG;Minas Gerais;GOVERNADOR VALADARES;Gonzaga
312770;312770;31;MG;Minas Gerais;GOVERNADOR VALADARES;Governador Valadares
313320;313320;31;MG;Minas Gerais;GOVERNADOR VALADARES;Itanhomi
313507;313507;31;MG;Minas Gerais;GOVERNADOR VALADARES;Jampruca
314010;314010;31;MG;Minas Gerais;GOVERNADOR VALADARES;Marilac
314420;314420;31;MG;Minas Gerais;GOVERNADOR VALADARES;Nacip Raydan
315750;315750;31;MG;Minas Gerais;GOVERNADOR VALADARES;Santa Efigênia de Minas
316160;316160;31;MG;Minas Gerais;GOVERNADOR VALADARES;São Geraldo da Piedade
316165;316165;31;MG;Minas Gerais;GOVERNADOR VALADARES;São Geraldo do Baixio
316300;316300;31;MG;Minas Gerais;GOVERNADOR VALADARES;São José da Safira
316550;316550;31;MG;Minas Gerais;GOVERNADOR VALADARES;Sardoá
316770;316770;31;MG;Minas Gerais;GOVERNADOR VALADARES;Sobrália
316840;316840;31;MG;Minas Gerais;GOVERNADOR VALADARES;Tarumirim
316950;316950;31;MG;Minas Gerais;GOVERNADOR VALADARES;Tumiritinga
317150;317150;31;MG;Minas Gerais;GOVERNADOR VALADARES;Mathias Lobato
317190;317190;31;MG;Minas Gerais;GOVERNADOR VALADARES;Virgolândia
310050;310050;31;MG;Minas Gerais;IPATINGA;Açucena
310630;310630;31;MG;Minas Gerais;IPATINGA;Belo Oriente
310880;310880;31;MG;Minas Gerais;IPATINGA;Braúnas
310925;310925;31;MG;Minas Gerais;IPATINGA;Bugre
312250;312250;31;MG;Minas Gerais;IPATINGA;Dom Cavati
312930;312930;31;MG;Minas Gerais;IPATINGA;Iapu
313115;313115;31;MG;Minas Gerais;IPATINGA;Ipaba
313130;313130;31;MG;Minas Gerais;IPATINGA;Ipatinga
313610;313610;31;MG;Minas Gerais;IPATINGA;Joanésia
314170;314170;31;MG;Minas Gerais;IPATINGA;Mesquita
314435;314435;31;MG;Minas Gerais;IPATINGA;Naque
314995;314995;31;MG;Minas Gerais;IPATINGA;Periquito
315895;315895;31;MG;Minas Gerais;IPATINGA;Santana do Paraíso
316260;316260;31;MG;Minas Gerais;IPATINGA;São João do Oriente
311570;311570;31;MG;Minas Gerais;MANTENA;Central de Minas
312210;312210;31;MG;Minas Gerais;MANTENA;Divino das Laranjeiras
313180;313180;31;MG;Minas Gerais;MANTENA;Itabirinha
313960;313960;31;MG;Minas Gerais;MANTENA;Mantena
314150;314150;31;MG;Minas Gerais;MANTENA;Mendes Pimentel
314467;314467;31;MG;Minas Gerais;MANTENA;Nova Belém
316105;316105;31;MG;Minas Gerais;MANTENA;São Félix de Minas
316257;316257;31;MG;Minas Gerais;MANTENA;São João do Manteninha
310110;310110;31;MG;Minas Gerais;RESPLENDOR;Aimorés
311840;311840;31;MG;Minas Gerais;RESPLENDOR;Conselheiro Pena
312083;312083;31;MG;Minas Gerais;RESPLENDOR;Cuparaque
312737;312737;31;MG;Minas Gerais;RESPLENDOR;Goiabeira
313410;313410;31;MG;Minas Gerais;RESPLENDOR;Itueta
315430;315430;31;MG;Minas Gerais;RESPLENDOR;Resplendor
315950;315950;31;MG;Minas Gerais;RESPLENDOR;Santa Rita do Itueto
310150;310150;31;MG;Minas Gerais;ALEM PARAIBA;Além Paraíba
312460;312460;31;MG;Minas Gerais;ALEM PARAIBA;Estrela Dalva
315110;315110;31;MG;Minas Gerais;ALEM PARAIBA;Pirapetinga
316000;316000;31;MG;Minas Gerais;ALEM PARAIBA;Santo Antônio do Aventureiro
317210;317210;31;MG;Minas Gerais;ALEM PARAIBA;Volta Grande
311010;311010;31;MG;Minas Gerais;CARANGOLA;Caiana
311210;311210;31;MG;Minas Gerais;CARANGOLA;Caparaó
311330;311330;31;MG;Minas Gerais;CARANGOLA;Carangola
312200;312200;31;MG;Minas Gerais;CARANGOLA;Divino
312420;312420;31;MG;Minas Gerais;CARANGOLA;Espera Feliz
312530;312530;31;MG;Minas Gerais;CARANGOLA;Faria Lemos
312595;312595;31;MG;Minas Gerais;CARANGOLA;Fervedouro
314587;314587;31;MG;Minas Gerais;CARANGOLA;Orizânia
314875;314875;31;MG;Minas Gerais;CARANGOLA;Pedra Bonita
314900;314900;31;MG;Minas Gerais;CARANGOLA;Pedra Dourada
316920;316920;31;MG;Minas Gerais;CARANGOLA;Tombos
310440;310440;31;MG;Minas Gerais;LEOPOLDINA CATAGUASES;Argirita
310460;310460;31;MG;Minas Gerais;LEOPOLDINA CATAGUASES;Astolfo Dutra
311530;311530;31;MG;Minas Gerais;LEOPOLDINA CATAGUASES;Cataguases
312290;312290;31;MG;Minas Gerais;LEOPOLDINA CATAGUASES;Dona Euzébia
313260;313260;31;MG;Minas Gerais;LEOPOLDINA CATAGUASES;Itamarati de Minas
313800;313800;31;MG;Minas Gerais;LEOPOLDINA CATAGUASES;Laranjal
313840;313840;31;MG;Minas Gerais;LEOPOLDINA CATAGUASES;Leopoldina
314670;314670;31;MG;Minas Gerais;LEOPOLDINA CATAGUASES;Palma
315410;315410;31;MG;Minas Gerais;LEOPOLDINA CATAGUASES;Recreio
315840;315840;31;MG;Minas Gerais;LEOPOLDINA CATAGUASES;Santana de Cataguases
310310;310310;31;MG;Minas Gerais;MURIAE;Antônio Prado de Minas
310550;310550;31;MG;Minas Gerais;MURIAE;Barão de Monte Alto
312490;312490;31;MG;Minas Gerais;MURIAE;Eugenópolis
314210;314210;31;MG;Minas Gerais;MURIAE;Miradouro
314220;314220;31;MG;Minas Gerais;MURIAE;Miraí
314390;314390;31;MG;Minas Gerais;MURIAE;Muriaé
314820;314820;31;MG;Minas Gerais;MURIAE;Patrocínio do Muriaé
315645;315645;31;MG;Minas Gerais;MURIAE;Rosário da Limeira
316140;316140;31;MG;Minas Gerais;MURIAE;São Francisco do Glória
316443;316443;31;MG;Minas Gerais;MURIAE;São Sebastião da Vargem Alegre
317140;317140;31;MG;Minas Gerais;MURIAE;Vieiras
310330;310330;31;MG;Minas Gerais;SANTOS DUMONT;Aracitaba
314570;314570;31;MG;Minas Gerais;SANTOS DUMONT;Oliveira Fortes
316070;316070;31;MG;Minas Gerais;SANTOS DUMONT;Santos Dumont
310690;310690;31;MG;Minas Gerais;SAO JOAO NEPOMUCENO BICAS;Bicas
312130;312130;31;MG;Minas Gerais;SAO JOAO NEPOMUCENO BICAS;Descoberto
312850;312850;31;MG;Minas Gerais;SAO JOAO NEPOMUCENO BICAS;Guarará
313980;313980;31;MG;Minas Gerais;SAO JOAO NEPOMUCENO BICAS;Mar de Espanha
314020;314020;31;MG;Minas Gerais;SAO JOAO NEPOMUCENO BICAS;Maripá de Minas
314950;314950;31;MG;Minas Gerais;SAO JOAO NEPOMUCENO BICAS;Pequeri
315620;315620;31;MG;Minas Gerais;SAO JOAO NEPOMUCENO BICAS;Rochedo de Minas
316290;316290;31;MG;Minas Gerais;SAO JOAO NEPOMUCENO BICAS;São João Nepomuceno
316560;316560;31;MG;Minas Gerais;SAO JOAO NEPOMUCENO BICAS;Senador Cortes
310870;310870;31;MG;Minas Gerais;UBA;Brás Pires
311670;311670;31;MG;Minas Gerais;UBA;Coimbra
312190;312190;31;MG;Minas Gerais;UBA;Divinésia
312330;312330;31;MG;Minas Gerais;UBA;Dores do Turvo
312400;312400;31;MG;Minas Gerais;UBA;Ervália
312840;312840;31;MG;Minas Gerais;UBA;Guarani
312880;312880;31;MG;Minas Gerais;UBA;Guidoval
312900;312900;31;MG;Minas Gerais;UBA;Guiricema
314160;314160;31;MG;Minas Gerais;UBA;Mercês
315130;315130;31;MG;Minas Gerais;UBA;Piraúba
315310;315310;31;MG;Minas Gerais;UBA;Presidente Bernardes
315580;315580;31;MG;Minas Gerais;UBA;Rio Pomba
315630;315630;31;MG;Minas Gerais;UBA;Rodeiro
316150;316150;31;MG;Minas Gerais;UBA;São Geraldo
316570;316570;31;MG;Minas Gerais;UBA;Senador Firmino
316730;316730;31;MG;Minas Gerais;UBA;Silveirânia
316790;316790;31;MG;Minas Gerais;UBA;Tabuleiro
316900;316900;31;MG;Minas Gerais;UBA;Tocantins
316990;316990;31;MG;Minas Gerais;UBA;Ubá
317200;317200;31;MG;Minas Gerais;UBA;Visconde do Rio Branco
311880;311880;31;MG;Minas Gerais;CORACAO DE JESUS;Coração de Jesus
313560;313560;31;MG;Minas Gerais;CORACAO DE JESUS;Jequitaí
313730;313730;31;MG;Minas Gerais;CORACAO DE JESUS;Lagoa dos Patos
316225;316225;31;MG;Minas Gerais;CORACAO DE JESUS;São João da Lagoa
316265;316265;31;MG;Minas Gerais;CORACAO DE JESUS;São João do Pacuí
310850;310850;31;MG;Minas Gerais;FRANCISCO SA;Botumirim
311270;311270;31;MG;Minas Gerais;FRANCISCO SA;Capitão Enéas
312030;312030;31;MG;Minas Gerais;FRANCISCO SA;Cristália
312670;312670;31;MG;Minas Gerais;FRANCISCO SA;Francisco Sá
312780;312780;31;MG;Minas Gerais;FRANCISCO SA;Grão Mogol
313657;313657;31;MG;Minas Gerais;FRANCISCO SA;Josenópolis
311547;311547;31;MG;Minas Gerais;JANAUBA MONTE AZUL;Catuti
312430;312430;31;MG;Minas Gerais;JANAUBA MONTE AZUL;Espinosa
312733;312733;31;MG;Minas Gerais;JANAUBA MONTE AZUL;Gameleiras
313505;313505;31;MG;Minas Gerais;JANAUBA MONTE AZUL;Jaíba
313510;313510;31;MG;Minas Gerais;JANAUBA MONTE AZUL;Janaúba
313925;313925;31;MG;Minas Gerais;JANAUBA MONTE AZUL;Mamonas
314085;314085;31;MG;Minas Gerais;JANAUBA MONTE AZUL;Matias Cardoso
314100;314100;31;MG;Minas Gerais;JANAUBA MONTE AZUL;Mato Verde
314290;314290;31;MG;Minas Gerais;JANAUBA MONTE AZUL;Monte Azul
314505;314505;31;MG;Minas Gerais;JANAUBA MONTE AZUL;Nova Porteirinha
314655;314655;31;MG;Minas Gerais;JANAUBA MONTE AZUL;Pai Pedro
315220;315220;31;MG;Minas Gerais;JANAUBA MONTE AZUL;Porteirinha
315450;315450;31;MG;Minas Gerais;JANAUBA MONTE AZUL;Riacho dos Machados
316695;316695;31;MG;Minas Gerais;JANAUBA MONTE AZUL;Serranópolis de Minas
317103;317103;31;MG;Minas Gerais;JANAUBA MONTE AZUL;Verdelândia
310825;310825;31;MG;Minas Gerais;JANUARIA;Bonito de Minas
311783;311783;31;MG;Minas Gerais;JANUARIA;Cônego Marinho
313210;313210;31;MG;Minas Gerais;JANUARIA;Itacarambi
313520;313520;31;MG;Minas Gerais;JANUARIA;Januária
314915;314915;31;MG;Minas Gerais;JANUARIA;Pedras de Maria da Cruz
310940;310940;31;MG;Minas Gerais;PIRAPORA;Buritizeiro
312960;312960;31;MG;Minas Gerais;PIRAPORA;Ibiaí
313810;313810;31;MG;Minas Gerais;PIRAPORA;Lassance
315120;315120;31;MG;Minas Gerais;PIRAPORA;Pirapora
315213;315213;31;MG;Minas Gerais;PIRAPORA;Ponto Chique
315760;315760;31;MG;Minas Gerais;PIRAPORA;Santa Fé de Minas
317080;317080;31;MG;Minas Gerais;PIRAPORA;Várzea da Palma
312070;312070;31;MG;Minas Gerais;PATOS DE MINAS;Cruzeiro da Fortaleza
312860;312860;31;MG;Minas Gerais;PATOS DE MINAS;Guarda-Mor
312890;312890;31;MG;Minas Gerais;PATOS DE MINAS;Guimarânia
313710;313710;31;MG;Minas Gerais;PATOS DE MINAS;Lagamar
313750;313750;31;MG;Minas Gerais;PATOS DE MINAS;Lagoa Formosa
314800;314800;31;MG;Minas Gerais;PATOS DE MINAS;Patos de Minas
315340;315340;31;MG;Minas Gerais;PATOS DE MINAS;Presidente Olegário
316170;316170;31;MG;Minas Gerais;PATOS DE MINAS;São Gonçalo do Abaeté
316680;316680;31;MG;Minas Gerais;PATOS DE MINAS;Serra do Salitre
317075;317075;31;MG;Minas Gerais;PATOS DE MINAS;Varjão de Minas
317100;317100;31;MG;Minas Gerais;PATOS DE MINAS;Vazante
310450;310450;31;MG;Minas Gerais;UNAI PARACATU;Arinos
310820;310820;31;MG;Minas Gerais;UNAI PARACATU;Bonfinópolis de Minas
310930;310930;31;MG;Minas Gerais;UNAI PARACATU;Buritis
310945;310945;31;MG;Minas Gerais;UNAI PARACATU;Cabeceira Grande
311615;311615;31;MG;Minas Gerais;UNAI PARACATU;Chapada Gaúcha
312247;312247;31;MG;Minas Gerais;UNAI PARACATU;Dom Bosco
312620;312620;31;MG;Minas Gerais;UNAI PARACATU;Formoso
314437;314437;31;MG;Minas Gerais;UNAI PARACATU;Natalândia
314700;314700;31;MG;Minas Gerais;UNAI PARACATU;Paracatu
315445;315445;31;MG;Minas Gerais;UNAI PARACATU;Riachinho
317040;317040;31;MG;Minas Gerais;UNAI PARACATU;Unaí
317047;317047;31;MG;Minas Gerais;UNAI PARACATU;Uruana de Minas
310030;310030;31;MG;Minas Gerais;MANHUACU;Abre Campo
310205;310205;31;MG;Minas Gerais;MANHUACU;Alto Caparaó
311290;311290;31;MG;Minas Gerais;MANHUACU;Caputira
311600;311600;31;MG;Minas Gerais;MANHUACU;Chalé
311740;311740;31;MG;Minas Gerais;MANHUACU;Conceição de Ipanema
312352;312352;31;MG;Minas Gerais;MANHUACU;Durandé
313120;313120;31;MG;Minas Gerais;MANHUACU;Ipanema
313770;313770;31;MG;Minas Gerais;MANHUACU;Lajinha
313867;313867;31;MG;Minas Gerais;MANHUACU;Luisburgo
313940;313940;31;MG;Minas Gerais;MANHUACU;Manhuaçu
313950;313950;31;MG;Minas Gerais;MANHUACU;Manhumirim
314053;314053;31;MG;Minas Gerais;MANHUACU;Martins Soares
314090;314090;31;MG;Minas Gerais;MANHUACU;Matipó
314400;314400;31;MG;Minas Gerais;MANHUACU;Mutum
315190;315190;31;MG;Minas Gerais;MANHUACU;Pocrane
315350;315350;31;MG;Minas Gerais;MANHUACU;Alto Jequitibá
315415;315415;31;MG;Minas Gerais;MANHUACU;Reduto
315790;315790;31;MG;Minas Gerais;MANHUACU;Santa Margarida
315890;315890;31;MG;Minas Gerais;MANHUACU;Santana do Manhuaçu
316255;316255;31;MG;Minas Gerais;MANHUACU;São João do Manhuaçu
316360;316360;31;MG;Minas Gerais;MANHUACU;São José do Mantimento
316760;316760;31;MG;Minas Gerais;MANHUACU;Simonésia
316805;316805;31;MG;Minas Gerais;MANHUACU;Taparuba
310040;310040;31;MG;Minas Gerais;PONTE NOVA;Acaiaca
310230;310230;31;MG;Minas Gerais;PONTE NOVA;Alvinópolis
310250;310250;31;MG;Minas Gerais;PONTE NOVA;Amparo do Serra
310570;310570;31;MG;Minas Gerais;PONTE NOVA;Barra Longa
312170;312170;31;MG;Minas Gerais;PONTE NOVA;Diogo de Vasconcelos
312270;312270;31;MG;Minas Gerais;PONTE NOVA;Dom Silvério
312820;312820;31;MG;Minas Gerais;PONTE NOVA;Guaraciaba
313550;313550;31;MG;Minas Gerais;PONTE NOVA;Jequeri
314585;314585;31;MG;Minas Gerais;PONTE NOVA;Oratórios
315020;315020;31;MG;Minas Gerais;PONTE NOVA;Piedade de Ponte Nova
315210;315210;31;MG;Minas Gerais;PONTE NOVA;Ponte Nova
315400;315400;31;MG;Minas Gerais;PONTE NOVA;Raul Soares
315490;315490;31;MG;Minas Gerais;PONTE NOVA;Rio Casca
315500;315500;31;MG;Minas Gerais;PONTE NOVA;Rio Doce
315740;315740;31;MG;Minas Gerais;PONTE NOVA;Santa Cruz do Escalvado
316010;316010;31;MG;Minas Gerais;PONTE NOVA;Santo Antônio do Grama
316340;316340;31;MG;Minas Gerais;PONTE NOVA;São José do Goiabal
316400;316400;31;MG;Minas Gerais;PONTE NOVA;São Pedro dos Ferros
316556;316556;31;MG;Minas Gerais;PONTE NOVA;Sem-Peixe
316630;316630;31;MG;Minas Gerais;PONTE NOVA;Sericita
317050;317050;31;MG;Minas Gerais;PONTE NOVA;Urucânia
310370;310370;31;MG;Minas Gerais;VICOSA;Araponga
311020;311020;31;MG;Minas Gerais;VICOSA;Cajuri
311170;311170;31;MG;Minas Gerais;VICOSA;Canaã
314830;314830;31;MG;Minas Gerais;VICOSA;Paula Cândido
314880;314880;31;MG;Minas Gerais;VICOSA;Pedra do Anta
315230;315230;31;MG;Minas Gerais;VICOSA;Porto Firme
316380;316380;31;MG;Minas Gerais;VICOSA;São Miguel do Anta
316850;316850;31;MG;Minas Gerais;VICOSA;Teixeiras
317130;317130;31;MG;Minas Gerais;VICOSA;Viçosa
310090;310090;31;MG;Minas Gerais;AGUAS FORMOSAS;Águas Formosas
310660;310660;31;MG;Minas Gerais;AGUAS FORMOSAS;Bertópolis
312015;312015;31;MG;Minas Gerais;AGUAS FORMOSAS;Crisólita
312705;312705;31;MG;Minas Gerais;AGUAS FORMOSAS;Fronteira dos Vales
313890;313890;31;MG;Minas Gerais;AGUAS FORMOSAS;Machacalis
314850;314850;31;MG;Minas Gerais;AGUAS FORMOSAS;Pavão
315765;315765;31;MG;Minas Gerais;AGUAS FORMOSAS;Santa Helena de Minas
317030;317030;31;MG;Minas Gerais;AGUAS FORMOSAS;Umburatiba
310340;310340;31;MG;Minas Gerais;ARACUAI;Araçuaí
310650;310650;31;MG;Minas Gerais;ARACUAI;Berilo
311950;311950;31;MG;Minas Gerais;ARACUAI;Coronel Murta
312650;312650;31;MG;Minas Gerais;ARACUAI;Francisco Badaró
313545;313545;31;MG;Minas Gerais;ARACUAI;Jenipapo de Minas
317160;317160;31;MG;Minas Gerais;ARACUAI;Virgem da Lapa
311700;311700;31;MG;Minas Gerais;ITAOBIM;Comercinho
313330;313330;31;MG;Minas Gerais;ITAOBIM;Itaobim
313400;313400;31;MG;Minas Gerais;ITAOBIM;Itinga
314140;314140;31;MG;Minas Gerais;ITAOBIM;Medina
314315;314315;31;MG;Minas Gerais;ITAOBIM;Monte Formoso
315217;315217;31;MG;Minas Gerais;ITAOBIM;Ponto dos Volantes
311370;311370;31;MG;Minas Gerais;NANUQUE;Carlos Chagas
314430;314430;31;MG;Minas Gerais;NANUQUE;Nanuque
316670;316670;31;MG;Minas Gerais;NANUQUE;Serra dos Aimorés
311300;311300;31;MG;Minas Gerais;PADRE PARAISO;Caraí
311545;311545;31;MG;Minas Gerais;PADRE PARAISO;Catuji
313230;313230;31;MG;Minas Gerais;PADRE PARAISO;Itaipé
314630;314630;31;MG;Minas Gerais;PADRE PARAISO;Padre Paraíso
310100;310100;31;MG;Minas Gerais;PEDRA AZUL;Águas Vermelhas
310270;310270;31;MG;Minas Gerais;PEDRA AZUL;Cachoeira de Pajeú
312235;312235;31;MG;Minas Gerais;PEDRA AZUL;Divisa Alegre
312245;312245;31;MG;Minas Gerais;PEDRA AZUL;Divisópolis
314870;314870;31;MG;Minas Gerais;PEDRA AZUL;Pedra Azul
310400;310400;31;MG;Minas Gerais;ARAXA;Araxá
311150;311150;31;MG;Minas Gerais;ARAXA;Campos Altos
312950;312950;31;MG;Minas Gerais;ARAXA;Ibiá
314920;314920;31;MG;Minas Gerais;ARAXA;Pedrinópolis
314980;314980;31;MG;Minas Gerais;ARAXA;Perdizes
315300;315300;31;MG;Minas Gerais;ARAXA;Pratinha
315770;315770;31;MG;Minas Gerais;ARAXA;Santa Juliana
316810;316810;31;MG;Minas Gerais;ARAXA;Tapira
311455;311455;31;MG;Minas Gerais;FRUTAL   ITURAMA;Carneirinho
311690;311690;31;MG;Minas Gerais;FRUTAL   ITURAMA;Comendador Gomes
312700;312700;31;MG;Minas Gerais;FRUTAL   ITURAMA;Fronteira
312710;312710;31;MG;Minas Gerais;FRUTAL   ITURAMA;Frutal
313340;313340;31;MG;Minas Gerais;FRUTAL   ITURAMA;Itapagipe
313440;313440;31;MG;Minas Gerais;FRUTAL   ITURAMA;Iturama
313862;313862;31;MG;Minas Gerais;FRUTAL   ITURAMA;Limeira do Oeste
315070;315070;31;MG;Minas Gerais;FRUTAL   ITURAMA;Pirajuba
315160;315160;31;MG;Minas Gerais;FRUTAL   ITURAMA;Planura
316130;316130;31;MG;Minas Gerais;FRUTAL   ITURAMA;São Francisco de Sales
317043;317043;31;MG;Minas Gerais;FRUTAL   ITURAMA;União de Minas
310070;310070;31;MG;Minas Gerais;UBERABA;Água Comprida
311140;311140;31;MG;Minas Gerais;UBERABA;Campo Florido
311730;311730;31;MG;Minas Gerais;UBERABA;Conceição das Alagoas
311820;311820;31;MG;Minas Gerais;UBERABA;Conquista
312125;312125;31;MG;Minas Gerais;UBERABA;Delta
315690;315690;31;MG;Minas Gerais;UBERABA;Sacramento
317010;317010;31;MG;Minas Gerais;UBERABA;Uberaba
317110;317110;31;MG;Minas Gerais;UBERABA;Veríssimo
310980;310980;31;MG;Minas Gerais;ITUIUTABA;Cachoeira Dourada
311110;311110;31;MG;Minas Gerais;ITUIUTABA;Campina Verde
311180;311180;31;MG;Minas Gerais;ITUIUTABA;Canápolis
311260;311260;31;MG;Minas Gerais;ITUIUTABA;Capinópolis
311580;311580;31;MG;Minas Gerais;ITUIUTABA;Centralina
312910;312910;31;MG;Minas Gerais;ITUIUTABA;Gurinhatã
313140;313140;31;MG;Minas Gerais;ITUIUTABA;Ipiaçu
313420;313420;31;MG;Minas Gerais;ITUIUTABA;Ituiutaba
315980;315980;31;MG;Minas Gerais;ITUIUTABA;Santa Vitória
310010;310010;31;MG;Minas Gerais;PATROCINIO MONTE CARMELO;Abadia dos Dourados
311930;311930;31;MG;Minas Gerais;PATROCINIO MONTE CARMELO;Coromandel
312350;312350;31;MG;Minas Gerais;PATROCINIO MONTE CARMELO;Douradoquara
312480;312480;31;MG;Minas Gerais;PATROCINIO MONTE CARMELO;Estrela do Sul
312790;312790;31;MG;Minas Gerais;PATROCINIO MONTE CARMELO;Grupiara
313160;313160;31;MG;Minas Gerais;PATROCINIO MONTE CARMELO;Iraí de Minas
314310;314310;31;MG;Minas Gerais;PATROCINIO MONTE CARMELO;Monte Carmelo
314810;314810;31;MG;Minas Gerais;PATROCINIO MONTE CARMELO;Patrocínio
315640;315640;31;MG;Minas Gerais;PATROCINIO MONTE CARMELO;Romaria
310350;310350;31;MG;Minas Gerais;UBERLANDIA ARAGUARI;Araguari
310375;310375;31;MG;Minas Gerais;UBERLANDIA ARAGUARI;Araporã
311500;311500;31;MG;Minas Gerais;UBERLANDIA ARAGUARI;Cascalho Rico
313070;313070;31;MG;Minas Gerais;UBERLANDIA ARAGUARI;Indianópolis
314280;314280;31;MG;Minas Gerais;UBERLANDIA ARAGUARI;Monte Alegre de Minas
314500;314500;31;MG;Minas Gerais;UBERLANDIA ARAGUARI;Nova Ponte
315280;315280;31;MG;Minas Gerais;UBERLANDIA ARAGUARI;Prata
316960;316960;31;MG;Minas Gerais;UBERLANDIA ARAGUARI;Tupaciguara
317020;317020;31;MG;Minas Gerais;UBERLANDIA ARAGUARI;Uberlândia
313695;313695;31;MG;Minas Gerais;MANGA;Juvenília
313930;313930;31;MG;Minas Gerais;MANGA;Manga
314225;314225;31;MG;Minas Gerais;MANGA;Miravânia
314270;314270;31;MG;Minas Gerais;MANGA;Montalvânia
316245;316245;31;MG;Minas Gerais;MANGA;São João das Missões
310855;310855;31;MG;Minas Gerais;JOAO PINHEIRO;Brasilândia de Minas
313630;313630;31;MG;Minas Gerais;JOAO PINHEIRO;João Pinheiro
313753;313753;31;MG;Minas Gerais;JOAO PINHEIRO;Lagoa Grande
311800;311800;31;MG;Minas Gerais;CONGONHAS;Congonhas
312140;312140;31;MG;Minas Gerais;CONGONHAS;Desterro de Entre Rios
312390;312390;31;MG;Minas Gerais;CONGONHAS;Entre Rios de Minas
313540;313540;31;MG;Minas Gerais;CONGONHAS;Jeceaba
314590;314590;31;MG;Minas Gerais;CONGONHAS;Ouro Branco
316090;316090;31;MG;Minas Gerais;CONGONHAS;São Brás do Suaçuí
311310;311310;31;MG;Minas Gerais;CONSELHEIRO LAFAIETE;Caranaíba
311490;311490;31;MG;Minas Gerais;CONSELHEIRO LAFAIETE;Casa Grande
311540;311540;31;MG;Minas Gerais;CONSELHEIRO LAFAIETE;Catas Altas da Noruega
311830;311830;31;MG;Minas Gerais;CONSELHEIRO LAFAIETE;Conselheiro Lafaiete
312040;312040;31;MG;Minas Gerais;CONSELHEIRO LAFAIETE;Cristiano Otoni
313390;313390;31;MG;Minas Gerais;CONSELHEIRO LAFAIETE;Itaverava
313790;313790;31;MG;Minas Gerais;CONSELHEIRO LAFAIETE;Lamim
315080;315080;31;MG;Minas Gerais;CONSELHEIRO LAFAIETE;Piranga
315380;315380;31;MG;Minas Gerais;CONSELHEIRO LAFAIETE;Queluzito
315520;315520;31;MG;Minas Gerais;CONSELHEIRO LAFAIETE;Rio Espera
315910;315910;31;MG;Minas Gerais;CONSELHEIRO LAFAIETE;Santana dos Montes
316600;316600;31;MG;Minas Gerais;CONSELHEIRO LAFAIETE;Senhora de Oliveira
310380;310380;31;MG;Minas Gerais;SAO GOTARDO;Arapuá
311430;311430;31;MG;Minas Gerais;SAO GOTARDO;Carmo do Paranaíba
314120;314120;31;MG;Minas Gerais;SAO GOTARDO;Matutina
315550;315550;31;MG;Minas Gerais;SAO GOTARDO;Rio Paranaíba
315970;315970;31;MG;Minas Gerais;SAO GOTARDO;Santa Rosa da Serra
316210;316210;31;MG;Minas Gerais;SAO GOTARDO;São Gotardo
316890;316890;31;MG;Minas Gerais;SAO GOTARDO;Tiros
310730;310730;31;MG;Minas Gerais;BOCAIUVA;Bocaiúva
312380;312380;31;MG;Minas Gerais;BOCAIUVA;Engenheiro Navarro
312660;312660;31;MG;Minas Gerais;BOCAIUVA;Francisco Dumont
312825;312825;31;MG;Minas Gerais;BOCAIUVA;Guaraciama
313640;313640;31;MG;Minas Gerais;BOCAIUVA;Joaquim Felício
314545;314545;31;MG;Minas Gerais;BOCAIUVA;Olhos-d'Água
311650;311650;31;MG;Minas Gerais;MONTES CLAROS;Claro dos Poções
312735;312735;31;MG;Minas Gerais;MONTES CLAROS;Glaucilândia
313200;313200;31;MG;Minas Gerais;MONTES CLAROS;Itacambira
313680;313680;31;MG;Minas Gerais;MONTES CLAROS;Juramento
314200;314200;31;MG;Minas Gerais;MONTES CLAROS;Mirabela
314330;314330;31;MG;Minas Gerais;MONTES CLAROS;Montes Claros
310665;310665;31;MG;Minas Gerais;TAIOBEIRAS;Berizal
312087;312087;31;MG;Minas Gerais;TAIOBEIRAS;Curral de Dentro
313065;313065;31;MG;Minas Gerais;TAIOBEIRAS;Indaiabira
314345;314345;31;MG;Minas Gerais;TAIOBEIRAS;Montezuma
314465;314465;31;MG;Minas Gerais;TAIOBEIRAS;Ninheira
315560;315560;31;MG;Minas Gerais;TAIOBEIRAS;Rio Pardo de Minas
316045;316045;31;MG;Minas Gerais;TAIOBEIRAS;Santo Antônio do Retiro
316270;316270;31;MG;Minas Gerais;TAIOBEIRAS;São João do Paraíso
316800;316800;31;MG;Minas Gerais;TAIOBEIRAS;Taiobeiras
317065;317065;31;MG;Minas Gerais;TAIOBEIRAS;Vargem Grande do Rio Pardo
310390;310390;31;MG;Minas Gerais;DIVINOPOLIS;Araújos
311420;311420;31;MG;Minas Gerais;DIVINOPOLIS;Carmo do Cajuru
311660;311660;31;MG;Minas Gerais;DIVINOPOLIS;Cláudio
312230;312230;31;MG;Minas Gerais;DIVINOPOLIS;Divinópolis
313350;313350;31;MG;Minas Gerais;DIVINOPOLIS;Itapecerica
314970;314970;31;MG;Minas Gerais;DIVINOPOLIS;Perdigão
316180;316180;31;MG;Minas Gerais;DIVINOPOLIS;São Gonçalo do Pará
316460;316460;31;MG;Minas Gerais;DIVINOPOLIS;São Sebastião do Oeste
310420;310420;31;MG;Minas Gerais;LAGOA DA PRATA SANTO ANTONIO DO MONTE;Arcos
313530;313530;31;MG;Minas Gerais;LAGOA DA PRATA SANTO ANTONIO DO MONTE;Japaraíba
313720;313720;31;MG;Minas Gerais;LAGOA DA PRATA SANTO ANTONIO DO MONTE;Lagoa da Prata
314890;314890;31;MG;Minas Gerais;LAGOA DA PRATA SANTO ANTONIO DO MONTE;Pedra do Indaiá
316040;316040;31;MG;Minas Gerais;LAGOA DA PRATA SANTO ANTONIO DO MONTE;Santo Antônio do Monte
311400;311400;31;MG;Minas Gerais;OLIVEIRA SANTO ANTONIO DO AMPARO;Carmo da Mata
311450;311450;31;MG;Minas Gerais;OLIVEIRA SANTO ANTONIO DO AMPARO;Carmópolis de Minas
314560;314560;31;MG;Minas Gerais;OLIVEIRA SANTO ANTONIO DO AMPARO;Oliveira
314770;314770;31;MG;Minas Gerais;OLIVEIRA SANTO ANTONIO DO AMPARO;Passa Tempo
315990;315990;31;MG;Minas Gerais;OLIVEIRA SANTO ANTONIO DO AMPARO;Santo Antônio do Amparo
316120;316120;31;MG;Minas Gerais;OLIVEIRA SANTO ANTONIO DO AMPARO;São Francisco de Paula
310080;310080;31;MG;Minas Gerais;CAMPO BELO;Aguanil
311040;311040;31;MG;Minas Gerais;CAMPO BELO;Camacho
311120;311120;31;MG;Minas Gerais;CAMPO BELO;Campo Belo
311190;311190;31;MG;Minas Gerais;CAMPO BELO;Cana Verde
311200;311200;31;MG;Minas Gerais;CAMPO BELO;Candeias
312020;312020;31;MG;Minas Gerais;CAMPO BELO;Cristais
315880;315880;31;MG;Minas Gerais;CAMPO BELO;Santana do Jacaré
310280;310280;31;MG;Minas Gerais;LIMA DUARTE;Andrelândia
310360;310360;31;MG;Minas Gerais;LIMA DUARTE;Arantina
310680;310680;31;MG;Minas Gerais;LIMA DUARTE;Bias Fortes
310720;310720;31;MG;Minas Gerais;LIMA DUARTE;Bocaina de Minas
310750;310750;31;MG;Minas Gerais;LIMA DUARTE;Bom Jardim de Minas
313850;313850;31;MG;Minas Gerais;LIMA DUARTE;Liberdade
313860;313860;31;MG;Minas Gerais;LIMA DUARTE;Lima Duarte
314540;314540;31;MG;Minas Gerais;LIMA DUARTE;Olaria
314780;314780;31;MG;Minas Gerais;LIMA DUARTE;Passa Vinte
314940;314940;31;MG;Minas Gerais;LIMA DUARTE;Pedro Teixeira
315590;315590;31;MG;Minas Gerais;LIMA DUARTE;Rio Preto
315727;315727;31;MG;Minas Gerais;LIMA DUARTE;Santa Bárbara do Monte Verde
315930;315930;31;MG;Minas Gerais;LIMA DUARTE;Santa Rita de Jacutinga
311240;311240;31;MG;Minas Gerais;CASSIA;Capetinga
311510;311510;31;MG;Minas Gerais;CASSIA;Cássia
311640;311640;31;MG;Minas Gerais;CASSIA;Claraval
312120;312120;31;MG;Minas Gerais;CASSIA;Delfinópolis
312970;312970;31;MG;Minas Gerais;CASSIA;Ibiraci
310190;310190;31;MG;Minas Gerais;PASSOS;Alpinópolis
310760;310760;31;MG;Minas Gerais;PASSOS;Bom Jesus da Penha
311440;311440;31;MG;Minas Gerais;PASSOS;Carmo do Rio Claro
312630;312630;31;MG;Minas Gerais;PASSOS;Fortaleza de Minas
313375;313375;31;MG;Minas Gerais;PASSOS;Itaú de Minas
314510;314510;31;MG;Minas Gerais;PASSOS;Nova Resende
314790;314790;31;MG;Minas Gerais;PASSOS;Passos
316220;316220;31;MG;Minas Gerais;PASSOS;São João Batista do Glória
316294;316294;31;MG;Minas Gerais;PASSOS;São José da Barra
311280;311280;31;MG;Minas Gerais;PIUMHI;Capitólio
312340;312340;31;MG;Minas Gerais;PIUMHI;Doresópolis
312810;312810;31;MG;Minas Gerais;PIUMHI;Guapé
315050;315050;31;MG;Minas Gerais;PIUMHI;Pimenta
315150;315150;31;MG;Minas Gerais;PIUMHI;Piumhi
316430;316430;31;MG;Minas Gerais;PIUMHI;São Roque de Minas
317060;317060;31;MG;Minas Gerais;PIUMHI;Vargem Bonita
310170;310170;31;MG;Minas Gerais;ALMENARA JACINTO;Almenara
310520;310520;31;MG;Minas Gerais;ALMENARA JACINTO;Bandeira
312560;312560;31;MG;Minas Gerais;ALMENARA JACINTO;Felisburgo
313470;313470;31;MG;Minas Gerais;ALMENARA JACINTO;Jacinto
313580;313580;31;MG;Minas Gerais;ALMENARA JACINTO;Jequitinhonha
313600;313600;31;MG;Minas Gerais;ALMENARA JACINTO;Joaíma
313650;313650;31;MG;Minas Gerais;ALMENARA JACINTO;Jordânia
314055;314055;31;MG;Minas Gerais;ALMENARA JACINTO;Mata Verde
314675;314675;31;MG;Minas Gerais;ALMENARA JACINTO;Palmópolis
315510;315510;31;MG;Minas Gerais;ALMENARA JACINTO;Rio do Prado
315660;315660;31;MG;Minas Gerais;ALMENARA JACINTO;Rubim
315710;315710;31;MG;Minas Gerais;ALMENARA JACINTO;Salto da Divisa
315810;315810;31;MG;Minas Gerais;ALMENARA JACINTO;Santa Maria do Salto
316030;316030;31;MG;Minas Gerais;ALMENARA JACINTO;Santo Antônio do Jacinto
310240;310240;31;MG;Minas Gerais;SERRO;Alvorada de Minas
311750;311750;31;MG;Minas Gerais;SERRO;Conceição do Mato Dentro
316020;316020;31;MG;Minas Gerais;SERRO;Santo Antônio do Itambé
316650;316650;31;MG;Minas Gerais;SERRO;Serra Azul de Minas
316710;316710;31;MG;Minas Gerais;SERRO;Serro
311080;311080;31;MG;Minas Gerais;ITAMBACURI;Campanário
312680;312680;31;MG;Minas Gerais;ITAMBACURI;Frei Gaspar
313270;313270;31;MG;Minas Gerais;ITAMBACURI;Itambacuri
314490;314490;31;MG;Minas Gerais;ITAMBACURI;Nova Módica
315000;315000;31;MG;Minas Gerais;ITAMBACURI;Pescador
316330;316330;31;MG;Minas Gerais;ITAMBACURI;São José do Divino
310610;310610;31;MG;Minas Gerais;JUIZ DE FORA;Belmiro Braga
311590;311590;31;MG;Minas Gerais;JUIZ DE FORA;Chácara
311620;311620;31;MG;Minas Gerais;JUIZ DE FORA;Chiador
311960;311960;31;MG;Minas Gerais;JUIZ DE FORA;Coronel Pacheco
312500;312500;31;MG;Minas Gerais;JUIZ DE FORA;Ewbank da Câmara
312738;312738;31;MG;Minas Gerais;JUIZ DE FORA;Goianá
313670;313670;31;MG;Minas Gerais;JUIZ DE FORA;Juiz de Fora
314080;314080;31;MG;Minas Gerais;JUIZ DE FORA;Matias Barbosa
315010;315010;31;MG;Minas Gerais;JUIZ DE FORA;Piau
315540;315540;31;MG;Minas Gerais;JUIZ DE FORA;Rio Novo
315860;315860;31;MG;Minas Gerais;JUIZ DE FORA;Santana do Deserto
316750;316750;31;MG;Minas Gerais;JUIZ DE FORA;Simão Pereira
312707;312707;31;MG;Minas Gerais;SALINAS;Fruta de Leite
314537;314537;31;MG;Minas Gerais;SALINAS;Novorizonte
314625;314625;31;MG;Minas Gerais;SALINAS;Padre Carvalho
315650;315650;31;MG;Minas Gerais;SALINAS;Rubelita
315700;315700;31;MG;Minas Gerais;SALINAS;Salinas
315737;315737;31;MG;Minas Gerais;SALINAS;Santa Cruz de Salinas
310285;310285;31;MG;Minas Gerais;TEOFILO OTONI MALACACHETA;Angelândia
310470;310470;31;MG;Minas Gerais;TEOFILO OTONI MALACACHETA;Ataléia
312675;312675;31;MG;Minas Gerais;TEOFILO OTONI MALACACHETA;Franciscópolis
313700;313700;31;MG;Minas Gerais;TEOFILO OTONI MALACACHETA;Ladainha
313920;313920;31;MG;Minas Gerais;TEOFILO OTONI MALACACHETA;Malacacheta
314530;314530;31;MG;Minas Gerais;TEOFILO OTONI MALACACHETA;Novo Cruzeiro
314535;314535;31;MG;Minas Gerais;TEOFILO OTONI MALACACHETA;Novo Oriente de Minas
314620;314620;31;MG;Minas Gerais;TEOFILO OTONI MALACACHETA;Ouro Verde de Minas
315240;315240;31;MG;Minas Gerais;TEOFILO OTONI MALACACHETA;Poté
316555;316555;31;MG;Minas Gerais;TEOFILO OTONI MALACACHETA;Setubinha
316860;316860;31;MG;Minas Gerais;TEOFILO OTONI MALACACHETA;Teófilo Otoni
313005;313005;31;MG;Minas Gerais;SAO FRANCISCO;Icaraí de Minas
315057;315057;31;MG;Minas Gerais;SAO FRANCISCO;Pintópolis
316110;316110;31;MG;Minas Gerais;SAO FRANCISCO;São Francisco
316420;316420;31;MG;Minas Gerais;SAO FRANCISCO;São Romão
317052;317052;31;MG;Minas Gerais;SAO FRANCISCO;Urucuia
310860;310860;31;MG;Minas Gerais;BRASILIA DE MINAS;Brasília de Minas
311115;311115;31;MG;Minas Gerais;BRASILIA DE MINAS;Campo Azul
312965;312965;31;MG;Minas Gerais;BRASILIA DE MINAS;Ibiracatu
313535;313535;31;MG;Minas Gerais;BRASILIA DE MINAS;Japonvar
313865;313865;31;MG;Minas Gerais;BRASILIA DE MINAS;Lontra
313868;313868;31;MG;Minas Gerais;BRASILIA DE MINAS;Luislândia
314795;314795;31;MG;Minas Gerais;BRASILIA DE MINAS;Patis
316240;316240;31;MG;Minas Gerais;BRASILIA DE MINAS;São João da Ponte
317000;317000;31;MG;Minas Gerais;BRASILIA DE MINAS;Ubaí
317090;317090;31;MG;Minas Gerais;BRASILIA DE MINAS;Varzelândia
310060;310060;31;MG;Minas Gerais;PECANHA SAO JOAO EVANGELISTA SANTA MARIA DO SUACUI;Água Boa
311205;311205;31;MG;Minas Gerais;PECANHA SAO JOAO EVANGELISTA SANTA MARIA DO SUACUI;Cantagalo
312695;312695;31;MG;Minas Gerais;PECANHA SAO JOAO EVANGELISTA SANTA MARIA DO SUACUI;Frei Lagonegro
313655;313655;31;MG;Minas Gerais;PECANHA SAO JOAO EVANGELISTA SANTA MARIA DO SUACUI;José Raydan
314840;314840;31;MG;Minas Gerais;PECANHA SAO JOAO EVANGELISTA SANTA MARIA DO SUACUI;Paulistas
314860;314860;31;MG;Minas Gerais;PECANHA SAO JOAO EVANGELISTA SANTA MARIA DO SUACUI;Peçanha
315820;315820;31;MG;Minas Gerais;PECANHA SAO JOAO EVANGELISTA SANTA MARIA DO SUACUI;Santa Maria do Suaçuí
316280;316280;31;MG;Minas Gerais;PECANHA SAO JOAO EVANGELISTA SANTA MARIA DO SUACUI;São João Evangelista
316350;316350;31;MG;Minas Gerais;PECANHA SAO JOAO EVANGELISTA SANTA MARIA DO SUACUI;São José do Jacuri
316410;316410;31;MG;Minas Gerais;PECANHA SAO JOAO EVANGELISTA SANTA MARIA DO SUACUI;São Pedro do Suaçuí
316450;316450;31;MG;Minas Gerais;PECANHA SAO JOAO EVANGELISTA SANTA MARIA DO SUACUI;São Sebastião do Maranhão
320013;320013;32;ES;Espírito Santo;CENTRAL;Águia Branca
320035;320035;32;ES;Espírito Santo;CENTRAL;Alto Rio Novo
320080;320080;32;ES;Espírito Santo;CENTRAL;Baixo Guandu
320150;320150;32;ES;Espírito Santo;CENTRAL;Colatina
320225;320225;32;ES;Espírito Santo;CENTRAL;Governador Lindenberg
320320;320320;32;ES;Espírito Santo;CENTRAL;Linhares
320330;320330;32;ES;Espírito Santo;CENTRAL;Mantenópolis
320335;320335;32;ES;Espírito Santo;CENTRAL;Marilândia
320400;320400;32;ES;Espírito Santo;CENTRAL;Pancas
320435;320435;32;ES;Espírito Santo;CENTRAL;Rio Bananal
320465;320465;32;ES;Espírito Santo;CENTRAL;São Domingos do Norte
320470;320470;32;ES;Espírito Santo;CENTRAL;São Gabriel da Palha
320495;320495;32;ES;Espírito Santo;CENTRAL;São Roque do Canaã
320501;320501;32;ES;Espírito Santo;CENTRAL;Sooretama
320517;320517;32;ES;Espírito Santo;CENTRAL;Vila Valério
320010;320010;32;ES;Espírito Santo;METROPOLITANA;Afonso Cláudio
320060;320060;32;ES;Espírito Santo;METROPOLITANA;Aracruz
320115;320115;32;ES;Espírito Santo;METROPOLITANA;Brejetuba
320130;320130;32;ES;Espírito Santo;METROPOLITANA;Cariacica
320170;320170;32;ES;Espírito Santo;METROPOLITANA;Conceição do Castelo
320190;320190;32;ES;Espírito Santo;METROPOLITANA;Domingos Martins
320220;320220;32;ES;Espírito Santo;METROPOLITANA;Fundão
320240;320240;32;ES;Espírito Santo;METROPOLITANA;Guarapari
320245;320245;32;ES;Espírito Santo;METROPOLITANA;Ibatiba
320250;320250;32;ES;Espírito Santo;METROPOLITANA;Ibiraçu
320270;320270;32;ES;Espírito Santo;METROPOLITANA;Itaguaçu
320290;320290;32;ES;Espírito Santo;METROPOLITANA;Itarana
320313;320313;32;ES;Espírito Santo;METROPOLITANA;João Neiva
320316;320316;32;ES;Espírito Santo;METROPOLITANA;Laranja da Terra
320334;320334;32;ES;Espírito Santo;METROPOLITANA;Marechal Floriano
320450;320450;32;ES;Espírito Santo;METROPOLITANA;Santa Leopoldina
320455;320455;32;ES;Espírito Santo;METROPOLITANA;Santa Maria de Jetibá
320460;320460;32;ES;Espírito Santo;METROPOLITANA;Santa Teresa
320500;320500;32;ES;Espírito Santo;METROPOLITANA;Serra
320506;320506;32;ES;Espírito Santo;METROPOLITANA;Venda Nova do Imigrante
320510;320510;32;ES;Espírito Santo;METROPOLITANA;Viana
320520;320520;32;ES;Espírito Santo;METROPOLITANA;Vila Velha
320530;320530;32;ES;Espírito Santo;METROPOLITANA;Vitória
320016;320016;32;ES;Espírito Santo;NORTE;Água Doce do Norte
320090;320090;32;ES;Espírito Santo;NORTE;Barra de São Francisco
320100;320100;32;ES;Espírito Santo;NORTE;Boa Esperança
320160;320160;32;ES;Espírito Santo;NORTE;Conceição da Barra
320210;320210;32;ES;Espírito Santo;NORTE;Ecoporanga
320305;320305;32;ES;Espírito Santo;NORTE;Jaguaré
320350;320350;32;ES;Espírito Santo;NORTE;Montanha
320360;320360;32;ES;Espírito Santo;NORTE;Mucurici
320390;320390;32;ES;Espírito Santo;NORTE;Nova Venécia
320405;320405;32;ES;Espírito Santo;NORTE;Pedro Canário
320410;320410;32;ES;Espírito Santo;NORTE;Pinheiros
320425;320425;32;ES;Espírito Santo;NORTE;Ponto Belo
320490;320490;32;ES;Espírito Santo;NORTE;São Mateus
320515;320515;32;ES;Espírito Santo;NORTE;Vila Pavão
320020;320020;32;ES;Espírito Santo;SUL;Alegre
320030;320030;32;ES;Espírito Santo;SUL;Alfredo Chaves
320040;320040;32;ES;Espírito Santo;SUL;Anchieta
320050;320050;32;ES;Espírito Santo;SUL;Apiacá
320070;320070;32;ES;Espírito Santo;SUL;Atílio Vivacqua
320110;320110;32;ES;Espírito Santo;SUL;Bom Jesus do Norte
320120;320120;32;ES;Espírito Santo;SUL;Cachoeiro de Itapemirim
320140;320140;32;ES;Espírito Santo;SUL;Castelo
320180;320180;32;ES;Espírito Santo;SUL;Divino de São Lourenço
320200;320200;32;ES;Espírito Santo;SUL;Dores do Rio Preto
320230;320230;32;ES;Espírito Santo;SUL;Guaçuí
320255;320255;32;ES;Espírito Santo;SUL;Ibitirama
320260;320260;32;ES;Espírito Santo;SUL;Iconha
320265;320265;32;ES;Espírito Santo;SUL;Irupi
320280;320280;32;ES;Espírito Santo;SUL;Itapemirim
320300;320300;32;ES;Espírito Santo;SUL;Iúna
320310;320310;32;ES;Espírito Santo;SUL;Jerônimo Monteiro
320332;320332;32;ES;Espírito Santo;SUL;Marataízes
320340;320340;32;ES;Espírito Santo;SUL;Mimoso do Sul
320370;320370;32;ES;Espírito Santo;SUL;Muniz Freire
320380;320380;32;ES;Espírito Santo;SUL;Muqui
320420;320420;32;ES;Espírito Santo;SUL;Piúma
320430;320430;32;ES;Espírito Santo;SUL;Presidente Kennedy
320440;320440;32;ES;Espírito Santo;SUL;Rio Novo do Sul
320480;320480;32;ES;Espírito Santo;SUL;São José do Calçado
320503;320503;32;ES;Espírito Santo;SUL;Vargem Alta
330010;330010;33;RJ;Rio de Janeiro;BAIA DA ILHA GRANDE;Angra dos Reis
330260;330260;33;RJ;Rio de Janeiro;BAIA DA ILHA GRANDE;Mangaratiba
330380;330380;33;RJ;Rio de Janeiro;BAIA DA ILHA GRANDE;Paraty
330020;330020;33;RJ;Rio de Janeiro;BAIXADA LITORANEA;Araruama
330023;330023;33;RJ;Rio de Janeiro;BAIXADA LITORANEA;Armação dos Búzios
330025;330025;33;RJ;Rio de Janeiro;BAIXADA LITORANEA;Arraial do Cabo
330070;330070;33;RJ;Rio de Janeiro;BAIXADA LITORANEA;Cabo Frio
330130;330130;33;RJ;Rio de Janeiro;BAIXADA LITORANEA;Casimiro de Abreu
330187;330187;33;RJ;Rio de Janeiro;BAIXADA LITORANEA;Iguaba Grande
330452;330452;33;RJ;Rio de Janeiro;BAIXADA LITORANEA;Rio das Ostras
330520;330520;33;RJ;Rio de Janeiro;BAIXADA LITORANEA;São Pedro da Aldeia
330550;330550;33;RJ;Rio de Janeiro;BAIXADA LITORANEA;Saquarema
330022;330022;33;RJ;Rio de Janeiro;CENTRO-SUL;Areal
330095;330095;33;RJ;Rio de Janeiro;CENTRO-SUL;Comendador Levy Gasparian
330180;330180;33;RJ;Rio de Janeiro;CENTRO-SUL;Engenheiro Paulo de Frontin
330280;330280;33;RJ;Rio de Janeiro;CENTRO-SUL;Mendes
330290;330290;33;RJ;Rio de Janeiro;CENTRO-SUL;Miguel Pereira
330360;330360;33;RJ;Rio de Janeiro;CENTRO-SUL;Paracambi
330370;330370;33;RJ;Rio de Janeiro;CENTRO-SUL;Paraíba do Sul
330385;330385;33;RJ;Rio de Janeiro;CENTRO-SUL;Paty do Alferes
330540;330540;33;RJ;Rio de Janeiro;CENTRO-SUL;Sapucaia
330600;330600;33;RJ;Rio de Janeiro;CENTRO-SUL;Três Rios
330620;330620;33;RJ;Rio de Janeiro;CENTRO-SUL;Vassouras
330030;330030;33;RJ;Rio de Janeiro;MEDIO PARAIBA;Barra do Piraí
330040;330040;33;RJ;Rio de Janeiro;MEDIO PARAIBA;Barra Mansa
330225;330225;33;RJ;Rio de Janeiro;MEDIO PARAIBA;Itatiaia
330395;330395;33;RJ;Rio de Janeiro;MEDIO PARAIBA;Pinheiral
330400;330400;33;RJ;Rio de Janeiro;MEDIO PARAIBA;Piraí
330411;330411;33;RJ;Rio de Janeiro;MEDIO PARAIBA;Porto Real
330412;330412;33;RJ;Rio de Janeiro;MEDIO PARAIBA;Quatis
330420;330420;33;RJ;Rio de Janeiro;MEDIO PARAIBA;Resende
330440;330440;33;RJ;Rio de Janeiro;MEDIO PARAIBA;Rio Claro
330450;330450;33;RJ;Rio de Janeiro;MEDIO PARAIBA;Rio das Flores
330610;330610;33;RJ;Rio de Janeiro;MEDIO PARAIBA;Valença
330630;330630;33;RJ;Rio de Janeiro;MEDIO PARAIBA;Volta Redonda
330045;330045;33;RJ;Rio de Janeiro;METROPOLITANA I;Belford Roxo
330170;330170;33;RJ;Rio de Janeiro;METROPOLITANA I;Duque de Caxias
330200;330200;33;RJ;Rio de Janeiro;METROPOLITANA I;Itaguaí
330227;330227;33;RJ;Rio de Janeiro;METROPOLITANA I;Japeri
330250;330250;33;RJ;Rio de Janeiro;METROPOLITANA I;Magé
330285;330285;33;RJ;Rio de Janeiro;METROPOLITANA I;Mesquita
330320;330320;33;RJ;Rio de Janeiro;METROPOLITANA I;Nilópolis
330350;330350;33;RJ;Rio de Janeiro;METROPOLITANA I;Nova Iguaçu
330414;330414;33;RJ;Rio de Janeiro;METROPOLITANA I;Queimados
330455;330455;33;RJ;Rio de Janeiro;METROPOLITANA I;Rio de Janeiro
330510;330510;33;RJ;Rio de Janeiro;METROPOLITANA I;São João de Meriti
330555;330555;33;RJ;Rio de Janeiro;METROPOLITANA I;Seropédica
330190;330190;33;RJ;Rio de Janeiro;METROPOLITANA II;Itaboraí
330270;330270;33;RJ;Rio de Janeiro;METROPOLITANA II;Maricá
330330;330330;33;RJ;Rio de Janeiro;METROPOLITANA II;Niterói
330430;330430;33;RJ;Rio de Janeiro;METROPOLITANA II;Rio Bonito
330490;330490;33;RJ;Rio de Janeiro;METROPOLITANA II;São Gonçalo
330560;330560;33;RJ;Rio de Janeiro;METROPOLITANA II;Silva Jardim
330575;330575;33;RJ;Rio de Janeiro;METROPOLITANA II;Tanguá
330015;330015;33;RJ;Rio de Janeiro;NOROESTE;Aperibé
330060;330060;33;RJ;Rio de Janeiro;NOROESTE;Bom Jesus do Itabapoana
330090;330090;33;RJ;Rio de Janeiro;NOROESTE;Cambuci
330115;330115;33;RJ;Rio de Janeiro;NOROESTE;Cardoso Moreira
330205;330205;33;RJ;Rio de Janeiro;NOROESTE;Italva
330210;330210;33;RJ;Rio de Janeiro;NOROESTE;Itaocara
330220;330220;33;RJ;Rio de Janeiro;NOROESTE;Itaperuna
330230;330230;33;RJ;Rio de Janeiro;NOROESTE;Laje do Muriaé
330300;330300;33;RJ;Rio de Janeiro;NOROESTE;Miracema
330310;330310;33;RJ;Rio de Janeiro;NOROESTE;Natividade
330410;330410;33;RJ;Rio de Janeiro;NOROESTE;Porciúncula
330470;330470;33;RJ;Rio de Janeiro;NOROESTE;Santo Antônio de Pádua
330513;330513;33;RJ;Rio de Janeiro;NOROESTE;São José de Ubá
330615;330615;33;RJ;Rio de Janeiro;NOROESTE;Varre-Sai
330093;330093;33;RJ;Rio de Janeiro;NORTE;Carapebus
330100;330100;33;RJ;Rio de Janeiro;NORTE;Campos dos Goytacazes
330140;330140;33;RJ;Rio de Janeiro;NORTE;Conceição de Macabu
330240;330240;33;RJ;Rio de Janeiro;NORTE;Macaé
330415;330415;33;RJ;Rio de Janeiro;NORTE;Quissamã
330475;330475;33;RJ;Rio de Janeiro;NORTE;São Francisco de Itabapoana
330480;330480;33;RJ;Rio de Janeiro;NORTE;São Fidélis
330500;330500;33;RJ;Rio de Janeiro;NORTE;São João da Barra
330050;330050;33;RJ;Rio de Janeiro;SERRANA;Bom Jardim
330080;330080;33;RJ;Rio de Janeiro;SERRANA;Cachoeiras de Macacu
330110;330110;33;RJ;Rio de Janeiro;SERRANA;Cantagalo
330120;330120;33;RJ;Rio de Janeiro;SERRANA;Carmo
330150;330150;33;RJ;Rio de Janeiro;SERRANA;Cordeiro
330160;330160;33;RJ;Rio de Janeiro;SERRANA;Duas Barras
330185;330185;33;RJ;Rio de Janeiro;SERRANA;Guapimirim
330245;330245;33;RJ;Rio de Janeiro;SERRANA;Macuco
330340;330340;33;RJ;Rio de Janeiro;SERRANA;Nova Friburgo
330390;330390;33;RJ;Rio de Janeiro;SERRANA;Petrópolis
330460;330460;33;RJ;Rio de Janeiro;SERRANA;Santa Maria Madalena
330515;330515;33;RJ;Rio de Janeiro;SERRANA;São José do Vale do Rio Preto
330530;330530;33;RJ;Rio de Janeiro;SERRANA;São Sebastião do Alto
330570;330570;33;RJ;Rio de Janeiro;SERRANA;Sumidouro
330580;330580;33;RJ;Rio de Janeiro;SERRANA;Teresópolis
330590;330590;33;RJ;Rio de Janeiro;SERRANA;Trajano de Moraes
350390;350390;35;SP;São Paulo;ALTO DO TIETE;Arujá
350660;350660;35;SP;São Paulo;ALTO DO TIETE;Biritiba Mirim
351570;351570;35;SP;São Paulo;ALTO DO TIETE;Ferraz de Vasconcelos
351830;351830;35;SP;São Paulo;ALTO DO TIETE;Guararema
351880;351880;35;SP;São Paulo;ALTO DO TIETE;Guarulhos
352310;352310;35;SP;São Paulo;ALTO DO TIETE;Itaquaquecetuba
353060;353060;35;SP;São Paulo;ALTO DO TIETE;Mogi das Cruzes
353980;353980;35;SP;São Paulo;ALTO DO TIETE;Poá
354500;354500;35;SP;São Paulo;ALTO DO TIETE;Salesópolis
354680;354680;35;SP;São Paulo;ALTO DO TIETE;Santa Isabel
355250;355250;35;SP;São Paulo;ALTO DO TIETE;Suzano
350900;350900;35;SP;São Paulo;FRANCO DA ROCHA;Caieiras
350920;350920;35;SP;São Paulo;FRANCO DA ROCHA;Cajamar
351630;351630;35;SP;São Paulo;FRANCO DA ROCHA;Francisco Morato
351640;351640;35;SP;São Paulo;FRANCO DA ROCHA;Franco da Rocha
352850;352850;35;SP;São Paulo;FRANCO DA ROCHA;Mairiporã
351300;351300;35;SP;São Paulo;MANANCIAIS;Cotia
351500;351500;35;SP;São Paulo;MANANCIAIS;Embu das Artes
351510;351510;35;SP;São Paulo;MANANCIAIS;Embu-Guaçu
352220;352220;35;SP;São Paulo;MANANCIAIS;Itapecerica da Serra
352620;352620;35;SP;São Paulo;MANANCIAIS;Juquitiba
354995;354995;35;SP;São Paulo;MANANCIAIS;São Lourenço da Serra
355280;355280;35;SP;São Paulo;MANANCIAIS;Taboão da Serra
355645;355645;35;SP;São Paulo;MANANCIAIS;Vargem Grande Paulista
350570;350570;35;SP;São Paulo;ROTA DOS BANDEIRANTES;Barueri
351060;351060;35;SP;São Paulo;ROTA DOS BANDEIRANTES;Carapicuíba
352250;352250;35;SP;São Paulo;ROTA DOS BANDEIRANTES;Itapevi
352500;352500;35;SP;São Paulo;ROTA DOS BANDEIRANTES;Jandira
353440;353440;35;SP;São Paulo;ROTA DOS BANDEIRANTES;Osasco
353910;353910;35;SP;São Paulo;ROTA DOS BANDEIRANTES;Pirapora do Bom Jesus
354730;354730;35;SP;São Paulo;ROTA DOS BANDEIRANTES;Santana de Parnaíba
351380;351380;35;SP;São Paulo;GRANDE ABC;Diadema
352940;352940;35;SP;São Paulo;GRANDE ABC;Mauá
354330;354330;35;SP;São Paulo;GRANDE ABC;Ribeirão Pires
354410;354410;35;SP;São Paulo;GRANDE ABC;Rio Grande da Serra
354780;354780;35;SP;São Paulo;GRANDE ABC;Santo André
354870;354870;35;SP;São Paulo;GRANDE ABC;São Bernardo do Campo
354880;354880;35;SP;São Paulo;GRANDE ABC;São Caetano do Sul
355030;355030;35;SP;São Paulo;SAO PAULO;São Paulo
350280;350280;35;SP;São Paulo;CENTRAL DO DRS II;Araçatuba
350420;350420;35;SP;São Paulo;CENTRAL DO DRS II;Auriflama
350620;350620;35;SP;São Paulo;CENTRAL DO DRS II;Bento de Abreu
350640;350640;35;SP;São Paulo;CENTRAL DO DRS II;Bilac
351820;351820;35;SP;São Paulo;CENTRAL DO DRS II;Guararapes
351890;351890;35;SP;São Paulo;CENTRAL DO DRS II;Guzolândia
353286;353286;35;SP;São Paulo;CENTRAL DO DRS II;Nova Castilho
353330;353330;35;SP;São Paulo;CENTRAL DO DRS II;Nova Luzitânia
354440;354440;35;SP;São Paulo;CENTRAL DO DRS II;Rubiácea
354805;354805;35;SP;São Paulo;CENTRAL DO DRS II;Santo Antônio do Aracanguá
355630;355630;35;SP;São Paulo;CENTRAL DO DRS II;Valparaíso
350210;350210;35;SP;São Paulo;LAGOS DO DRS II;Andradina
351100;351100;35;SP;São Paulo;LAGOS DO DRS II;Castilho
351780;351780;35;SP;São Paulo;LAGOS DO DRS II;Guaraçaí
352044;352044;35;SP;São Paulo;LAGOS DO DRS II;Ilha Solteira
352300;352300;35;SP;São Paulo;LAGOS DO DRS II;Itapura
352650;352650;35;SP;São Paulo;LAGOS DO DRS II;Lavínia
353010;353010;35;SP;São Paulo;LAGOS DO DRS II;Mirandópolis
353210;353210;35;SP;São Paulo;LAGOS DO DRS II;Murutinga do Sul
353320;353320;35;SP;São Paulo;LAGOS DO DRS II;Nova Independência
353740;353740;35;SP;São Paulo;LAGOS DO DRS II;Pereira Barreto
355230;355230;35;SP;São Paulo;LAGOS DO DRS II;Sud Mennucci
355255;355255;35;SP;São Paulo;LAGOS DO DRS II;Suzanápolis
350110;350110;35;SP;São Paulo;CONSORCIOS DO DRS II;Alto Alegre
350440;350440;35;SP;São Paulo;CONSORCIOS DO DRS II;Avanhandava
350510;350510;35;SP;São Paulo;CONSORCIOS DO DRS II;Barbosa
350650;350650;35;SP;São Paulo;CONSORCIOS DO DRS II;Birigui
350770;350770;35;SP;São Paulo;CONSORCIOS DO DRS II;Braúna
350775;350775;35;SP;São Paulo;CONSORCIOS DO DRS II;Brejo Alegre
350810;350810;35;SP;São Paulo;CONSORCIOS DO DRS II;Buritama
351190;351190;35;SP;São Paulo;CONSORCIOS DO DRS II;Clementina
351250;351250;35;SP;São Paulo;CONSORCIOS DO DRS II;Coroados
351650;351650;35;SP;São Paulo;CONSORCIOS DO DRS II;Gabriel Monteiro
351710;351710;35;SP;São Paulo;CONSORCIOS DO DRS II;Glicério
352725;352725;35;SP;São Paulo;CONSORCIOS DO DRS II;Lourdes
352770;352770;35;SP;São Paulo;CONSORCIOS DO DRS II;Luiziânia
353730;353730;35;SP;São Paulo;CONSORCIOS DO DRS II;Penápolis
353770;353770;35;SP;São Paulo;CONSORCIOS DO DRS II;Piacatu
354840;354840;35;SP;São Paulo;CONSORCIOS DO DRS II;Santópolis do Aguapeí
355520;355520;35;SP;São Paulo;CONSORCIOS DO DRS II;Turiúba
350170;350170;35;SP;São Paulo;CENTRAL DO DRS III;Américo Brasiliense
350320;350320;35;SP;São Paulo;CENTRAL DO DRS III;Araraquara
350670;350670;35;SP;São Paulo;CENTRAL DO DRS III;Boa Esperança do Sul
351685;351685;35;SP;São Paulo;CENTRAL DO DRS III;Gavião Peixoto
353205;353205;35;SP;São Paulo;CENTRAL DO DRS III;Motuca
354370;354370;35;SP;São Paulo;CENTRAL DO DRS III;Rincão
354690;354690;35;SP;São Paulo;CENTRAL DO DRS III;Santa Lúcia
355475;355475;35;SP;São Paulo;CENTRAL DO DRS III;Trabiju
351370;351370;35;SP;São Paulo;CORACAO DO DRS III;Descalvado
351430;351430;35;SP;São Paulo;CORACAO DO DRS III;Dourado
351930;351930;35;SP;São Paulo;CORACAO DO DRS III;Ibaté
354070;354070;35;SP;São Paulo;CORACAO DO DRS III;Porto Ferreira
354290;354290;35;SP;São Paulo;CORACAO DO DRS III;Ribeirão Bonito
354890;354890;35;SP;São Paulo;CORACAO DO DRS III;São Carlos
350740;350740;35;SP;São Paulo;NOROESTE DO DRS III;Borborema
351010;351010;35;SP;São Paulo;NOROESTE DO DRS III;Cândido Rodrigues
351400;351400;35;SP;São Paulo;NOROESTE DO DRS III;Dobrada
351960;351960;35;SP;São Paulo;NOROESTE DO DRS III;Ibitinga
352270;352270;35;SP;São Paulo;NOROESTE DO DRS III;Itápolis
352930;352930;35;SP;São Paulo;NOROESTE DO DRS III;Matão
353290;353290;35;SP;São Paulo;NOROESTE DO DRS III;Nova Europa
354650;354650;35;SP;São Paulo;NOROESTE DO DRS III;Santa Ernestina
355270;355270;35;SP;São Paulo;NOROESTE DO DRS III;Tabatinga
355370;355370;35;SP;São Paulo;NOROESTE DO DRS III;Taquaritinga
350635;350635;35;SP;São Paulo;BAIXADA SANTISTA;Bertioga
351350;351350;35;SP;São Paulo;BAIXADA SANTISTA;Cubatão
351870;351870;35;SP;São Paulo;BAIXADA SANTISTA;Guarujá
352210;352210;35;SP;São Paulo;BAIXADA SANTISTA;Itanhaém
353110;353110;35;SP;São Paulo;BAIXADA SANTISTA;Mongaguá
353760;353760;35;SP;São Paulo;BAIXADA SANTISTA;Peruíbe
354100;354100;35;SP;São Paulo;BAIXADA SANTISTA;Praia Grande
354850;354850;35;SP;São Paulo;BAIXADA SANTISTA;Santos
355100;355100;35;SP;São Paulo;BAIXADA SANTISTA;São Vicente
350090;350090;35;SP;São Paulo;NORTE - BARRETOS;Altair
350550;350550;35;SP;São Paulo;NORTE - BARRETOS;Barretos
350930;350930;35;SP;São Paulo;NORTE - BARRETOS;Cajobi
351200;351200;35;SP;São Paulo;NORTE - BARRETOS;Colina
351210;351210;35;SP;São Paulo;NORTE - BARRETOS;Colômbia
351740;351740;35;SP;São Paulo;NORTE - BARRETOS;Guaíra
351790;351790;35;SP;São Paulo;NORTE - BARRETOS;Guaraci
352420;352420;35;SP;São Paulo;NORTE - BARRETOS;Jaborandi
353390;353390;35;SP;São Paulo;NORTE - BARRETOS;Olímpia
355190;355190;35;SP;São Paulo;NORTE - BARRETOS;Severínia
350610;350610;35;SP;São Paulo;SUL - BARRETOS;Bebedouro
353150;353150;35;SP;São Paulo;SUL - BARRETOS;Monte Azul Paulista
355310;355310;35;SP;São Paulo;SUL - BARRETOS;Taiaçu
355320;355320;35;SP;São Paulo;SUL - BARRETOS;Taiúva
355365;355365;35;SP;São Paulo;SUL - BARRETOS;Taquaral
355440;355440;35;SP;São Paulo;SUL - BARRETOS;Terra Roxa
355680;355680;35;SP;São Paulo;SUL - BARRETOS;Viradouro
355690;355690;35;SP;São Paulo;SUL - BARRETOS;Vista Alegre do Alto
350055;350055;35;SP;São Paulo;VALE DO JURUMIRIM;Águas de Santa Bárbara
350310;350310;35;SP;São Paulo;VALE DO JURUMIRIM;Arandu
350450;350450;35;SP;São Paulo;VALE DO JURUMIRIM;Avaré
350500;350500;35;SP;São Paulo;VALE DO JURUMIRIM;Barão de Antonina
351140;351140;35;SP;São Paulo;VALE DO JURUMIRIM;Cerqueira César
351260;351260;35;SP;São Paulo;VALE DO JURUMIRIM;Coronel Macedo
351540;351540;35;SP;São Paulo;VALE DO JURUMIRIM;Fartura
351925;351925;35;SP;São Paulo;VALE DO JURUMIRIM;Iaras
352180;352180;35;SP;São Paulo;VALE DO JURUMIRIM;Itaí
352280;352280;35;SP;São Paulo;VALE DO JURUMIRIM;Itaporanga
352860;352860;35;SP;São Paulo;VALE DO JURUMIRIM;Manduri
353580;353580;35;SP;São Paulo;VALE DO JURUMIRIM;Paranapanema
353880;353880;35;SP;São Paulo;VALE DO JURUMIRIM;Piraju
355120;355120;35;SP;São Paulo;VALE DO JURUMIRIM;Sarutaiá
355300;355300;35;SP;São Paulo;VALE DO JURUMIRIM;Taguaí
355380;355380;35;SP;São Paulo;VALE DO JURUMIRIM;Taquarituba
355420;355420;35;SP;São Paulo;VALE DO JURUMIRIM;Tejupá
350070;350070;35;SP;São Paulo;BAURU;Agudos
350340;350340;35;SP;São Paulo;BAURU;Arealva
350430;350430;35;SP;São Paulo;BAURU;Avaí
350470;350470;35;SP;São Paulo;BAURU;Balbinos
350600;350600;35;SP;São Paulo;BAURU;Bauru
350745;350745;35;SP;São Paulo;BAURU;Borebi
350830;350830;35;SP;São Paulo;BAURU;Cabrália Paulista
351450;351450;35;SP;São Paulo;BAURU;Duartina
351910;351910;35;SP;São Paulo;BAURU;Iacanga
352680;352680;35;SP;São Paulo;BAURU;Lençóis Paulista
352750;352750;35;SP;São Paulo;BAURU;Lucianópolis
352800;352800;35;SP;São Paulo;BAURU;Macatuba
353657;353657;35;SP;São Paulo;BAURU;Paulistânia
353670;353670;35;SP;São Paulo;BAURU;Pederneiras
353890;353890;35;SP;São Paulo;BAURU;Pirajuí
353940;353940;35;SP;São Paulo;BAURU;Piratininga
354110;354110;35;SP;São Paulo;BAURU;Presidente Alves
354250;354250;35;SP;São Paulo;BAURU;Reginópolis
350230;350230;35;SP;São Paulo;POLO CUESTA;Anhembi
350360;350360;35;SP;São Paulo;POLO CUESTA;Areiópolis
350690;350690;35;SP;São Paulo;POLO CUESTA;Bofete
350750;350750;35;SP;São Paulo;POLO CUESTA;Botucatu
351230;351230;35;SP;São Paulo;POLO CUESTA;Conchas
352350;352350;35;SP;São Paulo;POLO CUESTA;Itatinga
352640;352640;35;SP;São Paulo;POLO CUESTA;Laranjal Paulista
353610;353610;35;SP;São Paulo;POLO CUESTA;Pardinho
353750;353750;35;SP;São Paulo;POLO CUESTA;Pereiras
354050;354050;35;SP;São Paulo;POLO CUESTA;Porangaba
354105;354105;35;SP;São Paulo;POLO CUESTA;Pratânia
355010;355010;35;SP;São Paulo;POLO CUESTA;São Manuel
355465;355465;35;SP;São Paulo;POLO CUESTA;Torre de Pedra
350520;350520;35;SP;São Paulo;JAU;Bariri
350530;350530;35;SP;São Paulo;JAU;Barra Bonita
350680;350680;35;SP;São Paulo;JAU;Bocaina
350730;350730;35;SP;São Paulo;JAU;Boracéia
350790;350790;35;SP;São Paulo;JAU;Brotas
351410;351410;35;SP;São Paulo;JAU;Dois Córregos
352000;352000;35;SP;São Paulo;JAU;Igaraçu do Tietê
352200;352200;35;SP;São Paulo;JAU;Itaju
352290;352290;35;SP;São Paulo;JAU;Itapuí
352530;352530;35;SP;São Paulo;JAU;Jaú
352980;352980;35;SP;São Paulo;JAU;Mineiros do Tietê
355470;355470;35;SP;São Paulo;JAU;Torrinha
350880;350880;35;SP;São Paulo;LINS;Cafelândia
351700;351700;35;SP;São Paulo;LINS;Getulina
351720;351720;35;SP;São Paulo;LINS;Guaiçara
352710;352710;35;SP;São Paulo;LINS;Lins
354010;354010;35;SP;São Paulo;LINS;Pongaí
354160;354160;35;SP;São Paulo;LINS;Promissão
354460;354460;35;SP;São Paulo;LINS;Sabino
355590;355590;35;SP;São Paulo;LINS;Uru
350410;350410;35;SP;São Paulo;BRAGANCA;Atibaia
350710;350710;35;SP;São Paulo;BRAGANCA;Bom Jesus dos Perdões
350760;350760;35;SP;São Paulo;BRAGANCA;Bragança Paulista
352550;352550;35;SP;São Paulo;BRAGANCA;Joanópolis
353240;353240;35;SP;São Paulo;BRAGANCA;Nazaré Paulista
353680;353680;35;SP;São Paulo;BRAGANCA;Pedra Bela
353820;353820;35;SP;São Paulo;BRAGANCA;Pinhalzinho
353860;353860;35;SP;São Paulo;BRAGANCA;Piracaia
355210;355210;35;SP;São Paulo;BRAGANCA;Socorro
355495;355495;35;SP;São Paulo;BRAGANCA;Tuiuti
355635;355635;35;SP;São Paulo;BRAGANCA;Vargem
350160;350160;35;SP;São Paulo;REGIAO METROPOLITANA DE CAMPINAS;Americana
350380;350380;35;SP;São Paulo;REGIAO METROPOLITANA DE CAMPINAS;Artur Nogueira
350950;350950;35;SP;São Paulo;REGIAO METROPOLITANA DE CAMPINAS;Campinas
351280;351280;35;SP;São Paulo;REGIAO METROPOLITANA DE CAMPINAS;Cosmópolis
351905;351905;35;SP;São Paulo;REGIAO METROPOLITANA DE CAMPINAS;Holambra
351907;351907;35;SP;São Paulo;REGIAO METROPOLITANA DE CAMPINAS;Hortolândia
352050;352050;35;SP;São Paulo;REGIAO METROPOLITANA DE CAMPINAS;Indaiatuba
352340;352340;35;SP;São Paulo;REGIAO METROPOLITANA DE CAMPINAS;Itatiba
352470;352470;35;SP;São Paulo;REGIAO METROPOLITANA DE CAMPINAS;Jaguariúna
353180;353180;35;SP;São Paulo;REGIAO METROPOLITANA DE CAMPINAS;Monte Mor
353200;353200;35;SP;São Paulo;REGIAO METROPOLITANA DE CAMPINAS;Morungaba
353340;353340;35;SP;São Paulo;REGIAO METROPOLITANA DE CAMPINAS;Nova Odessa
353650;353650;35;SP;São Paulo;REGIAO METROPOLITANA DE CAMPINAS;Paulínia
353710;353710;35;SP;São Paulo;REGIAO METROPOLITANA DE CAMPINAS;Pedreira
354580;354580;35;SP;São Paulo;REGIAO METROPOLITANA DE CAMPINAS;Santa Bárbara d'Oeste
354800;354800;35;SP;São Paulo;REGIAO METROPOLITANA DE CAMPINAS;Santo Antônio de Posse
355240;355240;35;SP;São Paulo;REGIAO METROPOLITANA DE CAMPINAS;Sumaré
355620;355620;35;SP;São Paulo;REGIAO METROPOLITANA DE CAMPINAS;Valinhos
355670;355670;35;SP;São Paulo;REGIAO METROPOLITANA DE CAMPINAS;Vinhedo
350840;350840;35;SP;São Paulo;JUNDIAI;Cabreúva
350960;350960;35;SP;São Paulo;JUNDIAI;Campo Limpo Paulista
352400;352400;35;SP;São Paulo;JUNDIAI;Itupeva
352520;352520;35;SP;São Paulo;JUNDIAI;Jarinu
352590;352590;35;SP;São Paulo;JUNDIAI;Jundiaí
352730;352730;35;SP;São Paulo;JUNDIAI;Louveira
355650;355650;35;SP;São Paulo;JUNDIAI;Várzea Paulista
350050;350050;35;SP;São Paulo;CIRCUITO DAS AGUAS;Águas de Lindóia
350190;350190;35;SP;São Paulo;CIRCUITO DAS AGUAS;Amparo
352700;352700;35;SP;São Paulo;CIRCUITO DAS AGUAS;Lindóia
353120;353120;35;SP;São Paulo;CIRCUITO DAS AGUAS;Monte Alegre do Sul
355160;355160;35;SP;São Paulo;CIRCUITO DAS AGUAS;Serra Negra
351320;351320;35;SP;São Paulo;TRES COLINAS;Cristais Paulista
351620;351620;35;SP;São Paulo;TRES COLINAS;Franca
352370;352370;35;SP;São Paulo;TRES COLINAS;Itirapuã
352540;352540;35;SP;São Paulo;TRES COLINAS;Jeriquara
353630;353630;35;SP;São Paulo;TRES COLINAS;Patrocínio Paulista
353700;353700;35;SP;São Paulo;TRES COLINAS;Pedregulho
354270;354270;35;SP;São Paulo;TRES COLINAS;Restinga
354310;354310;35;SP;São Paulo;TRES COLINAS;Ribeirão Corrente
354360;354360;35;SP;São Paulo;TRES COLINAS;Rifaina
354950;354950;35;SP;São Paulo;TRES COLINAS;São José da Bela Vista
352130;352130;35;SP;São Paulo;ALTA ANHANGUERA;Ipuã
353190;353190;35;SP;São Paulo;ALTA ANHANGUERA;Morro Agudo
353360;353360;35;SP;São Paulo;ALTA ANHANGUERA;Nuporanga
353430;353430;35;SP;São Paulo;ALTA ANHANGUERA;Orlândia
354490;354490;35;SP;São Paulo;ALTA ANHANGUERA;Sales Oliveira
354940;354940;35;SP;São Paulo;ALTA ANHANGUERA;São Joaquim da Barra
350300;350300;35;SP;São Paulo;ALTA MOGIANA;Aramina
350820;350820;35;SP;São Paulo;ALTA MOGIANA;Buritizal
351770;351770;35;SP;São Paulo;ALTA MOGIANA;Guará
352010;352010;35;SP;São Paulo;ALTA MOGIANA;Igarapava
352410;352410;35;SP;São Paulo;ALTA MOGIANA;Ituverava
352970;352970;35;SP;São Paulo;ALTA MOGIANA;Miguelópolis
350010;350010;35;SP;São Paulo;ADAMANTINA;Adamantina
351600;351600;35;SP;São Paulo;ADAMANTINA;Flórida Paulista
352080;352080;35;SP;São Paulo;ADAMANTINA;Inúbia Paulista
352740;352740;35;SP;São Paulo;ADAMANTINA;Lucélia
352890;352890;35;SP;São Paulo;ADAMANTINA;Mariápolis
353460;353460;35;SP;São Paulo;ADAMANTINA;Osvaldo Cruz
353490;353490;35;SP;São Paulo;ADAMANTINA;Pacaembu
354085;354085;35;SP;São Paulo;ADAMANTINA;Pracinha
354470;354470;35;SP;São Paulo;ADAMANTINA;Sagres
354510;354510;35;SP;São Paulo;ADAMANTINA;Salmourão
350400;350400;35;SP;São Paulo;ASSIS;Assis
350720;350720;35;SP;São Paulo;ASSIS;Borá
351000;351000;35;SP;São Paulo;ASSIS;Cândido Mota
351330;351330;35;SP;São Paulo;ASSIS;Cruzália
351610;351610;35;SP;São Paulo;ASSIS;Florínea
352790;352790;35;SP;São Paulo;ASSIS;Lutécia
352880;352880;35;SP;São Paulo;ASSIS;Maracaí
353530;353530;35;SP;São Paulo;ASSIS;Palmital
353550;353550;35;SP;São Paulo;ASSIS;Paraguaçu Paulista
353715;353715;35;SP;São Paulo;ASSIS;Pedrinhas Paulista
353970;353970;35;SP;São Paulo;ASSIS;Platina
355395;355395;35;SP;São Paulo;ASSIS;Tarumã
350140;350140;35;SP;São Paulo;MARILIA;Álvaro de Carvalho
350150;350150;35;SP;São Paulo;MARILIA;Alvinlândia
350980;350980;35;SP;São Paulo;MARILIA;Campos Novos Paulista
351470;351470;35;SP;São Paulo;MARILIA;Echaporã
351565;351565;35;SP;São Paulo;MARILIA;Fernão
351660;351660;35;SP;São Paulo;MARILIA;Gália
351670;351670;35;SP;São Paulo;MARILIA;Garça
351730;351730;35;SP;São Paulo;MARILIA;Guaimbê
351810;351810;35;SP;São Paulo;MARILIA;Guarantã
352580;352580;35;SP;São Paulo;MARILIA;Júlio Mesquita
352780;352780;35;SP;São Paulo;MARILIA;Lupércio
352900;352900;35;SP;São Paulo;MARILIA;Marília
353370;353370;35;SP;São Paulo;MARILIA;Ocauçu
353410;353410;35;SP;São Paulo;MARILIA;Oriente
353450;353450;35;SP;São Paulo;MARILIA;Oscar Bressane
354000;354000;35;SP;São Paulo;MARILIA;Pompéia
354200;354200;35;SP;São Paulo;MARILIA;Quintana
355550;355550;35;SP;São Paulo;MARILIA;Ubirajara
355660;355660;35;SP;São Paulo;MARILIA;Vera Cruz
350630;350630;35;SP;São Paulo;OURINHOS;Bernardino de Campos
351015;351015;35;SP;São Paulo;OURINHOS;Canitar
351519;351519;35;SP;São Paulo;OURINHOS;Espírito Santo do Turvo
351950;351950;35;SP;São Paulo;OURINHOS;Ibirarema
352090;352090;35;SP;São Paulo;OURINHOS;Ipaussu
353380;353380;35;SP;São Paulo;OURINHOS;Óleo
353470;353470;35;SP;São Paulo;OURINHOS;Ourinhos
354320;354320;35;SP;São Paulo;OURINHOS;Ribeirão do Sul
354540;354540;35;SP;São Paulo;OURINHOS;Salto Grande
354640;354640;35;SP;São Paulo;OURINHOS;Santa Cruz do Rio Pardo
355050;355050;35;SP;São Paulo;OURINHOS;São Pedro do Turvo
355460;355460;35;SP;São Paulo;OURINHOS;Timburi
355720;355720;35;SP;São Paulo;OURINHOS;Chavantes
350335;350335;35;SP;São Paulo;TUPA;Arco-Íris
350580;350580;35;SP;São Paulo;TUPA;Bastos
351900;351900;35;SP;São Paulo;TUPA;Herculândia
351920;351920;35;SP;São Paulo;TUPA;Iacri
353600;353600;35;SP;São Paulo;TUPA;Parapuã
354180;354180;35;SP;São Paulo;TUPA;Queiroz
354380;354380;35;SP;São Paulo;TUPA;Rinópolis
355500;355500;35;SP;São Paulo;TUPA;Tupã
350330;350330;35;SP;São Paulo;ARARAS;Araras
351220;351220;35;SP;São Paulo;ARARAS;Conchal
352670;352670;35;SP;São Paulo;ARARAS;Leme
353930;353930;35;SP;São Paulo;ARARAS;Pirassununga
354620;354620;35;SP;São Paulo;ARARAS;Santa Cruz da Conceição
351240;351240;35;SP;São Paulo;LIMEIRA;Cordeirópolis
351515;351515;35;SP;São Paulo;LIMEIRA;Engenheiro Coelho
352140;352140;35;SP;São Paulo;LIMEIRA;Iracemápolis
352690;352690;35;SP;São Paulo;LIMEIRA;Limeira
350060;350060;35;SP;São Paulo;PIRACICABA;Águas de São Pedro
351040;351040;35;SP;São Paulo;PIRACICABA;Capivari
351170;351170;35;SP;São Paulo;PIRACICABA;Charqueada
351490;351490;35;SP;São Paulo;PIRACICABA;Elias Fausto
353090;353090;35;SP;São Paulo;PIRACICABA;Mombuca
353870;353870;35;SP;São Paulo;PIRACICABA;Piracicaba
354210;354210;35;SP;São Paulo;PIRACICABA;Rafard
354400;354400;35;SP;São Paulo;PIRACICABA;Rio das Pedras
354515;354515;35;SP;São Paulo;PIRACICABA;Saltinho
354700;354700;35;SP;São Paulo;PIRACICABA;Santa Maria da Serra
355040;355040;35;SP;São Paulo;PIRACICABA;São Pedro
350200;350200;35;SP;São Paulo;RIO CLARO;Analândia
351270;351270;35;SP;São Paulo;RIO CLARO;Corumbataí
352110;352110;35;SP;São Paulo;RIO CLARO;Ipeúna
352360;352360;35;SP;São Paulo;RIO CLARO;Itirapina
354390;354390;35;SP;São Paulo;RIO CLARO;Rio Claro
354670;354670;35;SP;São Paulo;RIO CLARO;Santa Gertrudes
351440;351440;35;SP;São Paulo;ALTA PAULISTA;Dracena
351580;351580;35;SP;São Paulo;ALTA PAULISTA;Flora Rica
352160;352160;35;SP;São Paulo;ALTA PAULISTA;Irapuru
352600;352600;35;SP;São Paulo;ALTA PAULISTA;Junqueirópolis
353160;353160;35;SP;São Paulo;ALTA PAULISTA;Monte Castelo
353310;353310;35;SP;São Paulo;ALTA PAULISTA;Nova Guataporanga
353480;353480;35;SP;São Paulo;ALTA PAULISTA;Ouro Verde
353540;353540;35;SP;São Paulo;ALTA PAULISTA;Panorama
353640;353640;35;SP;São Paulo;ALTA PAULISTA;Paulicéia
354710;354710;35;SP;São Paulo;ALTA PAULISTA;Santa Mercedes
354930;354930;35;SP;São Paulo;ALTA PAULISTA;São João do Pau d'Alho
355510;355510;35;SP;São Paulo;ALTA PAULISTA;Tupi Paulista
350080;350080;35;SP;São Paulo;ALTA SOROCABANA;Alfredo Marcondes
350130;350130;35;SP;São Paulo;ALTA SOROCABANA;Álvares Machado
350240;350240;35;SP;São Paulo;ALTA SOROCABANA;Anhumas
350890;350890;35;SP;São Paulo;ALTA SOROCABANA;Caiabu
351512;351512;35;SP;São Paulo;ALTA SOROCABANA;Emilianópolis
351530;351530;35;SP;São Paulo;ALTA SOROCABANA;Estrela do Norte
352060;352060;35;SP;São Paulo;ALTA SOROCABANA;Indiana
352920;352920;35;SP;São Paulo;ALTA SOROCABANA;Martinópolis
353220;353220;35;SP;São Paulo;ALTA SOROCABANA;Narandiba
353920;353920;35;SP;São Paulo;ALTA SOROCABANA;Pirapozinho
354120;354120;35;SP;São Paulo;ALTA SOROCABANA;Presidente Bernardes
354140;354140;35;SP;São Paulo;ALTA SOROCABANA;Presidente Prudente
354240;354240;35;SP;São Paulo;ALTA SOROCABANA;Regente Feijó
354323;354323;35;SP;São Paulo;ALTA SOROCABANA;Ribeirão dos Índios
354550;354550;35;SP;São Paulo;ALTA SOROCABANA;Sandovalina
354770;354770;35;SP;São Paulo;ALTA SOROCABANA;Santo Anastácio
354830;354830;35;SP;São Paulo;ALTA SOROCABANA;Santo Expedito
355290;355290;35;SP;São Paulo;ALTA SOROCABANA;Taciba
355390;355390;35;SP;São Paulo;ALTA SOROCABANA;Tarabai
351990;351990;35;SP;São Paulo;ALTO CAPIVARI;Iepê
352560;352560;35;SP;São Paulo;ALTO CAPIVARI;João Ramalho
353215;353215;35;SP;São Paulo;ALTO CAPIVARI;Nantes
354170;354170;35;SP;São Paulo;ALTO CAPIVARI;Quatá
354220;354220;35;SP;São Paulo;ALTO CAPIVARI;Rancharia
350910;350910;35;SP;São Paulo;EXTREMO OESTE PAULISTA;Caiuá
352870;352870;35;SP;São Paulo;EXTREMO OESTE PAULISTA;Marabá Paulista
353830;353830;35;SP;São Paulo;EXTREMO OESTE PAULISTA;Piquerobi
354130;354130;35;SP;São Paulo;EXTREMO OESTE PAULISTA;Presidente Epitácio
354150;354150;35;SP;São Paulo;EXTREMO OESTE PAULISTA;Presidente Venceslau
351535;351535;35;SP;São Paulo;PONTAL DO PARANAPANEMA;Euclides da Cunha Paulista
353020;353020;35;SP;São Paulo;PONTAL DO PARANAPANEMA;Mirante do Paranapanema
354425;354425;35;SP;São Paulo;PONTAL DO PARANAPANEMA;Rosana
355430;355430;35;SP;São Paulo;PONTAL DO PARANAPANEMA;Teodoro Sampaio
350540;350540;35;SP;São Paulo;VALE DO RIBEIRA;Barra do Turvo
350925;350925;35;SP;São Paulo;VALE DO RIBEIRA;Cajati
350990;350990;35;SP;São Paulo;VALE DO RIBEIRA;Cananéia
351480;351480;35;SP;São Paulo;VALE DO RIBEIRA;Eldorado
352030;352030;35;SP;São Paulo;VALE DO RIBEIRA;Iguape
352042;352042;35;SP;São Paulo;VALE DO RIBEIRA;Ilha Comprida
352120;352120;35;SP;São Paulo;VALE DO RIBEIRA;Iporanga
352330;352330;35;SP;São Paulo;VALE DO RIBEIRA;Itariri
352460;352460;35;SP;São Paulo;VALE DO RIBEIRA;Jacupiranga
352610;352610;35;SP;São Paulo;VALE DO RIBEIRA;Juquiá
352990;352990;35;SP;São Paulo;VALE DO RIBEIRA;Miracatu
353620;353620;35;SP;São Paulo;VALE DO RIBEIRA;Pariquera-Açu
353720;353720;35;SP;São Paulo;VALE DO RIBEIRA;Pedro de Toledo
354260;354260;35;SP;São Paulo;VALE DO RIBEIRA;Registro
355180;355180;35;SP;São Paulo;VALE DO RIBEIRA;Sete Barras
350560;350560;35;SP;São Paulo;HORIZONTE VERDE;Barrinha
351460;351460;35;SP;São Paulo;HORIZONTE VERDE;Dumont
351860;351860;35;SP;São Paulo;HORIZONTE VERDE;Guariba
352430;352430;35;SP;São Paulo;HORIZONTE VERDE;Jaboticabal
353130;353130;35;SP;São Paulo;HORIZONTE VERDE;Monte Alto
353950;353950;35;SP;São Paulo;HORIZONTE VERDE;Pitangueiras
354020;354020;35;SP;São Paulo;HORIZONTE VERDE;Pontal
354090;354090;35;SP;São Paulo;HORIZONTE VERDE;Pradópolis
355170;355170;35;SP;São Paulo;HORIZONTE VERDE;Sertãozinho
351310;351310;35;SP;São Paulo;AQUIFERO GUARANI;Cravinhos
351885;351885;35;SP;São Paulo;AQUIFERO GUARANI;Guatapará
352510;352510;35;SP;São Paulo;AQUIFERO GUARANI;Jardinópolis
352760;352760;35;SP;São Paulo;AQUIFERO GUARANI;Luís Antônio
354340;354340;35;SP;São Paulo;AQUIFERO GUARANI;Ribeirão Preto
354750;354750;35;SP;São Paulo;AQUIFERO GUARANI;Santa Rita do Passa Quatro
354760;354760;35;SP;São Paulo;AQUIFERO GUARANI;Santa Rosa de Viterbo
355090;355090;35;SP;São Paulo;AQUIFERO GUARANI;São Simão
355140;355140;35;SP;São Paulo;AQUIFERO GUARANI;Serra Azul
355150;355150;35;SP;São Paulo;AQUIFERO GUARANI;Serrana
350100;350100;35;SP;São Paulo;VALE DAS CACHOEIRAS;Altinópolis
350590;350590;35;SP;São Paulo;VALE DAS CACHOEIRAS;Batatais
350780;350780;35;SP;São Paulo;VALE DAS CACHOEIRAS;Brodowski
350940;350940;35;SP;São Paulo;VALE DAS CACHOEIRAS;Cajuru
351090;351090;35;SP;São Paulo;VALE DAS CACHOEIRAS;Cássia dos Coqueiros
354625;354625;35;SP;São Paulo;VALE DAS CACHOEIRAS;Santa Cruz da Esperança
354790;354790;35;SP;São Paulo;VALE DAS CACHOEIRAS;Santo Antônio da Alegria
352260;352260;35;SP;São Paulo;BAIXA MOGIANA;Itapira
353070;353070;35;SP;São Paulo;BAIXA MOGIANA;Mogi Guaçu
353080;353080;35;SP;São Paulo;BAIXA MOGIANA;Mogi Mirim
355730;355730;35;SP;São Paulo;BAIXA MOGIANA;Estiva Gerbi
350030;350030;35;SP;São Paulo;MANTIQUEIRA;Aguaí
350040;350040;35;SP;São Paulo;MANTIQUEIRA;Águas da Prata
351518;351518;35;SP;São Paulo;MANTIQUEIRA;Espírito Santo do Pinhal
354630;354630;35;SP;São Paulo;MANTIQUEIRA;Santa Cruz das Palmeiras
354810;354810;35;SP;São Paulo;MANTIQUEIRA;Santo Antônio do Jardim
354910;354910;35;SP;São Paulo;MANTIQUEIRA;São João da Boa Vista
355330;355330;35;SP;São Paulo;MANTIQUEIRA;Tambaú
355640;355640;35;SP;São Paulo;MANTIQUEIRA;Vargem Grande do Sul
350870;350870;35;SP;São Paulo;RIO PARDO;Caconde
351080;351080;35;SP;São Paulo;RIO PARDO;Casa Branca
351390;351390;35;SP;São Paulo;RIO PARDO;Divinolândia
352380;352380;35;SP;São Paulo;RIO PARDO;Itobi
353050;353050;35;SP;São Paulo;RIO PARDO;Mococa
354970;354970;35;SP;São Paulo;RIO PARDO;São José do Rio Pardo
355080;355080;35;SP;São Paulo;RIO PARDO;São Sebastião da Grama
355360;355360;35;SP;São Paulo;RIO PARDO;Tapiratiba
350370;350370;35;SP;São Paulo;CATANDUVA;Ariranha
351110;351110;35;SP;São Paulo;CATANDUVA;Catanduva
351120;351120;35;SP;São Paulo;CATANDUVA;Catiguá
351492;351492;35;SP;São Paulo;CATANDUVA;Elisiário
351495;351495;35;SP;São Paulo;CATANDUVA;Embaúba
351560;351560;35;SP;São Paulo;CATANDUVA;Fernando Prestes
352150;352150;35;SP;São Paulo;CATANDUVA;Irapuã
352190;352190;35;SP;São Paulo;CATANDUVA;Itajobi
352885;352885;35;SP;São Paulo;CATANDUVA;Marapoama
353325;353325;35;SP;São Paulo;CATANDUVA;Novais
353350;353350;35;SP;São Paulo;CATANDUVA;Novo Horizonte
353510;353510;35;SP;São Paulo;CATANDUVA;Palmares Paulista
353570;353570;35;SP;São Paulo;CATANDUVA;Paraíso
353810;353810;35;SP;São Paulo;CATANDUVA;Pindorama
353900;353900;35;SP;São Paulo;CATANDUVA;Pirangi
354480;354480;35;SP;São Paulo;CATANDUVA;Sales
354560;354560;35;SP;São Paulo;CATANDUVA;Santa Adélia
355260;355260;35;SP;São Paulo;CATANDUVA;Tabapuã
355600;355600;35;SP;São Paulo;CATANDUVA;Urupês
353284;353284;35;SP;São Paulo;SANTA FE DO SUL;Nova Canaã Paulista
354450;354450;35;SP;São Paulo;SANTA FE DO SUL;Rubinéia
354610;354610;35;SP;São Paulo;SANTA FE DO SUL;Santa Clara d'Oeste
354660;354660;35;SP;São Paulo;SANTA FE DO SUL;Santa Fé do Sul
354740;354740;35;SP;São Paulo;SANTA FE DO SUL;Santa Rita d'Oeste
355490;355490;35;SP;São Paulo;SANTA FE DO SUL;Três Fronteiras
350260;350260;35;SP;São Paulo;JALES;Aparecida d'Oeste
350395;350395;35;SP;São Paulo;JALES;Aspásia
351385;351385;35;SP;São Paulo;JALES;Dirce Reis
351420;351420;35;SP;São Paulo;JALES;Dolcinópolis
352480;352480;35;SP;São Paulo;JALES;Jales
352910;352910;35;SP;São Paulo;JALES;Marinópolis
352965;352965;35;SP;São Paulo;JALES;Mesópolis
353520;353520;35;SP;São Paulo;JALES;Palmeira d'Oeste
353590;353590;35;SP;São Paulo;JALES;Paranapuã
354025;354025;35;SP;São Paulo;JALES;Pontalinda
354570;354570;35;SP;São Paulo;JALES;Santa Albertina
354720;354720;35;SP;São Paulo;JALES;Santana da Ponte Pensa
354765;354765;35;SP;São Paulo;JALES;Santa Salete
354900;354900;35;SP;São Paulo;JALES;São Francisco
355580;355580;35;SP;São Paulo;JALES;Urânia
355695;355695;35;SP;São Paulo;JALES;Vitória Brasil
351520;351520;35;SP;São Paulo;FERNANDOPOLIS;Estrela d'Oeste
351550;351550;35;SP;São Paulo;FERNANDOPOLIS;Fernandópolis
351800;351800;35;SP;São Paulo;FERNANDOPOLIS;Guarani d'Oeste
352070;352070;35;SP;São Paulo;FERNANDOPOLIS;Indiaporã
352820;352820;35;SP;São Paulo;FERNANDOPOLIS;Macedônia
352960;352960;35;SP;São Paulo;FERNANDOPOLIS;Meridiano
353000;353000;35;SP;São Paulo;FERNANDOPOLIS;Mira Estrela
353475;353475;35;SP;São Paulo;FERNANDOPOLIS;Ouroeste
353690;353690;35;SP;São Paulo;FERNANDOPOLIS;Pedranópolis
354040;354040;35;SP;São Paulo;FERNANDOPOLIS;Populina
354920;354920;35;SP;São Paulo;FERNANDOPOLIS;São João das Duas Pontes
354925;354925;35;SP;São Paulo;FERNANDOPOLIS;São João de Iracema
355530;355530;35;SP;São Paulo;FERNANDOPOLIS;Turmalina
350460;350460;35;SP;São Paulo;SAO JOSE DO RIO PRETO;Bady Bassitt
350480;350480;35;SP;São Paulo;SAO JOSE DO RIO PRETO;Bálsamo
351130;351130;35;SP;São Paulo;SAO JOSE DO RIO PRETO;Cedral
351750;351750;35;SP;São Paulo;SAO JOSE DO RIO PRETO;Guapiaçu
351940;351940;35;SP;São Paulo;SAO JOSE DO RIO PRETO;Ibirá
351980;351980;35;SP;São Paulo;SAO JOSE DO RIO PRETO;Icém
352115;352115;35;SP;São Paulo;SAO JOSE DO RIO PRETO;Ipiguá
353030;353030;35;SP;São Paulo;SAO JOSE DO RIO PRETO;Mirassol
353040;353040;35;SP;São Paulo;SAO JOSE DO RIO PRETO;Mirassolândia
353250;353250;35;SP;São Paulo;SAO JOSE DO RIO PRETO;Neves Paulista
353280;353280;35;SP;São Paulo;SAO JOSE DO RIO PRETO;Nova Aliança
353300;353300;35;SP;São Paulo;SAO JOSE DO RIO PRETO;Nova Granada
353400;353400;35;SP;São Paulo;SAO JOSE DO RIO PRETO;Onda Verde
353420;353420;35;SP;São Paulo;SAO JOSE DO RIO PRETO;Orindiúva
353500;353500;35;SP;São Paulo;SAO JOSE DO RIO PRETO;Palestina
353660;353660;35;SP;São Paulo;SAO JOSE DO RIO PRETO;Paulo de Faria
354080;354080;35;SP;São Paulo;SAO JOSE DO RIO PRETO;Potirendaba
354980;354980;35;SP;São Paulo;SAO JOSE DO RIO PRETO;São José do Rio Preto
355340;355340;35;SP;São Paulo;SAO JOSE DO RIO PRETO;Tanabi
355560;355560;35;SP;São Paulo;SAO JOSE DO RIO PRETO;Uchoa
350020;350020;35;SP;São Paulo;JOSE BONIFACIO;Adolfo
352450;352450;35;SP;São Paulo;JOSE BONIFACIO;Jaci
352570;352570;35;SP;São Paulo;JOSE BONIFACIO;José Bonifácio
352950;352950;35;SP;São Paulo;JOSE BONIFACIO;Mendonça
353140;353140;35;SP;São Paulo;JOSE BONIFACIO;Monte Aprazível
353270;353270;35;SP;São Paulo;JOSE BONIFACIO;Nipoã
353960;353960;35;SP;São Paulo;JOSE BONIFACIO;Planalto
353990;353990;35;SP;São Paulo;JOSE BONIFACIO;Poloni
355535;355535;35;SP;São Paulo;JOSE BONIFACIO;Ubarana
355570;355570;35;SP;São Paulo;JOSE BONIFACIO;União Paulista
355715;355715;35;SP;São Paulo;JOSE BONIFACIO;Zacarias
350120;350120;35;SP;São Paulo;VOTUPORANGA;Álvares Florence
350180;350180;35;SP;São Paulo;VOTUPORANGA;Américo de Campos
351070;351070;35;SP;São Paulo;VOTUPORANGA;Cardoso
351290;351290;35;SP;São Paulo;VOTUPORANGA;Cosmorama
351590;351590;35;SP;São Paulo;VOTUPORANGA;Floreal
351680;351680;35;SP;São Paulo;VOTUPORANGA;Gastão Vidigal
351690;351690;35;SP;São Paulo;VOTUPORANGA;General Salgado
352810;352810;35;SP;São Paulo;VOTUPORANGA;Macaubal
352830;352830;35;SP;São Paulo;VOTUPORANGA;Magda
353100;353100;35;SP;São Paulo;VOTUPORANGA;Monções
353260;353260;35;SP;São Paulo;VOTUPORANGA;Nhandeara
353625;353625;35;SP;São Paulo;VOTUPORANGA;Parisi
354030;354030;35;SP;São Paulo;VOTUPORANGA;Pontes Gestal
354420;354420;35;SP;São Paulo;VOTUPORANGA;Riolândia
355130;355130;35;SP;São Paulo;VOTUPORANGA;Sebastianópolis do Sul
355610;355610;35;SP;São Paulo;VOTUPORANGA;Valentim Gentil
355710;355710;35;SP;São Paulo;VOTUPORANGA;Votuporanga
350075;350075;35;SP;São Paulo;ITAPETININGA;Alambari
350220;350220;35;SP;São Paulo;ITAPETININGA;Angatuba
350945;350945;35;SP;São Paulo;ITAPETININGA;Campina do Monte Alegre
351020;351020;35;SP;São Paulo;ITAPETININGA;Capão Bonito
351150;351150;35;SP;São Paulo;ITAPETININGA;Cerquilho
351160;351160;35;SP;São Paulo;ITAPETININGA;Cesário Lange
351850;351850;35;SP;São Paulo;ITAPETININGA;Guareí
352230;352230;35;SP;São Paulo;ITAPETININGA;Itapetininga
354165;354165;35;SP;São Paulo;ITAPETININGA;Quadra
354325;354325;35;SP;São Paulo;ITAPETININGA;Ribeirão Grande
355020;355020;35;SP;São Paulo;ITAPETININGA;São Miguel Arcanjo
355110;355110;35;SP;São Paulo;ITAPETININGA;Sarapuí
355400;355400;35;SP;São Paulo;ITAPETININGA;Tatuí
350270;350270;35;SP;São Paulo;ITAPEVA;Apiaí
350535;350535;35;SP;São Paulo;ITAPEVA;Barra do Chapéu
350715;350715;35;SP;São Paulo;ITAPEVA;Bom Sucesso de Itararé
350800;350800;35;SP;São Paulo;ITAPEVA;Buri
351760;351760;35;SP;São Paulo;ITAPEVA;Guapiara
352170;352170;35;SP;São Paulo;ITAPEVA;Itaberá
352215;352215;35;SP;São Paulo;ITAPEVA;Itaoca
352240;352240;35;SP;São Paulo;ITAPEVA;Itapeva
352265;352265;35;SP;São Paulo;ITAPEVA;Itapirapuã Paulista
352320;352320;35;SP;São Paulo;ITAPEVA;Itararé
353282;353282;35;SP;São Paulo;ITAPEVA;Nova Campina
354280;354280;35;SP;São Paulo;ITAPEVA;Ribeira
354300;354300;35;SP;São Paulo;ITAPEVA;Ribeirão Branco
354350;354350;35;SP;São Paulo;ITAPEVA;Riversul
355385;355385;35;SP;São Paulo;ITAPEVA;Taquarivaí
350115;350115;35;SP;São Paulo;SOROCABA;Alumínio
350275;350275;35;SP;São Paulo;SOROCABA;Araçariguama
350290;350290;35;SP;São Paulo;SOROCABA;Araçoiaba da Serra
350700;350700;35;SP;São Paulo;SOROCABA;Boituva
351030;351030;35;SP;São Paulo;SOROCABA;Capela do Alto
351970;351970;35;SP;São Paulo;SOROCABA;Ibiúna
352100;352100;35;SP;São Paulo;SOROCABA;Iperó
352390;352390;35;SP;São Paulo;SOROCABA;Itu
352585;352585;35;SP;São Paulo;SOROCABA;Jumirim
352840;352840;35;SP;São Paulo;SOROCABA;Mairinque
353780;353780;35;SP;São Paulo;SOROCABA;Piedade
353790;353790;35;SP;São Paulo;SOROCABA;Pilar do Sul
354060;354060;35;SP;São Paulo;SOROCABA;Porto Feliz
354520;354520;35;SP;São Paulo;SOROCABA;Salto
354530;354530;35;SP;São Paulo;SOROCABA;Salto de Pirapora
355060;355060;35;SP;São Paulo;SOROCABA;São Roque
355220;355220;35;SP;São Paulo;SOROCABA;Sorocaba
355350;355350;35;SP;São Paulo;SOROCABA;Tapiraí
355450;355450;35;SP;São Paulo;SOROCABA;Tietê
355700;355700;35;SP;São Paulo;SOROCABA;Votorantim
350850;350850;35;SP;São Paulo;ALTO VALE DO PARAIBA;Caçapava
352020;352020;35;SP;São Paulo;ALTO VALE DO PARAIBA;Igaratá
352440;352440;35;SP;São Paulo;ALTO VALE DO PARAIBA;Jacareí
352490;352490;35;SP;São Paulo;ALTO VALE DO PARAIBA;Jambeiro
353170;353170;35;SP;São Paulo;ALTO VALE DO PARAIBA;Monteiro Lobato
353560;353560;35;SP;São Paulo;ALTO VALE DO PARAIBA;Paraibuna
354600;354600;35;SP;São Paulo;ALTO VALE DO PARAIBA;Santa Branca
354990;354990;35;SP;São Paulo;ALTO VALE DO PARAIBA;São José dos Campos
350250;350250;35;SP;São Paulo;CIRCUITO DA FE E VALE HISTORICO;Aparecida
350315;350315;35;SP;São Paulo;CIRCUITO DA FE E VALE HISTORICO;Arapeí
350350;350350;35;SP;São Paulo;CIRCUITO DA FE E VALE HISTORICO;Areias
350490;350490;35;SP;São Paulo;CIRCUITO DA FE E VALE HISTORICO;Bananal
350860;350860;35;SP;São Paulo;CIRCUITO DA FE E VALE HISTORICO;Cachoeira Paulista
350995;350995;35;SP;São Paulo;CIRCUITO DA FE E VALE HISTORICO;Canas
351340;351340;35;SP;São Paulo;CIRCUITO DA FE E VALE HISTORICO;Cruzeiro
351360;351360;35;SP;São Paulo;CIRCUITO DA FE E VALE HISTORICO;Cunha
351840;351840;35;SP;São Paulo;CIRCUITO DA FE E VALE HISTORICO;Guaratinguetá
352660;352660;35;SP;São Paulo;CIRCUITO DA FE E VALE HISTORICO;Lavrinhas
352720;352720;35;SP;São Paulo;CIRCUITO DA FE E VALE HISTORICO;Lorena
353850;353850;35;SP;São Paulo;CIRCUITO DA FE E VALE HISTORICO;Piquete
354075;354075;35;SP;São Paulo;CIRCUITO DA FE E VALE HISTORICO;Potim
354190;354190;35;SP;São Paulo;CIRCUITO DA FE E VALE HISTORICO;Queluz
354430;354430;35;SP;São Paulo;CIRCUITO DA FE E VALE HISTORICO;Roseira
354960;354960;35;SP;São Paulo;CIRCUITO DA FE E VALE HISTORICO;São José do Barreiro
355200;355200;35;SP;São Paulo;CIRCUITO DA FE E VALE HISTORICO;Silveiras
351050;351050;35;SP;São Paulo;LITORAL NORTE;Caraguatatuba
352040;352040;35;SP;São Paulo;LITORAL NORTE;Ilhabela
355070;355070;35;SP;São Paulo;LITORAL NORTE;São Sebastião
355540;355540;35;SP;São Paulo;LITORAL NORTE;Ubatuba
350970;350970;35;SP;São Paulo;VALE DO PARAIBA REGIAO SERRANA;Campos do Jordão
352630;352630;35;SP;São Paulo;VALE DO PARAIBA REGIAO SERRANA;Lagoinha
353230;353230;35;SP;São Paulo;VALE DO PARAIBA REGIAO SERRANA;Natividade da Serra
353800;353800;35;SP;São Paulo;VALE DO PARAIBA REGIAO SERRANA;Pindamonhangaba
354230;354230;35;SP;São Paulo;VALE DO PARAIBA REGIAO SERRANA;Redenção da Serra
354820;354820;35;SP;São Paulo;VALE DO PARAIBA REGIAO SERRANA;Santo Antônio do Pinhal
354860;354860;35;SP;São Paulo;VALE DO PARAIBA REGIAO SERRANA;São Bento do Sapucaí
355000;355000;35;SP;São Paulo;VALE DO PARAIBA REGIAO SERRANA;São Luiz do Paraitinga
355410;355410;35;SP;São Paulo;VALE DO PARAIBA REGIAO SERRANA;Taubaté
355480;355480;35;SP;São Paulo;VALE DO PARAIBA REGIAO SERRANA;Tremembé
410120;410120;41;PR;Paraná;1ª RS PARANAGUA;Antonina
410950;410950;41;PR;Paraná;1ª RS PARANAGUA;Guaraqueçaba
410960;410960;41;PR;Paraná;1ª RS PARANAGUA;Guaratuba
411570;411570;41;PR;Paraná;1ª RS PARANAGUA;Matinhos
411620;411620;41;PR;Paraná;1ª RS PARANAGUA;Morretes
411820;411820;41;PR;Paraná;1ª RS PARANAGUA;Paranaguá
411995;411995;41;PR;Paraná;1ª RS PARANAGUA;Pontal do Paraná
410020;410020;41;PR;Paraná;2ª RS METROPOLITANA;Adrianópolis
410030;410030;41;PR;Paraná;2ª RS METROPOLITANA;Agudos do Sul
410040;410040;41;PR;Paraná;2ª RS METROPOLITANA;Almirante Tamandaré
410180;410180;41;PR;Paraná;2ª RS METROPOLITANA;Araucária
410230;410230;41;PR;Paraná;2ª RS METROPOLITANA;Balsa Nova
410310;410310;41;PR;Paraná;2ª RS METROPOLITANA;Bocaiúva do Sul
410400;410400;41;PR;Paraná;2ª RS METROPOLITANA;Campina Grande do Sul
410410;410410;41;PR;Paraná;2ª RS METROPOLITANA;Campo do Tenente
410420;410420;41;PR;Paraná;2ª RS METROPOLITANA;Campo Largo
410425;410425;41;PR;Paraná;2ª RS METROPOLITANA;Campo Magro
410520;410520;41;PR;Paraná;2ª RS METROPOLITANA;Cerro Azul
410580;410580;41;PR;Paraná;2ª RS METROPOLITANA;Colombo
410620;410620;41;PR;Paraná;2ª RS METROPOLITANA;Contenda
410690;410690;41;PR;Paraná;2ª RS METROPOLITANA;Curitiba
410765;410765;41;PR;Paraná;2ª RS METROPOLITANA;Fazenda Rio Grande
411125;411125;41;PR;Paraná;2ª RS METROPOLITANA;Itaperuçu
411320;411320;41;PR;Paraná;2ª RS METROPOLITANA;Lapa
411430;411430;41;PR;Paraná;2ª RS METROPOLITANA;Mandirituba
411910;411910;41;PR;Paraná;2ª RS METROPOLITANA;Piên
411915;411915;41;PR;Paraná;2ª RS METROPOLITANA;Pinhais
411950;411950;41;PR;Paraná;2ª RS METROPOLITANA;Piraquara
412080;412080;41;PR;Paraná;2ª RS METROPOLITANA;Quatro Barras
412120;412120;41;PR;Paraná;2ª RS METROPOLITANA;Quitandinha
412220;412220;41;PR;Paraná;2ª RS METROPOLITANA;Rio Branco do Sul
412230;412230;41;PR;Paraná;2ª RS METROPOLITANA;Rio Negro
412550;412550;41;PR;Paraná;2ª RS METROPOLITANA;São José dos Pinhais
412760;412760;41;PR;Paraná;2ª RS METROPOLITANA;Tijucas do Sul
412788;412788;41;PR;Paraná;2ª RS METROPOLITANA;Tunas do Paraná
412863;412863;41;PR;Paraná;2ª RS METROPOLITANA;Doutor Ulysses
410160;410160;41;PR;Paraná;3ª RS PONTA GROSSA;Arapoti
410465;410465;41;PR;Paraná;3ª RS PONTA GROSSA;Carambeí
410490;410490;41;PR;Paraná;3ª RS PONTA GROSSA;Castro
411050;411050;41;PR;Paraná;3ª RS PONTA GROSSA;Ipiranga
411140;411140;41;PR;Paraná;3ª RS PONTA GROSSA;Ivaí
411200;411200;41;PR;Paraná;3ª RS PONTA GROSSA;Jaguariaíva
411770;411770;41;PR;Paraná;3ª RS PONTA GROSSA;Palmeira
411940;411940;41;PR;Paraná;3ª RS PONTA GROSSA;Piraí do Sul
411990;411990;41;PR;Paraná;3ª RS PONTA GROSSA;Ponta Grossa
412010;412010;41;PR;Paraná;3ª RS PONTA GROSSA;Porto Amazonas
412510;412510;41;PR;Paraná;3ª RS PONTA GROSSA;São João do Triunfo
412630;412630;41;PR;Paraná;3ª RS PONTA GROSSA;Sengés
410773;410773;41;PR;Paraná;4ª RS IRATI;Fernandes Pinheiro
410895;410895;41;PR;Paraná;4ª RS IRATI;Guamiranga
411010;411010;41;PR;Paraná;4ª RS IRATI;Imbituva
411020;411020;41;PR;Paraná;4ª RS IRATI;Inácio Martins
411070;411070;41;PR;Paraná;4ª RS IRATI;Irati
411390;411390;41;PR;Paraná;4ª RS IRATI;Mallet
412150;412150;41;PR;Paraná;4ª RS IRATI;Rebouças
412200;412200;41;PR;Paraná;4ª RS IRATI;Rio Azul
412700;412700;41;PR;Paraná;4ª RS IRATI;Teixeira Soares
410304;410304;41;PR;Paraná;5ª RS GUARAPUAVA;Boa Ventura de São Roque
410395;410395;41;PR;Paraná;5ª RS GUARAPUAVA;Campina do Simão
410442;410442;41;PR;Paraná;5ª RS GUARAPUAVA;Candói
410445;410445;41;PR;Paraná;5ª RS GUARAPUAVA;Cantagalo
410845;410845;41;PR;Paraná;5ª RS GUARAPUAVA;Foz do Jordão
410865;410865;41;PR;Paraná;5ª RS GUARAPUAVA;Goioxim
410940;410940;41;PR;Paraná;5ª RS GUARAPUAVA;Guarapuava
411325;411325;41;PR;Paraná;5ª RS GUARAPUAVA;Laranjal
411330;411330;41;PR;Paraná;5ª RS GUARAPUAVA;Laranjeiras do Sul
411545;411545;41;PR;Paraná;5ª RS GUARAPUAVA;Marquinho
411705;411705;41;PR;Paraná;5ª RS GUARAPUAVA;Nova Laranjeiras
411780;411780;41;PR;Paraná;5ª RS GUARAPUAVA;Palmital
411930;411930;41;PR;Paraná;5ª RS GUARAPUAVA;Pinhão
411960;411960;41;PR;Paraná;5ª RS GUARAPUAVA;Pitanga
412015;412015;41;PR;Paraná;5ª RS GUARAPUAVA;Porto Barreiro
412060;412060;41;PR;Paraná;5ª RS GUARAPUAVA;Prudentópolis
412175;412175;41;PR;Paraná;5ª RS GUARAPUAVA;Reserva do Iguaçu
412215;412215;41;PR;Paraná;5ª RS GUARAPUAVA;Rio Bonito do Iguaçu
412796;412796;41;PR;Paraná;5ª RS GUARAPUAVA;Turvo
412865;412865;41;PR;Paraná;5ª RS GUARAPUAVA;Virmond
410130;410130;41;PR;Paraná;6ª RS UNIAO DA VITORIA;Antônio Olinto
410290;410290;41;PR;Paraná;6ª RS UNIAO DA VITORIA;Bituruna
410680;410680;41;PR;Paraná;6ª RS UNIAO DA VITORIA;Cruz Machado
410850;410850;41;PR;Paraná;6ª RS UNIAO DA VITORIA;General Carneiro
411860;411860;41;PR;Paraná;6ª RS UNIAO DA VITORIA;Paula Freitas
411870;411870;41;PR;Paraná;6ª RS UNIAO DA VITORIA;Paulo Frontin
412030;412030;41;PR;Paraná;6ª RS UNIAO DA VITORIA;Porto Vitória
412560;412560;41;PR;Paraná;6ª RS UNIAO DA VITORIA;São Mateus do Sul
412820;412820;41;PR;Paraná;6ª RS UNIAO DA VITORIA;União da Vitória
410322;410322;41;PR;Paraná;7ª RS PATO BRANCO;Bom Sucesso do Sul
410540;410540;41;PR;Paraná;7ª RS PATO BRANCO;Chopinzinho
410570;410570;41;PR;Paraná;7ª RS PATO BRANCO;Clevelândia
410645;410645;41;PR;Paraná;7ª RS PATO BRANCO;Coronel Domingos Soares
410650;410650;41;PR;Paraná;7ª RS PATO BRANCO;Coronel Vivida
410965;410965;41;PR;Paraná;7ª RS PATO BRANCO;Honório Serpa
411120;411120;41;PR;Paraná;7ª RS PATO BRANCO;Itapejara d'Oeste
411440;411440;41;PR;Paraná;7ª RS PATO BRANCO;Mangueirinha
411530;411530;41;PR;Paraná;7ª RS PATO BRANCO;Mariópolis
411760;411760;41;PR;Paraná;7ª RS PATO BRANCO;Palmas
411850;411850;41;PR;Paraná;7ª RS PATO BRANCO;Pato Branco
412480;412480;41;PR;Paraná;7ª RS PATO BRANCO;São João
412627;412627;41;PR;Paraná;7ª RS PATO BRANCO;Saudade do Iguaçu
412665;412665;41;PR;Paraná;7ª RS PATO BRANCO;Sulina
412870;412870;41;PR;Paraná;7ª RS PATO BRANCO;Vitorino
410100;410100;41;PR;Paraná;8ª RS FRANCISCO BELTRAO;Ampére
410260;410260;41;PR;Paraná;8ª RS FRANCISCO BELTRAO;Barracão
410275;410275;41;PR;Paraná;8ª RS FRANCISCO BELTRAO;Bela Vista da Caroba
410302;410302;41;PR;Paraná;8ª RS FRANCISCO BELTRAO;Boa Esperança do Iguaçu
410315;410315;41;PR;Paraná;8ª RS FRANCISCO BELTRAO;Bom Jesus do Sul
410450;410450;41;PR;Paraná;8ª RS FRANCISCO BELTRAO;Capanema
410657;410657;41;PR;Paraná;8ª RS FRANCISCO BELTRAO;Cruzeiro do Iguaçu
410720;410720;41;PR;Paraná;8ª RS FRANCISCO BELTRAO;Dois Vizinhos
410740;410740;41;PR;Paraná;8ª RS FRANCISCO BELTRAO;Enéas Marques
410785;410785;41;PR;Paraná;8ª RS FRANCISCO BELTRAO;Flor da Serra do Sul
410840;410840;41;PR;Paraná;8ª RS FRANCISCO BELTRAO;Francisco Beltrão
411435;411435;41;PR;Paraná;8ª RS FRANCISCO BELTRAO;Manfrinópolis
411540;411540;41;PR;Paraná;8ª RS FRANCISCO BELTRAO;Marmeleiro
411695;411695;41;PR;Paraná;8ª RS FRANCISCO BELTRAO;Nova Esperança do Sudoeste
411725;411725;41;PR;Paraná;8ª RS FRANCISCO BELTRAO;Nova Prata do Iguaçu
411900;411900;41;PR;Paraná;8ª RS FRANCISCO BELTRAO;Pérola d'Oeste
411925;411925;41;PR;Paraná;8ª RS FRANCISCO BELTRAO;Pinhal de São Bento
411980;411980;41;PR;Paraná;8ª RS FRANCISCO BELTRAO;Planalto
412035;412035;41;PR;Paraná;8ª RS FRANCISCO BELTRAO;Pranchita
412140;412140;41;PR;Paraná;8ª RS FRANCISCO BELTRAO;Realeza
412160;412160;41;PR;Paraná;8ª RS FRANCISCO BELTRAO;Renascença
412280;412280;41;PR;Paraná;8ª RS FRANCISCO BELTRAO;Salgado Filho
412300;412300;41;PR;Paraná;8ª RS FRANCISCO BELTRAO;Salto do Lontra
412380;412380;41;PR;Paraná;8ª RS FRANCISCO BELTRAO;Santa Izabel do Oeste
412440;412440;41;PR;Paraná;8ª RS FRANCISCO BELTRAO;Santo Antônio do Sudoeste
412520;412520;41;PR;Paraná;8ª RS FRANCISCO BELTRAO;São Jorge d'Oeste
412860;412860;41;PR;Paraná;8ª RS FRANCISCO BELTRAO;Verê
410830;410830;41;PR;Paraná;9ª RS FOZ DO IGUACU;Foz do Iguaçu
411095;411095;41;PR;Paraná;9ª RS FOZ DO IGUACU;Itaipulândia
411560;411560;41;PR;Paraná;9ª RS FOZ DO IGUACU;Matelândia
411580;411580;41;PR;Paraná;9ª RS FOZ DO IGUACU;Medianeira
411605;411605;41;PR;Paraná;9ª RS FOZ DO IGUACU;Missal
412125;412125;41;PR;Paraná;9ª RS FOZ DO IGUACU;Ramilândia
412405;412405;41;PR;Paraná;9ª RS FOZ DO IGUACU;Santa Terezinha de Itaipu
412570;412570;41;PR;Paraná;9ª RS FOZ DO IGUACU;São Miguel do Iguaçu
412635;412635;41;PR;Paraná;9ª RS FOZ DO IGUACU;Serranópolis do Iguaçu
410105;410105;41;PR;Paraná;10ª RS CASCAVEL;Anahy
410305;410305;41;PR;Paraná;10ª RS CASCAVEL;Boa Vista da Aparecida
410335;410335;41;PR;Paraná;10ª RS CASCAVEL;Braganey
410345;410345;41;PR;Paraná;10ª RS CASCAVEL;Cafelândia
410405;410405;41;PR;Paraná;10ª RS CASCAVEL;Campo Bonito
410460;410460;41;PR;Paraná;10ª RS CASCAVEL;Capitão Leônidas Marques
410480;410480;41;PR;Paraná;10ª RS CASCAVEL;Cascavel
410500;410500;41;PR;Paraná;10ª RS CASCAVEL;Catanduvas
410530;410530;41;PR;Paraná;10ª RS CASCAVEL;Céu Azul
410630;410630;41;PR;Paraná;10ª RS CASCAVEL;Corbélia
410712;410712;41;PR;Paraná;10ª RS CASCAVEL;Diamante do Sul
410754;410754;41;PR;Paraná;10ª RS CASCAVEL;Espigão Alto do Iguaçu
410820;410820;41;PR;Paraná;10ª RS CASCAVEL;Formosa do Oeste
410930;410930;41;PR;Paraná;10ª RS CASCAVEL;Guaraniaçu
410975;410975;41;PR;Paraná;10ª RS CASCAVEL;Ibema
411005;411005;41;PR;Paraná;10ª RS CASCAVEL;Iguatu
411065;411065;41;PR;Paraná;10ª RS CASCAVEL;Iracema do Oeste
411275;411275;41;PR;Paraná;10ª RS CASCAVEL;Jesuítas
411345;411345;41;PR;Paraná;10ª RS CASCAVEL;Lindoeste
411670;411670;41;PR;Paraná;10ª RS CASCAVEL;Nova Aurora
412090;412090;41;PR;Paraná;10ª RS CASCAVEL;Quedas do Iguaçu
412382;412382;41;PR;Paraná;10ª RS CASCAVEL;Santa Lúcia
412402;412402;41;PR;Paraná;10ª RS CASCAVEL;Santa Tereza do Oeste
412785;412785;41;PR;Paraná;10ª RS CASCAVEL;Três Barras do Paraná
412855;412855;41;PR;Paraná;10ª RS CASCAVEL;Vera Cruz do Oeste
410045;410045;41;PR;Paraná;11ª RS CAMPO MOURAO;Altamira do Paraná
410170;410170;41;PR;Paraná;11ª RS CAMPO MOURAO;Araruna
410250;410250;41;PR;Paraná;11ª RS CAMPO MOURAO;Barbosa Ferraz
410300;410300;41;PR;Paraná;11ª RS CAMPO MOURAO;Boa Esperança
410390;410390;41;PR;Paraná;11ª RS CAMPO MOURAO;Campina da Lagoa
410430;410430;41;PR;Paraná;11ª RS CAMPO MOURAO;Campo Mourão
410655;410655;41;PR;Paraná;11ª RS CAMPO MOURAO;Corumbataí do Sul
410750;410750;41;PR;Paraná;11ª RS CAMPO MOURAO;Engenheiro Beltrão
410755;410755;41;PR;Paraná;11ª RS CAMPO MOURAO;Farol
410770;410770;41;PR;Paraná;11ª RS CAMPO MOURAO;Fênix
410860;410860;41;PR;Paraná;11ª RS CAMPO MOURAO;Goioerê
411080;411080;41;PR;Paraná;11ª RS CAMPO MOURAO;Iretama
411220;411220;41;PR;Paraná;11ª RS CAMPO MOURAO;Janiópolis
411295;411295;41;PR;Paraná;11ª RS CAMPO MOURAO;Juranda
411373;411373;41;PR;Paraná;11ª RS CAMPO MOURAO;Luiziana
411400;411400;41;PR;Paraná;11ª RS CAMPO MOURAO;Mamborê
411610;411610;41;PR;Paraná;11ª RS CAMPO MOURAO;Moreira Sales
411680;411680;41;PR;Paraná;11ª RS CAMPO MOURAO;Nova Cantu
411880;411880;41;PR;Paraná;11ª RS CAMPO MOURAO;Peabiru
412065;412065;41;PR;Paraná;11ª RS CAMPO MOURAO;Quarto Centenário
412110;412110;41;PR;Paraná;11ª RS CAMPO MOURAO;Quinta do Sol
412135;412135;41;PR;Paraná;11ª RS CAMPO MOURAO;Rancho Alegre D'Oeste
412250;412250;41;PR;Paraná;11ª RS CAMPO MOURAO;Roncador
412720;412720;41;PR;Paraná;11ª RS CAMPO MOURAO;Terra Boa
412800;412800;41;PR;Paraná;11ª RS CAMPO MOURAO;Ubiratã
410050;410050;41;PR;Paraná;12ª RS UMUARAMA;Altônia
410070;410070;41;PR;Paraná;12ª RS UMUARAMA;Alto Piquiri
410337;410337;41;PR;Paraná;12ª RS UMUARAMA;Brasilândia do Sul
410347;410347;41;PR;Paraná;12ª RS UMUARAMA;Cafezal do Sul
410660;410660;41;PR;Paraná;12ª RS UMUARAMA;Cruzeiro do Oeste
410725;410725;41;PR;Paraná;12ª RS UMUARAMA;Douradina
410752;410752;41;PR;Paraná;12ª RS UMUARAMA;Esperança Nova
410832;410832;41;PR;Paraná;12ª RS UMUARAMA;Francisco Alves
410990;410990;41;PR;Paraná;12ª RS UMUARAMA;Icaraíma
411060;411060;41;PR;Paraná;12ª RS UMUARAMA;Iporã
411155;411155;41;PR;Paraná;12ª RS UMUARAMA;Ivaté
411470;411470;41;PR;Paraná;12ª RS UMUARAMA;Maria Helena
411510;411510;41;PR;Paraná;12ª RS UMUARAMA;Mariluz
411720;411720;41;PR;Paraná;12ª RS UMUARAMA;Nova Olímpia
411885;411885;41;PR;Paraná;12ª RS UMUARAMA;Perobal
411890;411890;41;PR;Paraná;12ª RS UMUARAMA;Pérola
412535;412535;41;PR;Paraná;12ª RS UMUARAMA;São Jorge do Patrocínio
412690;412690;41;PR;Paraná;12ª RS UMUARAMA;Tapira
412810;412810;41;PR;Paraná;12ª RS UMUARAMA;Umuarama
412862;412862;41;PR;Paraná;12ª RS UMUARAMA;Alto Paraíso
412880;412880;41;PR;Paraná;12ª RS UMUARAMA;Xambrê
410550;410550;41;PR;Paraná;13ª RS CIANORTE;Cianorte
410560;410560;41;PR;Paraná;13ª RS CIANORTE;Cidade Gaúcha
410910;410910;41;PR;Paraná;13ª RS CIANORTE;Guaporema
411040;411040;41;PR;Paraná;13ª RS CIANORTE;Indianópolis
411240;411240;41;PR;Paraná;13ª RS CIANORTE;Japurá
411300;411300;41;PR;Paraná;13ª RS CIANORTE;Jussara
412260;412260;41;PR;Paraná;13ª RS CIANORTE;Rondon
412555;412555;41;PR;Paraná;13ª RS CIANORTE;São Manoel do Paraná
412610;412610;41;PR;Paraná;13ª RS CIANORTE;São Tomé
412680;412680;41;PR;Paraná;13ª RS CIANORTE;Tapejara
412790;412790;41;PR;Paraná;13ª RS CIANORTE;Tuneiras do Oeste
410060;410060;41;PR;Paraná;14ª RS PARANAVAI;Alto Paraná
410090;410090;41;PR;Paraná;14ª RS PARANAVAI;Amaporã
410670;410670;41;PR;Paraná;14ª RS PARANAVAI;Cruzeiro do Sul
410710;410710;41;PR;Paraná;14ª RS PARANAVAI;Diamante do Norte
410890;410890;41;PR;Paraná;14ª RS PARANAVAI;Guairaçá
411030;411030;41;PR;Paraná;14ª RS PARANAVAI;Inajá
411130;411130;41;PR;Paraná;14ª RS PARANAVAI;Itaúna do Sul
411260;411260;41;PR;Paraná;14ª RS PARANAVAI;Jardim Olinda
411350;411350;41;PR;Paraná;14ª RS PARANAVAI;Loanda
411500;411500;41;PR;Paraná;14ª RS PARANAVAI;Marilena
411590;411590;41;PR;Paraná;14ª RS PARANAVAI;Mirador
411650;411650;41;PR;Paraná;14ª RS PARANAVAI;Nova Aliança do Ivaí
411710;411710;41;PR;Paraná;14ª RS PARANAVAI;Nova Londrina
411800;411800;41;PR;Paraná;14ª RS PARANAVAI;Paraíso do Norte
411830;411830;41;PR;Paraná;14ª RS PARANAVAI;Paranapoema
411840;411840;41;PR;Paraná;14ª RS PARANAVAI;Paranavaí
411970;411970;41;PR;Paraná;14ª RS PARANAVAI;Planaltina do Paraná
412020;412020;41;PR;Paraná;14ª RS PARANAVAI;Porto Rico
412100;412100;41;PR;Paraná;14ª RS PARANAVAI;Querência do Norte
412330;412330;41;PR;Paraná;14ª RS PARANAVAI;Santa Cruz de Monte Castelo
412370;412370;41;PR;Paraná;14ª RS PARANAVAI;Santa Isabel do Ivaí
412395;412395;41;PR;Paraná;14ª RS PARANAVAI;Santa Mônica
412420;412420;41;PR;Paraná;14ª RS PARANAVAI;Santo Antônio do Caiuá
412460;412460;41;PR;Paraná;14ª RS PARANAVAI;São Carlos do Ivaí
412490;412490;41;PR;Paraná;14ª RS PARANAVAI;São João do Caiuá
412590;412590;41;PR;Paraná;14ª RS PARANAVAI;São Pedro do Paraná
412670;412670;41;PR;Paraná;14ª RS PARANAVAI;Tamboara
412730;412730;41;PR;Paraná;14ª RS PARANAVAI;Terra Rica
410115;410115;41;PR;Paraná;15ª RS MARINGA;Ângulo
410210;410210;41;PR;Paraná;15ª RS MARINGA;Astorga
410220;410220;41;PR;Paraná;15ª RS MARINGA;Atalaia
410590;410590;41;PR;Paraná;15ª RS MARINGA;Colorado
410730;410730;41;PR;Paraná;15ª RS MARINGA;Doutor Camargo
410780;410780;41;PR;Paraná;15ª RS MARINGA;Floraí
410790;410790;41;PR;Paraná;15ª RS MARINGA;Floresta
410810;410810;41;PR;Paraná;15ª RS MARINGA;Flórida
411000;411000;41;PR;Paraná;15ª RS MARINGA;Iguaraçu
411090;411090;41;PR;Paraná;15ª RS MARINGA;Itaguajé
411110;411110;41;PR;Paraná;15ª RS MARINGA;Itambé
411160;411160;41;PR;Paraná;15ª RS MARINGA;Ivatuba
411360;411360;41;PR;Paraná;15ª RS MARINGA;Lobato
411410;411410;41;PR;Paraná;15ª RS MARINGA;Mandaguaçu
411420;411420;41;PR;Paraná;15ª RS MARINGA;Mandaguari
411480;411480;41;PR;Paraná;15ª RS MARINGA;Marialva
411520;411520;41;PR;Paraná;15ª RS MARINGA;Maringá
411630;411630;41;PR;Paraná;15ª RS MARINGA;Munhoz de Melo
411640;411640;41;PR;Paraná;15ª RS MARINGA;Nossa Senhora das Graças
411690;411690;41;PR;Paraná;15ª RS MARINGA;Nova Esperança
411740;411740;41;PR;Paraná;15ª RS MARINGA;Ourizona
411750;411750;41;PR;Paraná;15ª RS MARINGA;Paiçandu
411810;411810;41;PR;Paraná;15ª RS MARINGA;Paranacity
412040;412040;41;PR;Paraná;15ª RS MARINGA;Presidente Castelo Branco
412340;412340;41;PR;Paraná;15ª RS MARINGA;Santa Fé
412360;412360;41;PR;Paraná;15ª RS MARINGA;Santa Inês
412450;412450;41;PR;Paraná;15ª RS MARINGA;Santo Inácio
412530;412530;41;PR;Paraná;15ª RS MARINGA;São Jorge do Ivaí
412625;412625;41;PR;Paraná;15ª RS MARINGA;Sarandi
412830;412830;41;PR;Paraná;15ª RS MARINGA;Uniflor
410140;410140;41;PR;Paraná;16ª RS APUCARANA;Apucarana
410150;410150;41;PR;Paraná;16ª RS APUCARANA;Arapongas
410320;410320;41;PR;Paraná;16ª RS APUCARANA;Bom Sucesso
410330;410330;41;PR;Paraná;16ª RS APUCARANA;Borrazópolis
410350;410350;41;PR;Paraná;16ª RS APUCARANA;Califórnia
410380;410380;41;PR;Paraná;16ª RS APUCARANA;Cambira
410760;410760;41;PR;Paraná;16ª RS APUCARANA;Faxinal
410870;410870;41;PR;Paraná;16ª RS APUCARANA;Grandes Rios
411210;411210;41;PR;Paraná;16ª RS APUCARANA;Jandaia do Sul
411310;411310;41;PR;Paraná;16ª RS APUCARANA;Kaloré
411490;411490;41;PR;Paraná;16ª RS APUCARANA;Marilândia do Sul
411550;411550;41;PR;Paraná;16ª RS APUCARANA;Marumbi
411575;411575;41;PR;Paraná;16ª RS APUCARANA;Mauá da Serra
411729;411729;41;PR;Paraná;16ª RS APUCARANA;Novo Itacolomi
412210;412210;41;PR;Paraná;16ª RS APUCARANA;Rio Bom
412270;412270;41;PR;Paraná;16ª RS APUCARANA;Sabáudia
412580;412580;41;PR;Paraná;16ª RS APUCARANA;São Pedro do Ivaí
410080;410080;41;PR;Paraná;17ª RS LONDRINA;Alvorada do Sul
410190;410190;41;PR;Paraná;17ª RS LONDRINA;Assaí
410280;410280;41;PR;Paraná;17ª RS LONDRINA;Bela Vista do Paraíso
410340;410340;41;PR;Paraná;17ª RS LONDRINA;Cafeara
410370;410370;41;PR;Paraná;17ª RS LONDRINA;Cambé
410510;410510;41;PR;Paraná;17ª RS LONDRINA;Centenário do Sul
410800;410800;41;PR;Paraná;17ª RS LONDRINA;Florestópolis
410920;410920;41;PR;Paraná;17ª RS LONDRINA;Guaraci
410980;410980;41;PR;Paraná;17ª RS LONDRINA;Ibiporã
411190;411190;41;PR;Paraná;17ª RS LONDRINA;Jaguapitã
411270;411270;41;PR;Paraná;17ª RS LONDRINA;Jataizinho
411370;411370;41;PR;Paraná;17ª RS LONDRINA;Londrina
411380;411380;41;PR;Paraná;17ª RS LONDRINA;Lupionópolis
411600;411600;41;PR;Paraná;17ª RS LONDRINA;Miraselva
411965;411965;41;PR;Paraná;17ª RS LONDRINA;Pitangueiras
412000;412000;41;PR;Paraná;17ª RS LONDRINA;Porecatu
412033;412033;41;PR;Paraná;17ª RS LONDRINA;Prado Ferreira
412050;412050;41;PR;Paraná;17ª RS LONDRINA;Primeiro de Maio
412240;412240;41;PR;Paraná;17ª RS LONDRINA;Rolândia
412650;412650;41;PR;Paraná;17ª RS LONDRINA;Sertanópolis
412667;412667;41;PR;Paraná;17ª RS LONDRINA;Tamarana
410010;410010;41;PR;Paraná;18ª RS CORNELIO PROCOPIO;Abatiá
410110;410110;41;PR;Paraná;18ª RS CORNELIO PROCOPIO;Andirá
410240;410240;41;PR;Paraná;18ª RS CORNELIO PROCOPIO;Bandeirantes
410600;410600;41;PR;Paraná;18ª RS CORNELIO PROCOPIO;Congonhinhas
410640;410640;41;PR;Paraná;18ª RS CORNELIO PROCOPIO;Cornélio Procópio
411100;411100;41;PR;Paraná;18ª RS CORNELIO PROCOPIO;Itambaracá
411340;411340;41;PR;Paraná;18ª RS CORNELIO PROCOPIO;Leópolis
411660;411660;41;PR;Paraná;18ª RS CORNELIO PROCOPIO;Nova América da Colina
411700;411700;41;PR;Paraná;18ª RS CORNELIO PROCOPIO;Nova Fátima
411721;411721;41;PR;Paraná;18ª RS CORNELIO PROCOPIO;Nova Santa Bárbara
412130;412130;41;PR;Paraná;18ª RS CORNELIO PROCOPIO;Rancho Alegre
412190;412190;41;PR;Paraná;18ª RS CORNELIO PROCOPIO;Ribeirão do Pinhal
412310;412310;41;PR;Paraná;18ª RS CORNELIO PROCOPIO;Santa Amélia
412320;412320;41;PR;Paraná;18ª RS CORNELIO PROCOPIO;Santa Cecília do Pavão
412390;412390;41;PR;Paraná;18ª RS CORNELIO PROCOPIO;Santa Mariana
412430;412430;41;PR;Paraná;18ª RS CORNELIO PROCOPIO;Santo Antônio do Paraíso
412470;412470;41;PR;Paraná;18ª RS CORNELIO PROCOPIO;São Jerônimo da Serra
412600;412600;41;PR;Paraná;18ª RS CORNELIO PROCOPIO;São Sebastião da Amoreira
412620;412620;41;PR;Paraná;18ª RS CORNELIO PROCOPIO;Sapopema
412640;412640;41;PR;Paraná;18ª RS CORNELIO PROCOPIO;Sertaneja
412840;412840;41;PR;Paraná;18ª RS CORNELIO PROCOPIO;Uraí
410270;410270;41;PR;Paraná;19ª RS JACAREZINHO;Barra do Jacaré
410360;410360;41;PR;Paraná;19ª RS JACAREZINHO;Cambará
410470;410470;41;PR;Paraná;19ª RS JACAREZINHO;Carlópolis
410610;410610;41;PR;Paraná;19ª RS JACAREZINHO;Conselheiro Mairinck
410775;410775;41;PR;Paraná;19ª RS JACAREZINHO;Figueira
410900;410900;41;PR;Paraná;19ª RS JACAREZINHO;Guapirama
410970;410970;41;PR;Paraná;19ª RS JACAREZINHO;Ibaiti
411170;411170;41;PR;Paraná;19ª RS JACAREZINHO;Jaboti
411180;411180;41;PR;Paraná;19ª RS JACAREZINHO;Jacarezinho
411230;411230;41;PR;Paraná;19ª RS JACAREZINHO;Japira
411280;411280;41;PR;Paraná;19ª RS JACAREZINHO;Joaquim Távora
411290;411290;41;PR;Paraná;19ª RS JACAREZINHO;Jundiaí do Sul
411920;411920;41;PR;Paraná;19ª RS JACAREZINHO;Pinhalão
412070;412070;41;PR;Paraná;19ª RS JACAREZINHO;Quatiguá
412180;412180;41;PR;Paraná;19ª RS JACAREZINHO;Ribeirão Claro
412290;412290;41;PR;Paraná;19ª RS JACAREZINHO;Salto do Itararé
412400;412400;41;PR;Paraná;19ª RS JACAREZINHO;Santana do Itararé
412410;412410;41;PR;Paraná;19ª RS JACAREZINHO;Santo Antônio da Platina
412540;412540;41;PR;Paraná;19ª RS JACAREZINHO;São José da Boa Vista
412660;412660;41;PR;Paraná;19ª RS JACAREZINHO;Siqueira Campos
412780;412780;41;PR;Paraná;19ª RS JACAREZINHO;Tomazina
412850;412850;41;PR;Paraná;19ª RS JACAREZINHO;Wenceslau Braz
410200;410200;41;PR;Paraná;20ª RS TOLEDO;Assis Chateaubriand
410715;410715;41;PR;Paraná;20ª RS TOLEDO;Diamante D'Oeste
410753;410753;41;PR;Paraná;20ª RS TOLEDO;Entre Rios do Oeste
410880;410880;41;PR;Paraná;20ª RS TOLEDO;Guaíra
411460;411460;41;PR;Paraná;20ª RS TOLEDO;Marechal Cândido Rondon
411535;411535;41;PR;Paraná;20ª RS TOLEDO;Maripá
411585;411585;41;PR;Paraná;20ª RS TOLEDO;Mercedes
411722;411722;41;PR;Paraná;20ª RS TOLEDO;Nova Santa Rosa
411745;411745;41;PR;Paraná;20ª RS TOLEDO;Ouro Verde do Oeste
411790;411790;41;PR;Paraná;20ª RS TOLEDO;Palotina
411845;411845;41;PR;Paraná;20ª RS TOLEDO;Pato Bragado
412085;412085;41;PR;Paraná;20ª RS TOLEDO;Quatro Pontes
412350;412350;41;PR;Paraná;20ª RS TOLEDO;Santa Helena
412545;412545;41;PR;Paraná;20ª RS TOLEDO;São José das Palmeiras
412575;412575;41;PR;Paraná;20ª RS TOLEDO;São Pedro do Iguaçu
412740;412740;41;PR;Paraná;20ª RS TOLEDO;Terra Roxa
412770;412770;41;PR;Paraná;20ª RS TOLEDO;Toledo
412795;412795;41;PR;Paraná;20ª RS TOLEDO;Tupãssi
410700;410700;41;PR;Paraná;21ª RS TELEMACO BORBA;Curiúva
411007;411007;41;PR;Paraná;21ª RS TELEMACO BORBA;Imbaú
411730;411730;41;PR;Paraná;21ª RS TELEMACO BORBA;Ortigueira
412170;412170;41;PR;Paraná;21ª RS TELEMACO BORBA;Reserva
412710;412710;41;PR;Paraná;21ª RS TELEMACO BORBA;Telêmaco Borba
412750;412750;41;PR;Paraná;21ª RS TELEMACO BORBA;Tibagi
412853;412853;41;PR;Paraná;21ª RS TELEMACO BORBA;Ventania
410165;410165;41;PR;Paraná;22ª RS IVAIPORA;Arapuã
410185;410185;41;PR;Paraná;22ª RS IVAIPORA;Ariranha do Ivaí
410440;410440;41;PR;Paraná;22ª RS IVAIPORA;Cândido de Abreu
410685;410685;41;PR;Paraná;22ª RS IVAIPORA;Cruzmaltina
410855;410855;41;PR;Paraná;22ª RS IVAIPORA;Godoy Moreira
411150;411150;41;PR;Paraná;22ª RS IVAIPORA;Ivaiporã
411250;411250;41;PR;Paraná;22ª RS IVAIPORA;Jardim Alegre
411342;411342;41;PR;Paraná;22ª RS IVAIPORA;Lidianópolis
411375;411375;41;PR;Paraná;22ª RS IVAIPORA;Lunardelli
411450;411450;41;PR;Paraná;22ª RS IVAIPORA;Manoel Ribas
411573;411573;41;PR;Paraná;22ª RS IVAIPORA;Mato Rico
411727;411727;41;PR;Paraná;22ª RS IVAIPORA;Nova Tebas
412217;412217;41;PR;Paraná;22ª RS IVAIPORA;Rio Branco do Ivaí
412265;412265;41;PR;Paraná;22ª RS IVAIPORA;Rosário do Ivaí
412385;412385;41;PR;Paraná;22ª RS IVAIPORA;Santa Maria do Oeste
412500;412500;41;PR;Paraná;22ª RS IVAIPORA;São João do Ivaí
420080;420080;42;SC;Santa Catarina;EXTREMO OESTE;Anchieta
420208;420208;42;SC;Santa Catarina;EXTREMO OESTE;Bandeirante
420209;420209;42;SC;Santa Catarina;EXTREMO OESTE;Barra Bonita
420215;420215;42;SC;Santa Catarina;EXTREMO OESTE;Belmonte
420257;420257;42;SC;Santa Catarina;EXTREMO OESTE;Bom Jesus do Oeste
420490;420490;42;SC;Santa Catarina;EXTREMO OESTE;Descanso
420500;420500;42;SC;Santa Catarina;EXTREMO OESTE;Dionísio Cerqueira
420535;420535;42;SC;Santa Catarina;EXTREMO OESTE;Flor do Sertão
420640;420640;42;SC;Santa Catarina;EXTREMO OESTE;Guaraciaba
420660;420660;42;SC;Santa Catarina;EXTREMO OESTE;Guarujá do Sul
420765;420765;42;SC;Santa Catarina;EXTREMO OESTE;Iporã do Oeste
420775;420775;42;SC;Santa Catarina;EXTREMO OESTE;Iraceminha
420840;420840;42;SC;Santa Catarina;EXTREMO OESTE;Itapiranga
421050;421050;42;SC;Santa Catarina;EXTREMO OESTE;Maravilha
421090;421090;42;SC;Santa Catarina;EXTREMO OESTE;Modelo
421100;421100;42;SC;Santa Catarina;EXTREMO OESTE;Mondaí
421200;421200;42;SC;Santa Catarina;EXTREMO OESTE;Palma Sola
421223;421223;42;SC;Santa Catarina;EXTREMO OESTE;Paraíso
421415;421415;42;SC;Santa Catarina;EXTREMO OESTE;Princesa
421520;421520;42;SC;Santa Catarina;EXTREMO OESTE;Romelândia
421535;421535;42;SC;Santa Catarina;EXTREMO OESTE;Saltinho
421555;421555;42;SC;Santa Catarina;EXTREMO OESTE;Santa Helena
421568;421568;42;SC;Santa Catarina;EXTREMO OESTE;Santa Terezinha do Progresso
421625;421625;42;SC;Santa Catarina;EXTREMO OESTE;São João do Oeste
421670;421670;42;SC;Santa Catarina;EXTREMO OESTE;São José do Cedro
421715;421715;42;SC;Santa Catarina;EXTREMO OESTE;São Miguel da Boa Vista
421720;421720;42;SC;Santa Catarina;EXTREMO OESTE;São Miguel do Oeste
421730;421730;42;SC;Santa Catarina;EXTREMO OESTE;Saudades
421795;421795;42;SC;Santa Catarina;EXTREMO OESTE;Tigrinhos
421875;421875;42;SC;Santa Catarina;EXTREMO OESTE;Tunápolis
420050;420050;42;SC;Santa Catarina;OESTE;Águas de Chapecó
420055;420055;42;SC;Santa Catarina;OESTE;Águas Frias
420165;420165;42;SC;Santa Catarina;OESTE;Arvoredo
420310;420310;42;SC;Santa Catarina;OESTE;Caibi
420410;420410;42;SC;Santa Catarina;OESTE;Caxambu do Sul
420420;420420;42;SC;Santa Catarina;OESTE;Chapecó
420435;420435;42;SC;Santa Catarina;OESTE;Cordilheira Alta
420440;420440;42;SC;Santa Catarina;OESTE;Coronel Freitas
420470;420470;42;SC;Santa Catarina;OESTE;Cunha Porã
420475;420475;42;SC;Santa Catarina;OESTE;Cunhataí
420543;420543;42;SC;Santa Catarina;OESTE;Formosa do Sul
420665;420665;42;SC;Santa Catarina;OESTE;Guatambú
420785;420785;42;SC;Santa Catarina;OESTE;Irati
420895;420895;42;SC;Santa Catarina;OESTE;Jardinópolis
421140;421140;42;SC;Santa Catarina;OESTE;Nova Erechim
421145;421145;42;SC;Santa Catarina;OESTE;Nova Itaberaba
421187;421187;42;SC;Santa Catarina;OESTE;Paial
421210;421210;42;SC;Santa Catarina;OESTE;Palmitos
421290;421290;42;SC;Santa Catarina;OESTE;Pinhalzinho
421315;421315;42;SC;Santa Catarina;OESTE;Planalto Alegre
421420;421420;42;SC;Santa Catarina;OESTE;Quilombo
421507;421507;42;SC;Santa Catarina;OESTE;Riqueza
421569;421569;42;SC;Santa Catarina;OESTE;Santiago do Sul
421600;421600;42;SC;Santa Catarina;OESTE;São Carlos
421755;421755;42;SC;Santa Catarina;OESTE;Serra Alta
421775;421775;42;SC;Santa Catarina;OESTE;Sul Brasil
421885;421885;42;SC;Santa Catarina;OESTE;União do Oeste
420010;420010;42;SC;Santa Catarina;XANXERE;Abelardo Luz
420253;420253;42;SC;Santa Catarina;XANXERE;Bom Jesus
420350;420350;42;SC;Santa Catarina;XANXERE;Campo Erê
420445;420445;42;SC;Santa Catarina;XANXERE;Coronel Martins
420517;420517;42;SC;Santa Catarina;XANXERE;Entre Rios
420530;420530;42;SC;Santa Catarina;XANXERE;Faxinal dos Guedes
420560;420560;42;SC;Santa Catarina;XANXERE;Galvão
420768;420768;42;SC;Santa Catarina;XANXERE;Ipuaçu
420917;420917;42;SC;Santa Catarina;XANXERE;Jupiá
420945;420945;42;SC;Santa Catarina;XANXERE;Lajeado Grande
421055;421055;42;SC;Santa Catarina;XANXERE;Marema
421165;421165;42;SC;Santa Catarina;XANXERE;Novo Horizonte
421185;421185;42;SC;Santa Catarina;XANXERE;Ouro Verde
421227;421227;42;SC;Santa Catarina;XANXERE;Passos Maia
421340;421340;42;SC;Santa Catarina;XANXERE;Ponte Serrada
421575;421575;42;SC;Santa Catarina;XANXERE;São Bernardino
421610;421610;42;SC;Santa Catarina;XANXERE;São Domingos
421690;421690;42;SC;Santa Catarina;XANXERE;São Lourenço do Oeste
421910;421910;42;SC;Santa Catarina;XANXERE;Vargeão
421950;421950;42;SC;Santa Catarina;XANXERE;Xanxerê
421970;421970;42;SC;Santa Catarina;XANXERE;Xaxim
420020;420020;42;SC;Santa Catarina;ALTO VALE DO ITAJAI;Agrolândia
420030;420030;42;SC;Santa Catarina;ALTO VALE DO ITAJAI;Agronômica
420180;420180;42;SC;Santa Catarina;ALTO VALE DO ITAJAI;Atalanta
420190;420190;42;SC;Santa Catarina;ALTO VALE DO ITAJAI;Aurora
420285;420285;42;SC;Santa Catarina;ALTO VALE DO ITAJAI;Braço do Trombudo
420419;420419;42;SC;Santa Catarina;ALTO VALE DO ITAJAI;Chapadão do Lageado
420510;420510;42;SC;Santa Catarina;ALTO VALE DO ITAJAI;Dona Emma
420690;420690;42;SC;Santa Catarina;ALTO VALE DO ITAJAI;Ibirama
420740;420740;42;SC;Santa Catarina;ALTO VALE DO ITAJAI;Imbuia
420850;420850;42;SC;Santa Catarina;ALTO VALE DO ITAJAI;Ituporanga
420915;420915;42;SC;Santa Catarina;ALTO VALE DO ITAJAI;José Boiteux
420950;420950;42;SC;Santa Catarina;ALTO VALE DO ITAJAI;Laurentino
420990;420990;42;SC;Santa Catarina;ALTO VALE DO ITAJAI;Lontras
421085;421085;42;SC;Santa Catarina;ALTO VALE DO ITAJAI;Mirim Doce
421270;421270;42;SC;Santa Catarina;ALTO VALE DO ITAJAI;Petrolândia
421370;421370;42;SC;Santa Catarina;ALTO VALE DO ITAJAI;Pouso Redondo
421400;421400;42;SC;Santa Catarina;ALTO VALE DO ITAJAI;Presidente Getúlio
421410;421410;42;SC;Santa Catarina;ALTO VALE DO ITAJAI;Presidente Nereu
421450;421450;42;SC;Santa Catarina;ALTO VALE DO ITAJAI;Rio do Campo
421460;421460;42;SC;Santa Catarina;ALTO VALE DO ITAJAI;Rio do Oeste
421480;421480;42;SC;Santa Catarina;ALTO VALE DO ITAJAI;Rio do Sul
421530;421530;42;SC;Santa Catarina;ALTO VALE DO ITAJAI;Salete
421567;421567;42;SC;Santa Catarina;ALTO VALE DO ITAJAI;Santa Terezinha
421780;421780;42;SC;Santa Catarina;ALTO VALE DO ITAJAI;Taió
421860;421860;42;SC;Santa Catarina;ALTO VALE DO ITAJAI;Trombudo Central
421920;421920;42;SC;Santa Catarina;ALTO VALE DO ITAJAI;Vidal Ramos
421935;421935;42;SC;Santa Catarina;ALTO VALE DO ITAJAI;Vitor Meireles
421940;421940;42;SC;Santa Catarina;ALTO VALE DO ITAJAI;Witmarsum
420200;420200;42;SC;Santa Catarina;FOZ DO RIO ITAJAI;Balneário Camboriú
420245;420245;42;SC;Santa Catarina;FOZ DO RIO ITAJAI;Bombinhas
420320;420320;42;SC;Santa Catarina;FOZ DO RIO ITAJAI;Camboriú
420710;420710;42;SC;Santa Catarina;FOZ DO RIO ITAJAI;Ilhota
420820;420820;42;SC;Santa Catarina;FOZ DO RIO ITAJAI;Itajaí
420830;420830;42;SC;Santa Catarina;FOZ DO RIO ITAJAI;Itapema
421000;421000;42;SC;Santa Catarina;FOZ DO RIO ITAJAI;Luiz Alves
421130;421130;42;SC;Santa Catarina;FOZ DO RIO ITAJAI;Navegantes
421250;421250;42;SC;Santa Catarina;FOZ DO RIO ITAJAI;Penha
421280;421280;42;SC;Santa Catarina;FOZ DO RIO ITAJAI;Balneário Piçarras
421350;421350;42;SC;Santa Catarina;FOZ DO RIO ITAJAI;Porto Belo
420125;420125;42;SC;Santa Catarina;MEDIO VALE DO ITAJAI;Apiúna
420170;420170;42;SC;Santa Catarina;MEDIO VALE DO ITAJAI;Ascurra
420220;420220;42;SC;Santa Catarina;MEDIO VALE DO ITAJAI;Benedito Novo
420240;420240;42;SC;Santa Catarina;MEDIO VALE DO ITAJAI;Blumenau
420270;420270;42;SC;Santa Catarina;MEDIO VALE DO ITAJAI;Botuverá
420290;420290;42;SC;Santa Catarina;MEDIO VALE DO ITAJAI;Brusque
420515;420515;42;SC;Santa Catarina;MEDIO VALE DO ITAJAI;Doutor Pedrinho
420590;420590;42;SC;Santa Catarina;MEDIO VALE DO ITAJAI;Gaspar
420630;420630;42;SC;Santa Catarina;MEDIO VALE DO ITAJAI;Guabiruba
420750;420750;42;SC;Santa Catarina;MEDIO VALE DO ITAJAI;Indaial
421320;421320;42;SC;Santa Catarina;MEDIO VALE DO ITAJAI;Pomerode
421470;421470;42;SC;Santa Catarina;MEDIO VALE DO ITAJAI;Rio dos Cedros
421510;421510;42;SC;Santa Catarina;MEDIO VALE DO ITAJAI;Rodeio
421820;421820;42;SC;Santa Catarina;MEDIO VALE DO ITAJAI;Timbó
420060;420060;42;SC;Santa Catarina;GRANDE FLORIANOPOLIS;Águas Mornas
420070;420070;42;SC;Santa Catarina;GRANDE FLORIANOPOLIS;Alfredo Wagner
420090;420090;42;SC;Santa Catarina;GRANDE FLORIANOPOLIS;Angelina
420110;420110;42;SC;Santa Catarina;GRANDE FLORIANOPOLIS;Anitápolis
420120;420120;42;SC;Santa Catarina;GRANDE FLORIANOPOLIS;Antônio Carlos
420230;420230;42;SC;Santa Catarina;GRANDE FLORIANOPOLIS;Biguaçu
420370;420370;42;SC;Santa Catarina;GRANDE FLORIANOPOLIS;Canelinha
420540;420540;42;SC;Santa Catarina;GRANDE FLORIANOPOLIS;Florianópolis
420570;420570;42;SC;Santa Catarina;GRANDE FLORIANOPOLIS;Garopaba
420600;420600;42;SC;Santa Catarina;GRANDE FLORIANOPOLIS;Governador Celso Ramos
420980;420980;42;SC;Santa Catarina;GRANDE FLORIANOPOLIS;Leoberto Leal
421020;421020;42;SC;Santa Catarina;GRANDE FLORIANOPOLIS;Major Gercino
421150;421150;42;SC;Santa Catarina;GRANDE FLORIANOPOLIS;Nova Trento
421190;421190;42;SC;Santa Catarina;GRANDE FLORIANOPOLIS;Palhoça
421230;421230;42;SC;Santa Catarina;GRANDE FLORIANOPOLIS;Paulo Lopes
421430;421430;42;SC;Santa Catarina;GRANDE FLORIANOPOLIS;Rancho Queimado
421570;421570;42;SC;Santa Catarina;GRANDE FLORIANOPOLIS;Santo Amaro da Imperatriz
421590;421590;42;SC;Santa Catarina;GRANDE FLORIANOPOLIS;São Bonifácio
421630;421630;42;SC;Santa Catarina;GRANDE FLORIANOPOLIS;São João Batista
421660;421660;42;SC;Santa Catarina;GRANDE FLORIANOPOLIS;São José
421725;421725;42;SC;Santa Catarina;GRANDE FLORIANOPOLIS;São Pedro de Alcântara
421800;421800;42;SC;Santa Catarina;GRANDE FLORIANOPOLIS;Tijucas
420005;420005;42;SC;Santa Catarina;MEIO OESTE;Abdon Batista
420040;420040;42;SC;Santa Catarina;MEIO OESTE;Água Doce
420287;420287;42;SC;Santa Catarina;MEIO OESTE;Brunópolis
420360;420360;42;SC;Santa Catarina;MEIO OESTE;Campos Novos
420390;420390;42;SC;Santa Catarina;MEIO OESTE;Capinzal
420400;420400;42;SC;Santa Catarina;MEIO OESTE;Catanduvas
420415;420415;42;SC;Santa Catarina;MEIO OESTE;Celso Ramos
420520;420520;42;SC;Santa Catarina;MEIO OESTE;Erval Velho
420670;420670;42;SC;Santa Catarina;MEIO OESTE;Herval d'Oeste
420680;420680;42;SC;Santa Catarina;MEIO OESTE;Ibicaré
420860;420860;42;SC;Santa Catarina;MEIO OESTE;Jaborá
420900;420900;42;SC;Santa Catarina;MEIO OESTE;Joaçaba
420920;420920;42;SC;Santa Catarina;MEIO OESTE;Lacerdópolis
421003;421003;42;SC;Santa Catarina;MEIO OESTE;Luzerna
421105;421105;42;SC;Santa Catarina;MEIO OESTE;Monte Carlo
421180;421180;42;SC;Santa Catarina;MEIO OESTE;Ouro
421850;421850;42;SC;Santa Catarina;MEIO OESTE;Treze Tílias
421915;421915;42;SC;Santa Catarina;MEIO OESTE;Vargem
421917;421917;42;SC;Santa Catarina;MEIO OESTE;Vargem Bonita
421985;421985;42;SC;Santa Catarina;MEIO OESTE;Zortéa
420160;420160;42;SC;Santa Catarina;ALTO VALE DO RIO DO PEIXE;Arroio Trinta
420300;420300;42;SC;Santa Catarina;ALTO VALE DO RIO DO PEIXE;Caçador
420315;420315;42;SC;Santa Catarina;ALTO VALE DO RIO DO PEIXE;Calmon
420480;420480;42;SC;Santa Catarina;ALTO VALE DO RIO DO PEIXE;Curitibanos
420550;420550;42;SC;Santa Catarina;ALTO VALE DO RIO DO PEIXE;Fraiburgo
420555;420555;42;SC;Santa Catarina;ALTO VALE DO RIO DO PEIXE;Frei Rogério
420675;420675;42;SC;Santa Catarina;ALTO VALE DO RIO DO PEIXE;Ibiam
420757;420757;42;SC;Santa Catarina;ALTO VALE DO RIO DO PEIXE;Iomerê
420970;420970;42;SC;Santa Catarina;ALTO VALE DO RIO DO PEIXE;Lebon Régis
421005;421005;42;SC;Santa Catarina;ALTO VALE DO RIO DO PEIXE;Macieira
421070;421070;42;SC;Santa Catarina;ALTO VALE DO RIO DO PEIXE;Matos Costa
421300;421300;42;SC;Santa Catarina;ALTO VALE DO RIO DO PEIXE;Pinheiro Preto
421335;421335;42;SC;Santa Catarina;ALTO VALE DO RIO DO PEIXE;Ponte Alta do Norte
421440;421440;42;SC;Santa Catarina;ALTO VALE DO RIO DO PEIXE;Rio das Antas
421540;421540;42;SC;Santa Catarina;ALTO VALE DO RIO DO PEIXE;Salto Veloso
421550;421550;42;SC;Santa Catarina;ALTO VALE DO RIO DO PEIXE;Santa Cecília
421605;421605;42;SC;Santa Catarina;ALTO VALE DO RIO DO PEIXE;São Cristóvão do Sul
421790;421790;42;SC;Santa Catarina;ALTO VALE DO RIO DO PEIXE;Tangará
421825;421825;42;SC;Santa Catarina;ALTO VALE DO RIO DO PEIXE;Timbó Grande
421930;421930;42;SC;Santa Catarina;ALTO VALE DO RIO DO PEIXE;Videira
420075;420075;42;SC;Santa Catarina;ALTO URUGUAI CATARINENSE;Alto Bela Vista
420127;420127;42;SC;Santa Catarina;ALTO URUGUAI CATARINENSE;Arabutã
420430;420430;42;SC;Santa Catarina;ALTO URUGUAI CATARINENSE;Concórdia
420760;420760;42;SC;Santa Catarina;ALTO URUGUAI CATARINENSE;Ipira
420770;420770;42;SC;Santa Catarina;ALTO URUGUAI CATARINENSE;Ipumirim
420780;420780;42;SC;Santa Catarina;ALTO URUGUAI CATARINENSE;Irani
420800;420800;42;SC;Santa Catarina;ALTO URUGUAI CATARINENSE;Itá
420985;420985;42;SC;Santa Catarina;ALTO URUGUAI CATARINENSE;Lindóia do Sul
421260;421260;42;SC;Santa Catarina;ALTO URUGUAI CATARINENSE;Peritiba
421310;421310;42;SC;Santa Catarina;ALTO URUGUAI CATARINENSE;Piratuba
421390;421390;42;SC;Santa Catarina;ALTO URUGUAI CATARINENSE;Presidente Castello Branco
421750;421750;42;SC;Santa Catarina;ALTO URUGUAI CATARINENSE;Seara
421960;421960;42;SC;Santa Catarina;ALTO URUGUAI CATARINENSE;Xavantina
420130;420130;42;SC;Santa Catarina;NORDESTE;Araquari
420205;420205;42;SC;Santa Catarina;NORDESTE;Balneário Barra do Sul
420580;420580;42;SC;Santa Catarina;NORDESTE;Garuva
420845;420845;42;SC;Santa Catarina;NORDESTE;Itapoá
420910;420910;42;SC;Santa Catarina;NORDESTE;Joinville
421620;421620;42;SC;Santa Catarina;NORDESTE;São Francisco do Sul
420213;420213;42;SC;Santa Catarina;PLANALTO NORTE;Bela Vista do Toldo
420330;420330;42;SC;Santa Catarina;PLANALTO NORTE;Campo Alegre
420380;420380;42;SC;Santa Catarina;PLANALTO NORTE;Canoinhas
420790;420790;42;SC;Santa Catarina;PLANALTO NORTE;Irineópolis
420810;420810;42;SC;Santa Catarina;PLANALTO NORTE;Itaiópolis
421010;421010;42;SC;Santa Catarina;PLANALTO NORTE;Mafra
421030;421030;42;SC;Santa Catarina;PLANALTO NORTE;Major Vieira
421110;421110;42;SC;Santa Catarina;PLANALTO NORTE;Monte Castelo
421220;421220;42;SC;Santa Catarina;PLANALTO NORTE;Papanduva
421360;421360;42;SC;Santa Catarina;PLANALTO NORTE;Porto União
421500;421500;42;SC;Santa Catarina;PLANALTO NORTE;Rio Negrinho
421580;421580;42;SC;Santa Catarina;PLANALTO NORTE;São Bento do Sul
421830;421830;42;SC;Santa Catarina;PLANALTO NORTE;Três Barras
420100;420100;42;SC;Santa Catarina;SERRA CATARINENSE;Anita Garibaldi
420243;420243;42;SC;Santa Catarina;SERRA CATARINENSE;Bocaina do Sul
420250;420250;42;SC;Santa Catarina;SERRA CATARINENSE;Bom Jardim da Serra
420260;420260;42;SC;Santa Catarina;SERRA CATARINENSE;Bom Retiro
420325;420325;42;SC;Santa Catarina;SERRA CATARINENSE;Capão Alto
420340;420340;42;SC;Santa Catarina;SERRA CATARINENSE;Campo Belo do Sul
420417;420417;42;SC;Santa Catarina;SERRA CATARINENSE;Cerro Negro
420455;420455;42;SC;Santa Catarina;SERRA CATARINENSE;Correia Pinto
420930;420930;42;SC;Santa Catarina;SERRA CATARINENSE;Lages
421175;421175;42;SC;Santa Catarina;SERRA CATARINENSE;Otacílio Costa
421189;421189;42;SC;Santa Catarina;SERRA CATARINENSE;Painel
421205;421205;42;SC;Santa Catarina;SERRA CATARINENSE;Palmeira
421330;421330;42;SC;Santa Catarina;SERRA CATARINENSE;Ponte Alta
421505;421505;42;SC;Santa Catarina;SERRA CATARINENSE;Rio Rufino
421650;421650;42;SC;Santa Catarina;SERRA CATARINENSE;São Joaquim
421680;421680;42;SC;Santa Catarina;SERRA CATARINENSE;São José do Cerrito
421890;421890;42;SC;Santa Catarina;SERRA CATARINENSE;Urubici
421895;421895;42;SC;Santa Catarina;SERRA CATARINENSE;Urupema
420140;420140;42;SC;Santa Catarina;EXTREMO SUL CATARINENSE;Araranguá
420195;420195;42;SC;Santa Catarina;EXTREMO SUL CATARINENSE;Balneário Arroio do Silva
420207;420207;42;SC;Santa Catarina;EXTREMO SUL CATARINENSE;Balneário Gaivota
420519;420519;42;SC;Santa Catarina;EXTREMO SUL CATARINENSE;Ermo
420870;420870;42;SC;Santa Catarina;EXTREMO SUL CATARINENSE;Jacinto Machado
421040;421040;42;SC;Santa Catarina;EXTREMO SUL CATARINENSE;Maracajá
421080;421080;42;SC;Santa Catarina;EXTREMO SUL CATARINENSE;Meleiro
421125;421125;42;SC;Santa Catarina;EXTREMO SUL CATARINENSE;Morro Grande
421225;421225;42;SC;Santa Catarina;EXTREMO SUL CATARINENSE;Passo de Torres
421380;421380;42;SC;Santa Catarina;EXTREMO SUL CATARINENSE;Praia Grande
421565;421565;42;SC;Santa Catarina;EXTREMO SUL CATARINENSE;Santa Rosa do Sul
421640;421640;42;SC;Santa Catarina;EXTREMO SUL CATARINENSE;São João do Sul
421770;421770;42;SC;Santa Catarina;EXTREMO SUL CATARINENSE;Sombrio
421810;421810;42;SC;Santa Catarina;EXTREMO SUL CATARINENSE;Timbé do Sul
421880;421880;42;SC;Santa Catarina;EXTREMO SUL CATARINENSE;Turvo
420425;420425;42;SC;Santa Catarina;CARBONIFERA;Cocal do Sul
420460;420460;42;SC;Santa Catarina;CARBONIFERA;Criciúma
420545;420545;42;SC;Santa Catarina;CARBONIFERA;Forquilhinha
420700;420700;42;SC;Santa Catarina;CARBONIFERA;Içara
420960;420960;42;SC;Santa Catarina;CARBONIFERA;Lauro Müller
421120;421120;42;SC;Santa Catarina;CARBONIFERA;Morro da Fumaça
421160;421160;42;SC;Santa Catarina;CARBONIFERA;Nova Veneza
421170;421170;42;SC;Santa Catarina;CARBONIFERA;Orleans
421760;421760;42;SC;Santa Catarina;CARBONIFERA;Siderópolis
421835;421835;42;SC;Santa Catarina;CARBONIFERA;Treviso
421900;421900;42;SC;Santa Catarina;CARBONIFERA;Urussanga
422000;422000;42;SC;Santa Catarina;CARBONIFERA;Balneário Rincão
420150;420150;42;SC;Santa Catarina;LAGUNA;Armazém
420280;420280;42;SC;Santa Catarina;LAGUNA;Braço do Norte
420395;420395;42;SC;Santa Catarina;LAGUNA;Capivari de Baixo
420610;420610;42;SC;Santa Catarina;LAGUNA;Grão Pará
420620;420620;42;SC;Santa Catarina;LAGUNA;Gravatal
420720;420720;42;SC;Santa Catarina;LAGUNA;Imaruí
420730;420730;42;SC;Santa Catarina;LAGUNA;Imbituba
420880;420880;42;SC;Santa Catarina;LAGUNA;Jaguaruna
420940;420940;42;SC;Santa Catarina;LAGUNA;Laguna
421240;421240;42;SC;Santa Catarina;LAGUNA;Pedras Grandes
421265;421265;42;SC;Santa Catarina;LAGUNA;Pescaria Brava
421490;421490;42;SC;Santa Catarina;LAGUNA;Rio Fortuna
421545;421545;42;SC;Santa Catarina;LAGUNA;Sangão
421560;421560;42;SC;Santa Catarina;LAGUNA;Santa Rosa de Lima
421700;421700;42;SC;Santa Catarina;LAGUNA;São Ludgero
421710;421710;42;SC;Santa Catarina;LAGUNA;São Martinho
421840;421840;42;SC;Santa Catarina;LAGUNA;Treze de Maio
421870;421870;42;SC;Santa Catarina;LAGUNA;Tubarão
420210;420210;42;SC;Santa Catarina;VALE DO ITAPOCU;Barra Velha
420450;420450;42;SC;Santa Catarina;VALE DO ITAPOCU;Corupá
420650;420650;42;SC;Santa Catarina;VALE DO ITAPOCU;Guaramirim
420890;420890;42;SC;Santa Catarina;VALE DO ITAPOCU;Jaraguá do Sul
421060;421060;42;SC;Santa Catarina;VALE DO ITAPOCU;Massaranduba
421635;421635;42;SC;Santa Catarina;VALE DO ITAPOCU;São João do Itaperiú
421740;421740;42;SC;Santa Catarina;VALE DO ITAPOCU;Schroeder
430010;430010;43;RS;Rio Grande do Sul;REGIAO 01;Agudo
430637;430637;43;RS;Rio Grande do Sul;REGIAO 01;Dilermando de Aguiar
430670;430670;43;RS;Rio Grande do Sul;REGIAO 01;Dona Francisca
430800;430800;43;RS;Rio Grande do Sul;REGIAO 01;Faxinal do Soturno
430840;430840;43;RS;Rio Grande do Sul;REGIAO 01;Formigueiro
431053;431053;43;RS;Rio Grande do Sul;REGIAO 01;Itaara
431075;431075;43;RS;Rio Grande do Sul;REGIAO 01;Ivorá
431120;431120;43;RS;Rio Grande do Sul;REGIAO 01;Júlio de Castilhos
431310;431310;43;RS;Rio Grande do Sul;REGIAO 01;Nova Palma
431402;431402;43;RS;Rio Grande do Sul;REGIAO 01;Paraíso do Sul
431447;431447;43;RS;Rio Grande do Sul;REGIAO 01;Pinhal Grande
431532;431532;43;RS;Rio Grande do Sul;REGIAO 01;Quevedos
431550;431550;43;RS;Rio Grande do Sul;REGIAO 01;Restinga Sêca
431690;431690;43;RS;Rio Grande do Sul;REGIAO 01;Santa Maria
431843;431843;43;RS;Rio Grande do Sul;REGIAO 01;São João do Polêsine
431912;431912;43;RS;Rio Grande do Sul;REGIAO 01;São Martinho da Serra
431940;431940;43;RS;Rio Grande do Sul;REGIAO 01;São Pedro do Sul
431960;431960;43;RS;Rio Grande do Sul;REGIAO 01;São Sepé
432065;432065;43;RS;Rio Grande do Sul;REGIAO 01;Silveira Martins
432149;432149;43;RS;Rio Grande do Sul;REGIAO 01;Toropi
432220;432220;43;RS;Rio Grande do Sul;REGIAO 01;Tupanciretã
432345;432345;43;RS;Rio Grande do Sul;REGIAO 01;Vila Nova do Sul
430290;430290;43;RS;Rio Grande do Sul;REGIAO 02;Cacequi
430465;430465;43;RS;Rio Grande do Sul;REGIAO 02;Capão do Cipó
431055;431055;43;RS;Rio Grande do Sul;REGIAO 02;Itacurubi
431110;431110;43;RS;Rio Grande do Sul;REGIAO 02;Jaguari
431113;431113;43;RS;Rio Grande do Sul;REGIAO 02;Jari
431210;431210;43;RS;Rio Grande do Sul;REGIAO 02;Mata
431303;431303;43;RS;Rio Grande do Sul;REGIAO 02;Nova Esperança do Sul
431740;431740;43;RS;Rio Grande do Sul;REGIAO 02;Santiago
431810;431810;43;RS;Rio Grande do Sul;REGIAO 02;São Francisco de Assis
431980;431980;43;RS;Rio Grande do Sul;REGIAO 02;São Vicente do Sul
432237;432237;43;RS;Rio Grande do Sul;REGIAO 02;Unistalda
430040;430040;43;RS;Rio Grande do Sul;REGIAO 03;Alegrete
430187;430187;43;RS;Rio Grande do Sul;REGIAO 03;Barra do Quaraí
431060;431060;43;RS;Rio Grande do Sul;REGIAO 03;Itaqui
431171;431171;43;RS;Rio Grande do Sul;REGIAO 03;Maçambará
431175;431175;43;RS;Rio Grande do Sul;REGIAO 03;Manoel Viana
431530;431530;43;RS;Rio Grande do Sul;REGIAO 03;Quaraí
431640;431640;43;RS;Rio Grande do Sul;REGIAO 03;Rosário do Sul
431697;431697;43;RS;Rio Grande do Sul;REGIAO 03;Santa Margarida do Sul
431710;431710;43;RS;Rio Grande do Sul;REGIAO 03;Sant'Ana do Livramento
431830;431830;43;RS;Rio Grande do Sul;REGIAO 03;São Gabriel
432240;432240;43;RS;Rio Grande do Sul;REGIAO 03;Uruguaiana
430105;430105;43;RS;Rio Grande do Sul;REGIAO 04;Arroio do Sal
430463;430463;43;RS;Rio Grande do Sul;REGIAO 04;Capão da Canoa
430655;430655;43;RS;Rio Grande do Sul;REGIAO 04;Dom Pedro de Alcântara
431065;431065;43;RS;Rio Grande do Sul;REGIAO 04;Itati
431173;431173;43;RS;Rio Grande do Sul;REGIAO 04;Mampituba
431177;431177;43;RS;Rio Grande do Sul;REGIAO 04;Maquiné
431244;431244;43;RS;Rio Grande do Sul;REGIAO 04;Morrinhos do Sul
432143;432143;43;RS;Rio Grande do Sul;REGIAO 04;Terra de Areia
432150;432150;43;RS;Rio Grande do Sul;REGIAO 04;Torres
432166;432166;43;RS;Rio Grande do Sul;REGIAO 04;Três Cachoeiras
432183;432183;43;RS;Rio Grande do Sul;REGIAO 04;Três Forquilhas
432380;432380;43;RS;Rio Grande do Sul;REGIAO 04;Xangri-lá
430163;430163;43;RS;Rio Grande do Sul;REGIAO 05;Balneário Pinhal
430467;430467;43;RS;Rio Grande do Sul;REGIAO 05;Capivari do Sul
430471;430471;43;RS;Rio Grande do Sul;REGIAO 05;Caraá
430545;430545;43;RS;Rio Grande do Sul;REGIAO 05;Cidreira
431033;431033;43;RS;Rio Grande do Sul;REGIAO 05;Imbé
431250;431250;43;RS;Rio Grande do Sul;REGIAO 05;Mostardas
431350;431350;43;RS;Rio Grande do Sul;REGIAO 05;Osório
431365;431365;43;RS;Rio Grande do Sul;REGIAO 05;Palmares do Sul
431760;431760;43;RS;Rio Grande do Sul;REGIAO 05;Santo Antônio da Patrulha
432135;432135;43;RS;Rio Grande do Sul;REGIAO 05;Tavares
432160;432160;43;RS;Rio Grande do Sul;REGIAO 05;Tramandaí
430360;430360;43;RS;Rio Grande do Sul;REGIAO 06 - VALE DO PARANHANA E COSTA SERRA;Cambará do Sul
431010;431010;43;RS;Rio Grande do Sul;REGIAO 06 - VALE DO PARANHANA E COSTA SERRA;Igrejinha
431405;431405;43;RS;Rio Grande do Sul;REGIAO 06 - VALE DO PARANHANA E COSTA SERRA;Parobé
431575;431575;43;RS;Rio Grande do Sul;REGIAO 06 - VALE DO PARANHANA E COSTA SERRA;Riozinho
431600;431600;43;RS;Rio Grande do Sul;REGIAO 06 - VALE DO PARANHANA E COSTA SERRA;Rolante
431820;431820;43;RS;Rio Grande do Sul;REGIAO 06 - VALE DO PARANHANA E COSTA SERRA;São Francisco de Paula
432120;432120;43;RS;Rio Grande do Sul;REGIAO 06 - VALE DO PARANHANA E COSTA SERRA;Taquara
432170;432170;43;RS;Rio Grande do Sul;REGIAO 06 - VALE DO PARANHANA E COSTA SERRA;Três Coroas
430087;430087;43;RS;Rio Grande do Sul;REGIAO 07;Araricá
430390;430390;43;RS;Rio Grande do Sul;REGIAO 07;Campo Bom
430640;430640;43;RS;Rio Grande do Sul;REGIAO 07;Dois Irmãos
430760;430760;43;RS;Rio Grande do Sul;REGIAO 07;Estância Velha
431080;431080;43;RS;Rio Grande do Sul;REGIAO 07;Ivoti
431162;431162;43;RS;Rio Grande do Sul;REGIAO 07;Lindolfo Collor
431247;431247;43;RS;Rio Grande do Sul;REGIAO 07;Morro Reuter
431306;431306;43;RS;Rio Grande do Sul;REGIAO 07;Nova Hartz
431340;431340;43;RS;Rio Grande do Sul;REGIAO 07;Novo Hamburgo
431480;431480;43;RS;Rio Grande do Sul;REGIAO 07;Portão
431514;431514;43;RS;Rio Grande do Sul;REGIAO 07;Presidente Lucena
431695;431695;43;RS;Rio Grande do Sul;REGIAO 07;Santa Maria do Herval
431848;431848;43;RS;Rio Grande do Sul;REGIAO 07;São José do Hortêncio
431870;431870;43;RS;Rio Grande do Sul;REGIAO 07;São Leopoldo
431990;431990;43;RS;Rio Grande do Sul;REGIAO 07;Sapiranga
430165;430165;43;RS;Rio Grande do Sul;REGIAO 08;Barão
430265;430265;43;RS;Rio Grande do Sul;REGIAO 08;Brochier
430460;430460;43;RS;Rio Grande do Sul;REGIAO 08;Canoas
430468;430468;43;RS;Rio Grande do Sul;REGIAO 08;Capela de Santana
430770;430770;43;RS;Rio Grande do Sul;REGIAO 08;Esteio
430955;430955;43;RS;Rio Grande do Sul;REGIAO 08;Harmonia
431179;431179;43;RS;Rio Grande do Sul;REGIAO 08;Maratá
431240;431240;43;RS;Rio Grande do Sul;REGIAO 08;Montenegro
431337;431337;43;RS;Rio Grande do Sul;REGIAO 08;Nova Santa Rita
431403;431403;43;RS;Rio Grande do Sul;REGIAO 08;Pareci Novo
431650;431650;43;RS;Rio Grande do Sul;REGIAO 08;Salvador do Sul
431861;431861;43;RS;Rio Grande do Sul;REGIAO 08;São José do Sul
431935;431935;43;RS;Rio Grande do Sul;REGIAO 08;São Pedro da Serra
431950;431950;43;RS;Rio Grande do Sul;REGIAO 08;São Sebastião do Caí
432000;432000;43;RS;Rio Grande do Sul;REGIAO 08;Sapucaia do Sul
432085;432085;43;RS;Rio Grande do Sul;REGIAO 08;Tabaí
432200;432200;43;RS;Rio Grande do Sul;REGIAO 08;Triunfo
432225;432225;43;RS;Rio Grande do Sul;REGIAO 08;Tupandi
430085;430085;43;RS;Rio Grande do Sul;REGIAO 09;Arambaré
430110;430110;43;RS;Rio Grande do Sul;REGIAO 09;Arroio dos Ratos
430175;430175;43;RS;Rio Grande do Sul;REGIAO 09;Barão do Triunfo
430190;430190;43;RS;Rio Grande do Sul;REGIAO 09;Barra do Ribeiro
430270;430270;43;RS;Rio Grande do Sul;REGIAO 09;Butiá
430350;430350;43;RS;Rio Grande do Sul;REGIAO 09;Camaquã
430517;430517;43;RS;Rio Grande do Sul;REGIAO 09;Cerro Grande do Sul
430535;430535;43;RS;Rio Grande do Sul;REGIAO 09;Charqueadas
430544;430544;43;RS;Rio Grande do Sul;REGIAO 09;Chuvisca
430605;430605;43;RS;Rio Grande do Sul;REGIAO 09;Cristal
430650;430650;43;RS;Rio Grande do Sul;REGIAO 09;Dom Feliciano
430676;430676;43;RS;Rio Grande do Sul;REGIAO 09;Eldorado do Sul
430880;430880;43;RS;Rio Grande do Sul;REGIAO 09;General Câmara
430930;430930;43;RS;Rio Grande do Sul;REGIAO 09;Guaíba
431198;431198;43;RS;Rio Grande do Sul;REGIAO 09;Mariana Pimentel
431225;431225;43;RS;Rio Grande do Sul;REGIAO 09;Minas do Leão
431840;431840;43;RS;Rio Grande do Sul;REGIAO 09;São Jerônimo
432035;432035;43;RS;Rio Grande do Sul;REGIAO 09;Sentinela do Sul
432055;432055;43;RS;Rio Grande do Sul;REGIAO 09;Sertão Santana
432110;432110;43;RS;Rio Grande do Sul;REGIAO 09;Tapes
430060;430060;43;RS;Rio Grande do Sul;REGIAO 10;Alvorada
430310;430310;43;RS;Rio Grande do Sul;REGIAO 10;Cachoeirinha
430905;430905;43;RS;Rio Grande do Sul;REGIAO 10;Glorinha
430920;430920;43;RS;Rio Grande do Sul;REGIAO 10;Gravataí
431490;431490;43;RS;Rio Grande do Sul;REGIAO 10;Porto Alegre
432300;432300;43;RS;Rio Grande do Sul;REGIAO 10;Viamão
430250;430250;43;RS;Rio Grande do Sul;REGIAO 11;Bossoroca
430330;430330;43;RS;Rio Grande do Sul;REGIAO 11;Caibaté
430520;430520;43;RS;Rio Grande do Sul;REGIAO 11;Cerro Largo
430635;430635;43;RS;Rio Grande do Sul;REGIAO 11;Dezesseis de Novembro
430693;430693;43;RS;Rio Grande do Sul;REGIAO 11;Entre-Ijuís
430783;430783;43;RS;Rio Grande do Sul;REGIAO 11;Eugênio de Castro
430865;430865;43;RS;Rio Grande do Sul;REGIAO 11;Garruchos
430950;430950;43;RS;Rio Grande do Sul;REGIAO 11;Guarani das Missões
431217;431217;43;RS;Rio Grande do Sul;REGIAO 11;Mato Queimado
431455;431455;43;RS;Rio Grande do Sul;REGIAO 11;Pirapó
431510;431510;43;RS;Rio Grande do Sul;REGIAO 11;Porto Xavier
431595;431595;43;RS;Rio Grande do Sul;REGIAO 11;Rolador
431630;431630;43;RS;Rio Grande do Sul;REGIAO 11;Roque Gonzales
431647;431647;43;RS;Rio Grande do Sul;REGIAO 11;Salvador das Missões
431750;431750;43;RS;Rio Grande do Sul;REGIAO 11;Santo Ângelo
431770;431770;43;RS;Rio Grande do Sul;REGIAO 11;Santo Antônio das Missões
431800;431800;43;RS;Rio Grande do Sul;REGIAO 11;São Borja
431890;431890;43;RS;Rio Grande do Sul;REGIAO 11;São Luiz Gonzaga
431915;431915;43;RS;Rio Grande do Sul;REGIAO 11;São Miguel das Missões
431920;431920;43;RS;Rio Grande do Sul;REGIAO 11;São Nicolau
431937;431937;43;RS;Rio Grande do Sul;REGIAO 11;São Pedro do Butiá
432057;432057;43;RS;Rio Grande do Sul;REGIAO 11;Sete de Setembro
432234;432234;43;RS;Rio Grande do Sul;REGIAO 11;Ubiretama
432375;432375;43;RS;Rio Grande do Sul;REGIAO 11;Vitória das Missões
430222;430222;43;RS;Rio Grande do Sul;REGIAO 12;Boa Vista do Cadeado
430223;430223;43;RS;Rio Grande do Sul;REGIAO 12;Boa Vista do Incra
430560;430560;43;RS;Rio Grande do Sul;REGIAO 12;Colorado
430610;430610;43;RS;Rio Grande do Sul;REGIAO 12;Cruz Alta
430845;430845;43;RS;Rio Grande do Sul;REGIAO 12;Fortaleza dos Valos
431000;431000;43;RS;Rio Grande do Sul;REGIAO 12;Ibirubá
431087;431087;43;RS;Rio Grande do Sul;REGIAO 12;Jacuizinho
431535;431535;43;RS;Rio Grande do Sul;REGIAO 12;Quinze de Novembro
431643;431643;43;RS;Rio Grande do Sul;REGIAO 12;Saldanha Marinho
431645;431645;43;RS;Rio Grande do Sul;REGIAO 12;Salto do Jacuí
431670;431670;43;RS;Rio Grande do Sul;REGIAO 12;Santa Bárbara do Sul
432030;432030;43;RS;Rio Grande do Sul;REGIAO 12;Selbach
430020;430020;43;RS;Rio Grande do Sul;REGIAO 13;Ajuricaba
430150;430150;43;RS;Rio Grande do Sul;REGIAO 13;Augusto Pestana
430258;430258;43;RS;Rio Grande do Sul;REGIAO 13;Bozano
430400;430400;43;RS;Rio Grande do Sul;REGIAO 13;Campo Novo
430500;430500;43;RS;Rio Grande do Sul;REGIAO 13;Catuípe
430540;430540;43;RS;Rio Grande do Sul;REGIAO 13;Chiapetta
430570;430570;43;RS;Rio Grande do Sul;REGIAO 13;Condor
430587;430587;43;RS;Rio Grande do Sul;REGIAO 13;Coronel Barros
430600;430600;43;RS;Rio Grande do Sul;REGIAO 13;Crissiumal
430970;430970;43;RS;Rio Grande do Sul;REGIAO 13;Humaitá
431020;431020;43;RS;Rio Grande do Sul;REGIAO 13;Ijuí
431041;431041;43;RS;Rio Grande do Sul;REGIAO 13;Inhacorá
431115;431115;43;RS;Rio Grande do Sul;REGIAO 13;Jóia
431333;431333;43;RS;Rio Grande do Sul;REGIAO 13;Nova Ramada
431390;431390;43;RS;Rio Grande do Sul;REGIAO 13;Panambi
431430;431430;43;RS;Rio Grande do Sul;REGIAO 13;Pejuçara
431780;431780;43;RS;Rio Grande do Sul;REGIAO 13;Santo Augusto
431910;431910;43;RS;Rio Grande do Sul;REGIAO 13;São Martinho
431973;431973;43;RS;Rio Grande do Sul;REGIAO 13;São Valério do Sul
432023;432023;43;RS;Rio Grande do Sul;REGIAO 13;Sede Nova
430030;430030;43;RS;Rio Grande do Sul;REGIAO 14;Alecrim
430045;430045;43;RS;Rio Grande do Sul;REGIAO 14;Alegria
430220;430220;43;RS;Rio Grande do Sul;REGIAO 14;Boa Vista do Buricá
430370;430370;43;RS;Rio Grande do Sul;REGIAO 14;Campina das Missões
430430;430430;43;RS;Rio Grande do Sul;REGIAO 14;Cândido Godói
430673;430673;43;RS;Rio Grande do Sul;REGIAO 14;Doutor Maurício Cardoso
430900;430900;43;RS;Rio Grande do Sul;REGIAO 14;Giruá
430960;430960;43;RS;Rio Grande do Sul;REGIAO 14;Horizontina
431040;431040;43;RS;Rio Grande do Sul;REGIAO 14;Independência
431301;431301;43;RS;Rio Grande do Sul;REGIAO 14;Nova Candelária
431342;431342;43;RS;Rio Grande do Sul;REGIAO 14;Novo Machado
431500;431500;43;RS;Rio Grande do Sul;REGIAO 14;Porto Lucena
431505;431505;43;RS;Rio Grande do Sul;REGIAO 14;Porto Mauá
431507;431507;43;RS;Rio Grande do Sul;REGIAO 14;Porto Vera Cruz
431720;431720;43;RS;Rio Grande do Sul;REGIAO 14;Santa Rosa
431790;431790;43;RS;Rio Grande do Sul;REGIAO 14;Santo Cristo
431849;431849;43;RS;Rio Grande do Sul;REGIAO 14;São José do Inhacorá
431930;431930;43;RS;Rio Grande do Sul;REGIAO 14;São Paulo das Missões
432032;432032;43;RS;Rio Grande do Sul;REGIAO 14;Senador Salgado Filho
432180;432180;43;RS;Rio Grande do Sul;REGIAO 14;Três de Maio
432210;432210;43;RS;Rio Grande do Sul;REGIAO 14;Tucunduva
432230;432230;43;RS;Rio Grande do Sul;REGIAO 14;Tuparendi
430050;430050;43;RS;Rio Grande do Sul;REGIAO 15 - CAMINHO DAS AGUAS;Alpestre
430064;430064;43;RS;Rio Grande do Sul;REGIAO 15 - CAMINHO DAS AGUAS;Ametista do Sul
430185;430185;43;RS;Rio Grande do Sul;REGIAO 15 - CAMINHO DAS AGUAS;Barra do Guarita
430237;430237;43;RS;Rio Grande do Sul;REGIAO 15 - CAMINHO DAS AGUAS;Bom Progresso
430340;430340;43;RS;Rio Grande do Sul;REGIAO 15 - CAMINHO DAS AGUAS;Caiçara
430607;430607;43;RS;Rio Grande do Sul;REGIAO 15 - CAMINHO DAS AGUAS;Cristal do Sul
430632;430632;43;RS;Rio Grande do Sul;REGIAO 15 - CAMINHO DAS AGUAS;Derrubadas
430730;430730;43;RS;Rio Grande do Sul;REGIAO 15 - CAMINHO DAS AGUAS;Erval Seco
430745;430745;43;RS;Rio Grande do Sul;REGIAO 15 - CAMINHO DAS AGUAS;Esperança do Sul
430850;430850;43;RS;Rio Grande do Sul;REGIAO 15 - CAMINHO DAS AGUAS;Frederico Westphalen
431050;431050;43;RS;Rio Grande do Sul;REGIAO 15 - CAMINHO DAS AGUAS;Iraí
431160;431160;43;RS;Rio Grande do Sul;REGIAO 15 - CAMINHO DAS AGUAS;Liberato Salzano
431344;431344;43;RS;Rio Grande do Sul;REGIAO 15 - CAMINHO DAS AGUAS;Novo Tiradentes
431380;431380;43;RS;Rio Grande do Sul;REGIAO 15 - CAMINHO DAS AGUAS;Palmitinho
431445;431445;43;RS;Rio Grande do Sul;REGIAO 15 - CAMINHO DAS AGUAS;Pinhal
431449;431449;43;RS;Rio Grande do Sul;REGIAO 15 - CAMINHO DAS AGUAS;Pinheirinho do Vale
431470;431470;43;RS;Rio Grande do Sul;REGIAO 15 - CAMINHO DAS AGUAS;Planalto
431590;431590;43;RS;Rio Grande do Sul;REGIAO 15 - CAMINHO DAS AGUAS;Rodeio Bonito
432020;432020;43;RS;Rio Grande do Sul;REGIAO 15 - CAMINHO DAS AGUAS;Seberi
432132;432132;43;RS;Rio Grande do Sul;REGIAO 15 - CAMINHO DAS AGUAS;Taquaruçu do Sul
432140;432140;43;RS;Rio Grande do Sul;REGIAO 15 - CAMINHO DAS AGUAS;Tenente Portela
432147;432147;43;RS;Rio Grande do Sul;REGIAO 15 - CAMINHO DAS AGUAS;Tiradentes do Sul
432190;432190;43;RS;Rio Grande do Sul;REGIAO 15 - CAMINHO DAS AGUAS;Três Passos
432310;432310;43;RS;Rio Grande do Sul;REGIAO 15 - CAMINHO DAS AGUAS;Vicente Dutra
432350;432350;43;RS;Rio Grande do Sul;REGIAO 15 - CAMINHO DAS AGUAS;Vista Alegre
432370;432370;43;RS;Rio Grande do Sul;REGIAO 15 - CAMINHO DAS AGUAS;Vista Gaúcha
430090;430090;43;RS;Rio Grande do Sul;REGIAO 16;Aratiba
430155;430155;43;RS;Rio Grande do Sul;REGIAO 16;Áurea
430170;430170;43;RS;Rio Grande do Sul;REGIAO 16;Barão de Cotegipe
430192;430192;43;RS;Rio Grande do Sul;REGIAO 16;Barra do Rio Azul
430205;430205;43;RS;Rio Grande do Sul;REGIAO 16;Benjamin Constant do Sul
430380;430380;43;RS;Rio Grande do Sul;REGIAO 16;Campinas do Sul
430485;430485;43;RS;Rio Grande do Sul;REGIAO 16;Carlos Gomes
430511;430511;43;RS;Rio Grande do Sul;REGIAO 16;Centenário
430537;430537;43;RS;Rio Grande do Sul;REGIAO 16;Charrua
430613;430613;43;RS;Rio Grande do Sul;REGIAO 16;Cruzaltense
430695;430695;43;RS;Rio Grande do Sul;REGIAO 16;Entre Rios do Sul
430697;430697;43;RS;Rio Grande do Sul;REGIAO 16;Erebango
430700;430700;43;RS;Rio Grande do Sul;REGIAO 16;Erechim
430720;430720;43;RS;Rio Grande do Sul;REGIAO 16;Erval Grande
430755;430755;43;RS;Rio Grande do Sul;REGIAO 16;Estação
430805;430805;43;RS;Rio Grande do Sul;REGIAO 16;Faxinalzinho
430825;430825;43;RS;Rio Grande do Sul;REGIAO 16;Floriano Peixoto
430870;430870;43;RS;Rio Grande do Sul;REGIAO 16;Gaurama
430890;430890;43;RS;Rio Grande do Sul;REGIAO 16;Getúlio Vargas
431046;431046;43;RS;Rio Grande do Sul;REGIAO 16;Ipiranga do Sul
431070;431070;43;RS;Rio Grande do Sul;REGIAO 16;Itatiba do Sul
431090;431090;43;RS;Rio Grande do Sul;REGIAO 16;Jacutinga
431190;431190;43;RS;Rio Grande do Sul;REGIAO 16;Marcelino Ramos
431200;431200;43;RS;Rio Grande do Sul;REGIAO 16;Mariano Moro
431270;431270;43;RS;Rio Grande do Sul;REGIAO 16;Nonoai
431413;431413;43;RS;Rio Grande do Sul;REGIAO 16;Paulo Bento
431478;431478;43;RS;Rio Grande do Sul;REGIAO 16;Ponte Preta
431531;431531;43;RS;Rio Grande do Sul;REGIAO 16;Quatro Irmãos
431555;431555;43;RS;Rio Grande do Sul;REGIAO 16;Rio dos Índios
431970;431970;43;RS;Rio Grande do Sul;REGIAO 16;São Valentim
432060;432060;43;RS;Rio Grande do Sul;REGIAO 16;Severiano de Almeida
432163;432163;43;RS;Rio Grande do Sul;REGIAO 16;Três Arroios
432290;432290;43;RS;Rio Grande do Sul;REGIAO 16;Viadutos
430047;430047;43;RS;Rio Grande do Sul;REGIAO 17 - PLANALTO;Almirante Tamandaré do Sul
430355;430355;43;RS;Rio Grande do Sul;REGIAO 17 - PLANALTO;Camargo
430470;430470;43;RS;Rio Grande do Sul;REGIAO 17 - PLANALTO;Carazinho
430490;430490;43;RS;Rio Grande do Sul;REGIAO 17 - PLANALTO;Casca
430550;430550;43;RS;Rio Grande do Sul;REGIAO 17 - PLANALTO;Ciríaco
430585;430585;43;RS;Rio Grande do Sul;REGIAO 17 - PLANALTO;Coqueiros do Sul
430597;430597;43;RS;Rio Grande do Sul;REGIAO 17 - PLANALTO;Coxilha
430630;430630;43;RS;Rio Grande do Sul;REGIAO 17 - PLANALTO;David Canabarro
430705;430705;43;RS;Rio Grande do Sul;REGIAO 17 - PLANALTO;Ernestina
430885;430885;43;RS;Rio Grande do Sul;REGIAO 17 - PLANALTO;Gentil
431127;431127;43;RS;Rio Grande do Sul;REGIAO 17 - PLANALTO;Lagoa dos Três Cantos
431180;431180;43;RS;Rio Grande do Sul;REGIAO 17 - PLANALTO;Marau
431213;431213;43;RS;Rio Grande do Sul;REGIAO 17 - PLANALTO;Mato Castelhano
431235;431235;43;RS;Rio Grande do Sul;REGIAO 17 - PLANALTO;Montauri
431262;431262;43;RS;Rio Grande do Sul;REGIAO 17 - PLANALTO;Muliterno
431265;431265;43;RS;Rio Grande do Sul;REGIAO 17 - PLANALTO;Não-Me-Toque
431267;431267;43;RS;Rio Grande do Sul;REGIAO 17 - PLANALTO;Nicolau Vergueiro
431275;431275;43;RS;Rio Grande do Sul;REGIAO 17 - PLANALTO;Nova Alvorada
431410;431410;43;RS;Rio Grande do Sul;REGIAO 17 - PLANALTO;Passo Fundo
431477;431477;43;RS;Rio Grande do Sul;REGIAO 17 - PLANALTO;Pontão
431755;431755;43;RS;Rio Grande do Sul;REGIAO 17 - PLANALTO;Santo Antônio do Palma
431775;431775;43;RS;Rio Grande do Sul;REGIAO 17 - PLANALTO;Santo Antônio do Planalto
431805;431805;43;RS;Rio Grande do Sul;REGIAO 17 - PLANALTO;São Domingos do Sul
432040;432040;43;RS;Rio Grande do Sul;REGIAO 17 - PLANALTO;Serafina Corrêa
432050;432050;43;RS;Rio Grande do Sul;REGIAO 17 - PLANALTO;Sertão
432255;432255;43;RS;Rio Grande do Sul;REGIAO 17 - PLANALTO;Vanini
432320;432320;43;RS;Rio Grande do Sul;REGIAO 17 - PLANALTO;Victor Graeff
432340;432340;43;RS;Rio Grande do Sul;REGIAO 17 - PLANALTO;Vila Maria
430005;430005;43;RS;Rio Grande do Sul;REGIAO 18;Água Santa
430066;430066;43;RS;Rio Grande do Sul;REGIAO 18;André da Rocha
430180;430180;43;RS;Rio Grande do Sul;REGIAO 18;Barracão
430320;430320;43;RS;Rio Grande do Sul;REGIAO 18;Cacique Doble
430462;430462;43;RS;Rio Grande do Sul;REGIAO 18;Capão Bonito do Sul
430495;430495;43;RS;Rio Grande do Sul;REGIAO 18;Caseiros
430980;430980;43;RS;Rio Grande do Sul;REGIAO 18;Ibiaçá
430990;430990;43;RS;Rio Grande do Sul;REGIAO 18;Ibiraiaras
431130;431130;43;RS;Rio Grande do Sul;REGIAO 18;Lagoa Vermelha
431170;431170;43;RS;Rio Grande do Sul;REGIAO 18;Machadinho
431220;431220;43;RS;Rio Grande do Sul;REGIAO 18;Maximiliano de Almeida
431360;431360;43;RS;Rio Grande do Sul;REGIAO 18;Paim Filho
431660;431660;43;RS;Rio Grande do Sul;REGIAO 18;Sananduva
431673;431673;43;RS;Rio Grande do Sul;REGIAO 18;Santa Cecília do Sul
431795;431795;43;RS;Rio Grande do Sul;REGIAO 18;Santo Expedito do Sul
431842;431842;43;RS;Rio Grande do Sul;REGIAO 18;São João da Urtiga
431860;431860;43;RS;Rio Grande do Sul;REGIAO 18;São José do Ouro
432090;432090;43;RS;Rio Grande do Sul;REGIAO 18;Tapejara
432218;432218;43;RS;Rio Grande do Sul;REGIAO 18;Tupanci do Sul
432335;432335;43;RS;Rio Grande do Sul;REGIAO 18;Vila Lângaro
430055;430055;43;RS;Rio Grande do Sul;REGIAO 19;Alto Alegre
430140;430140;43;RS;Rio Grande do Sul;REGIAO 19;Arvorezinha
430200;430200;43;RS;Rio Grande do Sul;REGIAO 19;Barros Cassal
430410;430410;43;RS;Rio Grande do Sul;REGIAO 19;Campos Borges
430750;430750;43;RS;Rio Grande do Sul;REGIAO 19;Espumoso
430830;430830;43;RS;Rio Grande do Sul;REGIAO 19;Fontoura Xavier
430995;430995;43;RS;Rio Grande do Sul;REGIAO 19;Ibirapuitã
431057;431057;43;RS;Rio Grande do Sul;REGIAO 19;Itapuca
431125;431125;43;RS;Rio Grande do Sul;REGIAO 19;Lagoão
431242;431242;43;RS;Rio Grande do Sul;REGIAO 19;Mormaço
432080;432080;43;RS;Rio Grande do Sul;REGIAO 19;Soledade
432100;432100;43;RS;Rio Grande do Sul;REGIAO 19;Tapera
432146;432146;43;RS;Rio Grande do Sul;REGIAO 19;Tio Hugo
432215;432215;43;RS;Rio Grande do Sul;REGIAO 19;Tunas
430195;430195;43;RS;Rio Grande do Sul;REGIAO 20 - ROTA DA PRODUCAO;Barra Funda
430215;430215;43;RS;Rio Grande do Sul;REGIAO 20 - ROTA DA PRODUCAO;Boa Vista das Missões
430260;430260;43;RS;Rio Grande do Sul;REGIAO 20 - ROTA DA PRODUCAO;Braga
430515;430515;43;RS;Rio Grande do Sul;REGIAO 20 - ROTA DA PRODUCAO;Cerro Grande
430530;430530;43;RS;Rio Grande do Sul;REGIAO 20 - ROTA DA PRODUCAO;Chapada
430580;430580;43;RS;Rio Grande do Sul;REGIAO 20 - ROTA DA PRODUCAO;Constantina
430590;430590;43;RS;Rio Grande do Sul;REGIAO 20 - ROTA DA PRODUCAO;Coronel Bicaco
430642;430642;43;RS;Rio Grande do Sul;REGIAO 20 - ROTA DA PRODUCAO;Dois Irmãos das Missões
430692;430692;43;RS;Rio Grande do Sul;REGIAO 20 - ROTA DA PRODUCAO;Engenho Velho
430912;430912;43;RS;Rio Grande do Sul;REGIAO 20 - ROTA DA PRODUCAO;Gramado dos Loureiros
431085;431085;43;RS;Rio Grande do Sul;REGIAO 20 - ROTA DA PRODUCAO;Jaboticaba
431142;431142;43;RS;Rio Grande do Sul;REGIAO 20 - ROTA DA PRODUCAO;Lajeado do Bugre
431230;431230;43;RS;Rio Grande do Sul;REGIAO 20 - ROTA DA PRODUCAO;Miraguaí
431295;431295;43;RS;Rio Grande do Sul;REGIAO 20 - ROTA DA PRODUCAO;Nova Boa Vista
431346;431346;43;RS;Rio Grande do Sul;REGIAO 20 - ROTA DA PRODUCAO;Novo Xingu
431349;431349;43;RS;Rio Grande do Sul;REGIAO 20 - ROTA DA PRODUCAO;Novo Barreiro
431370;431370;43;RS;Rio Grande do Sul;REGIAO 20 - ROTA DA PRODUCAO;Palmeira das Missões
431540;431540;43;RS;Rio Grande do Sul;REGIAO 20 - ROTA DA PRODUCAO;Redentora
431610;431610;43;RS;Rio Grande do Sul;REGIAO 20 - ROTA DA PRODUCAO;Ronda Alta
431620;431620;43;RS;Rio Grande do Sul;REGIAO 20 - ROTA DA PRODUCAO;Rondinha
431642;431642;43;RS;Rio Grande do Sul;REGIAO 20 - ROTA DA PRODUCAO;Sagrada Família
431845;431845;43;RS;Rio Grande do Sul;REGIAO 20 - ROTA DA PRODUCAO;São José das Missões
431936;431936;43;RS;Rio Grande do Sul;REGIAO 20 - ROTA DA PRODUCAO;São Pedro das Missões
432010;432010;43;RS;Rio Grande do Sul;REGIAO 20 - ROTA DA PRODUCAO;Sarandi
432185;432185;43;RS;Rio Grande do Sul;REGIAO 20 - ROTA DA PRODUCAO;Três Palmeiras
432195;432195;43;RS;Rio Grande do Sul;REGIAO 20 - ROTA DA PRODUCAO;Trindade do Sul
430063;430063;43;RS;Rio Grande do Sul;REGIAO 21;Amaral Ferrador
430107;430107;43;RS;Rio Grande do Sul;REGIAO 21;Arroio do Padre
430130;430130;43;RS;Rio Grande do Sul;REGIAO 21;Arroio Grande
430450;430450;43;RS;Rio Grande do Sul;REGIAO 21;Canguçu
430466;430466;43;RS;Rio Grande do Sul;REGIAO 21;Capão do Leão
430512;430512;43;RS;Rio Grande do Sul;REGIAO 21;Cerrito
430543;430543;43;RS;Rio Grande do Sul;REGIAO 21;Chuí
430710;430710;43;RS;Rio Grande do Sul;REGIAO 21;Herval
431100;431100;43;RS;Rio Grande do Sul;REGIAO 21;Jaguarão
431245;431245;43;RS;Rio Grande do Sul;REGIAO 21;Morro Redondo
431417;431417;43;RS;Rio Grande do Sul;REGIAO 21;Pedras Altas
431420;431420;43;RS;Rio Grande do Sul;REGIAO 21;Pedro Osório
431440;431440;43;RS;Rio Grande do Sul;REGIAO 21;Pelotas
431450;431450;43;RS;Rio Grande do Sul;REGIAO 21;Pinheiro Machado
431460;431460;43;RS;Rio Grande do Sul;REGIAO 21;Piratini
431560;431560;43;RS;Rio Grande do Sul;REGIAO 21;Rio Grande
431700;431700;43;RS;Rio Grande do Sul;REGIAO 21;Santana da Boa Vista
431730;431730;43;RS;Rio Grande do Sul;REGIAO 21;Santa Vitória do Palmar
431850;431850;43;RS;Rio Grande do Sul;REGIAO 21;São José do Norte
431880;431880;43;RS;Rio Grande do Sul;REGIAO 21;São Lourenço do Sul
432232;432232;43;RS;Rio Grande do Sul;REGIAO 21;Turuçu
430003;430003;43;RS;Rio Grande do Sul;REGIAO 22;Aceguá
430160;430160;43;RS;Rio Grande do Sul;REGIAO 22;Bagé
430435;430435;43;RS;Rio Grande do Sul;REGIAO 22;Candiota
430660;430660;43;RS;Rio Grande do Sul;REGIAO 22;Dom Pedrito
430965;430965;43;RS;Rio Grande do Sul;REGIAO 22;Hulha Negra
431150;431150;43;RS;Rio Grande do Sul;REGIAO 22;Lavras do Sul
430440;430440;43;RS;Rio Grande do Sul;REGIAO 23;Canela
430510;430510;43;RS;Rio Grande do Sul;REGIAO 23;Caxias do Sul
430910;430910;43;RS;Rio Grande do Sul;REGIAO 23;Gramado
431164;431164;43;RS;Rio Grande do Sul;REGIAO 23;Linha Nova
431320;431320;43;RS;Rio Grande do Sul;REGIAO 23;Nova Petrópolis
431442;431442;43;RS;Rio Grande do Sul;REGIAO 23;Picada Café
430230;430230;43;RS;Rio Grande do Sul;REGIAO 24;Bom Jesus
430367;430367;43;RS;Rio Grande do Sul;REGIAO 24;Campestre da Serra
430740;430740;43;RS;Rio Grande do Sul;REGIAO 24;Esmeralda
431112;431112;43;RS;Rio Grande do Sul;REGIAO 24;Jaquirana
431237;431237;43;RS;Rio Grande do Sul;REGIAO 24;Monte Alegre dos Campos
431261;431261;43;RS;Rio Grande do Sul;REGIAO 24;Muitos Capões
431446;431446;43;RS;Rio Grande do Sul;REGIAO 24;Pinhal da Serra
431862;431862;43;RS;Rio Grande do Sul;REGIAO 24;São José dos Ausentes
432250;432250;43;RS;Rio Grande do Sul;REGIAO 24;Vacaria
430210;430210;43;RS;Rio Grande do Sul;REGIAO 25;Bento Gonçalves
430225;430225;43;RS;Rio Grande do Sul;REGIAO 25;Boa Vista do Sul
430480;430480;43;RS;Rio Grande do Sul;REGIAO 25;Carlos Barbosa
430593;430593;43;RS;Rio Grande do Sul;REGIAO 25;Coronel Pilar
430595;430595;43;RS;Rio Grande do Sul;REGIAO 25;Cotiporã
430786;430786;43;RS;Rio Grande do Sul;REGIAO 25;Fagundes Varela
430860;430860;43;RS;Rio Grande do Sul;REGIAO 25;Garibaldi
430925;430925;43;RS;Rio Grande do Sul;REGIAO 25;Guabiju
430940;430940;43;RS;Rio Grande do Sul;REGIAO 25;Guaporé
431238;431238;43;RS;Rio Grande do Sul;REGIAO 25;Monte Belo do Sul
431280;431280;43;RS;Rio Grande do Sul;REGIAO 25;Nova Araçá
431290;431290;43;RS;Rio Grande do Sul;REGIAO 25;Nova Bassano
431330;431330;43;RS;Rio Grande do Sul;REGIAO 25;Nova Prata
431400;431400;43;RS;Rio Grande do Sul;REGIAO 25;Paraí
431454;431454;43;RS;Rio Grande do Sul;REGIAO 25;Pinto Bandeira
431517;431517;43;RS;Rio Grande do Sul;REGIAO 25;Protásio Alves
431725;431725;43;RS;Rio Grande do Sul;REGIAO 25;Santa Tereza
431844;431844;43;RS;Rio Grande do Sul;REGIAO 25;São Jorge
432235;432235;43;RS;Rio Grande do Sul;REGIAO 25;União da Serra
432280;432280;43;RS;Rio Grande do Sul;REGIAO 25;Veranópolis
432330;432330;43;RS;Rio Grande do Sul;REGIAO 25;Vila Flores
432360;432360;43;RS;Rio Grande do Sul;REGIAO 25;Vista Alegre do Prata
430057;430057;43;RS;Rio Grande do Sul;REGIAO 26;Alto Feliz
430080;430080;43;RS;Rio Grande do Sul;REGIAO 26;Antônio Prado
430235;430235;43;RS;Rio Grande do Sul;REGIAO 26;Bom Princípio
430790;430790;43;RS;Rio Grande do Sul;REGIAO 26;Farroupilha
430810;430810;43;RS;Rio Grande do Sul;REGIAO 26;Feliz
430820;430820;43;RS;Rio Grande do Sul;REGIAO 26;Flores da Cunha
431043;431043;43;RS;Rio Grande do Sul;REGIAO 26;Ipê
431308;431308;43;RS;Rio Grande do Sul;REGIAO 26;Nova Pádua
431335;431335;43;RS;Rio Grande do Sul;REGIAO 26;Nova Roma do Sul
431900;431900;43;RS;Rio Grande do Sul;REGIAO 26;São Marcos
431975;431975;43;RS;Rio Grande do Sul;REGIAO 26;São Vendelino
432254;432254;43;RS;Rio Grande do Sul;REGIAO 26;Vale Real
430120;430120;43;RS;Rio Grande do Sul;REGIAO 27;Arroio do Tigre
430280;430280;43;RS;Rio Grande do Sul;REGIAO 27;Caçapava do Sul
430300;430300;43;RS;Rio Grande do Sul;REGIAO 27;Cachoeira do Sul
430513;430513;43;RS;Rio Grande do Sul;REGIAO 27;Cerro Branco
430690;430690;43;RS;Rio Grande do Sul;REGIAO 27;Encruzilhada do Sul
430781;430781;43;RS;Rio Grande do Sul;REGIAO 27;Estrela Velha
430975;430975;43;RS;Rio Grande do Sul;REGIAO 27;Ibarama
431123;431123;43;RS;Rio Grande do Sul;REGIAO 27;Lagoa Bonita do Sul
431339;431339;43;RS;Rio Grande do Sul;REGIAO 27;Novo Cabrais
431406;431406;43;RS;Rio Grande do Sul;REGIAO 27;Passa Sete
432026;432026;43;RS;Rio Grande do Sul;REGIAO 27;Segredo
432070;432070;43;RS;Rio Grande do Sul;REGIAO 27;Sobradinho
430420;430420;43;RS;Rio Grande do Sul;REGIAO 28;Candelária
430915;430915;43;RS;Rio Grande do Sul;REGIAO 28;Gramado Xavier
430957;430957;43;RS;Rio Grande do Sul;REGIAO 28;Herveiras
431215;431215;43;RS;Rio Grande do Sul;REGIAO 28;Mato Leitão
431395;431395;43;RS;Rio Grande do Sul;REGIAO 28;Pantano Grande
431407;431407;43;RS;Rio Grande do Sul;REGIAO 28;Passo do Sobrado
431570;431570;43;RS;Rio Grande do Sul;REGIAO 28;Rio Pardo
431680;431680;43;RS;Rio Grande do Sul;REGIAO 28;Santa Cruz do Sul
432067;432067;43;RS;Rio Grande do Sul;REGIAO 28;Sinimbu
432252;432252;43;RS;Rio Grande do Sul;REGIAO 28;Vale Verde
432253;432253;43;RS;Rio Grande do Sul;REGIAO 28;Vale do Sol
432260;432260;43;RS;Rio Grande do Sul;REGIAO 28;Venâncio Aires
432270;432270;43;RS;Rio Grande do Sul;REGIAO 28;Vera Cruz
430070;430070;43;RS;Rio Grande do Sul;REGIAO 29;Anta Gorda
430100;430100;43;RS;Rio Grande do Sul;REGIAO 29;Arroio do Meio
430245;430245;43;RS;Rio Grande do Sul;REGIAO 29;Boqueirão do Leão
430461;430461;43;RS;Rio Grande do Sul;REGIAO 29;Canudos do Vale
430469;430469;43;RS;Rio Grande do Sul;REGIAO 29;Capitão
430583;430583;43;RS;Rio Grande do Sul;REGIAO 29;Coqueiro Baixo
430620;430620;43;RS;Rio Grande do Sul;REGIAO 29;Cruzeiro do Sul
430645;430645;43;RS;Rio Grande do Sul;REGIAO 29;Dois Lajeados
430675;430675;43;RS;Rio Grande do Sul;REGIAO 29;Doutor Ricardo
430680;430680;43;RS;Rio Grande do Sul;REGIAO 29;Encantado
430843;430843;43;RS;Rio Grande do Sul;REGIAO 29;Forquetinha
431030;431030;43;RS;Rio Grande do Sul;REGIAO 29;Ilópolis
431140;431140;43;RS;Rio Grande do Sul;REGIAO 29;Lajeado
431205;431205;43;RS;Rio Grande do Sul;REGIAO 29;Marques de Souza
431260;431260;43;RS;Rio Grande do Sul;REGIAO 29;Muçum
431300;431300;43;RS;Rio Grande do Sul;REGIAO 29;Nova Bréscia
431513;431513;43;RS;Rio Grande do Sul;REGIAO 29;Pouso Novo
431515;431515;43;RS;Rio Grande do Sul;REGIAO 29;Progresso
431520;431520;43;RS;Rio Grande do Sul;REGIAO 29;Putinga
431545;431545;43;RS;Rio Grande do Sul;REGIAO 29;Relvado
431580;431580;43;RS;Rio Grande do Sul;REGIAO 29;Roca Sales
431675;431675;43;RS;Rio Grande do Sul;REGIAO 29;Santa Clara do Sul
431846;431846;43;RS;Rio Grande do Sul;REGIAO 29;São José do Herval
431971;431971;43;RS;Rio Grande do Sul;REGIAO 29;São Valentim do Sul
432045;432045;43;RS;Rio Grande do Sul;REGIAO 29;Sério
432162;432162;43;RS;Rio Grande do Sul;REGIAO 29;Travesseiro
432285;432285;43;RS;Rio Grande do Sul;REGIAO 29;Vespasiano Corrêa
430240;430240;43;RS;Rio Grande do Sul;REGIAO 30;Bom Retiro do Sul
430558;430558;43;RS;Rio Grande do Sul;REGIAO 30;Colinas
430780;430780;43;RS;Rio Grande do Sul;REGIAO 30;Estrela
430807;430807;43;RS;Rio Grande do Sul;REGIAO 30;Fazenda Vilanova
431036;431036;43;RS;Rio Grande do Sul;REGIAO 30;Imigrante
431415;431415;43;RS;Rio Grande do Sul;REGIAO 30;Paverama
431475;431475;43;RS;Rio Grande do Sul;REGIAO 30;Poço das Antas
432130;432130;43;RS;Rio Grande do Sul;REGIAO 30;Taquari
432145;432145;43;RS;Rio Grande do Sul;REGIAO 30;Teutônia
432377;432377;43;RS;Rio Grande do Sul;REGIAO 30;Westfália
500070;500070;50;MS;Mato Grosso do Sul;BAIXO PANTANAL;Anastácio
500110;500110;50;MS;Mato Grosso do Sul;BAIXO PANTANAL;Aquidauana
500210;500210;50;MS;Mato Grosso do Sul;BAIXO PANTANAL;Bela Vista
500215;500215;50;MS;Mato Grosso do Sul;BAIXO PANTANAL;Bodoquena
500220;500220;50;MS;Mato Grosso do Sul;BAIXO PANTANAL;Bonito
500280;500280;50;MS;Mato Grosso do Sul;BAIXO PANTANAL;Caracol
500348;500348;50;MS;Mato Grosso do Sul;BAIXO PANTANAL;Dois Irmãos do Buriti
500410;500410;50;MS;Mato Grosso do Sul;BAIXO PANTANAL;Guia Lopes da Laguna
500500;500500;50;MS;Mato Grosso do Sul;BAIXO PANTANAL;Jardim
500540;500540;50;MS;Mato Grosso do Sul;BAIXO PANTANAL;Maracaju
500580;500580;50;MS;Mato Grosso do Sul;BAIXO PANTANAL;Nioaque
500690;500690;50;MS;Mato Grosso do Sul;BAIXO PANTANAL;Porto Murtinho
500320;500320;50;MS;Mato Grosso do Sul;PANTANAL;Corumbá
500520;500520;50;MS;Mato Grosso do Sul;PANTANAL;Ladário
500560;500560;50;MS;Mato Grosso do Sul;PANTANAL;Miranda
500150;500150;50;MS;Mato Grosso do Sul;CENTRO;Bandeirantes
500260;500260;50;MS;Mato Grosso do Sul;CENTRO;Camapuã
500270;500270;50;MS;Mato Grosso do Sul;CENTRO;Campo Grande
500310;500310;50;MS;Mato Grosso do Sul;CENTRO;Corguinho
500490;500490;50;MS;Mato Grosso do Sul;CENTRO;Jaraguari
500710;500710;50;MS;Mato Grosso do Sul;CENTRO;Ribas do Rio Pardo
500750;500750;50;MS;Mato Grosso do Sul;CENTRO;Rochedo
500790;500790;50;MS;Mato Grosso do Sul;CENTRO;Sidrolândia
500800;500800;50;MS;Mato Grosso do Sul;CENTRO;Terenos
500240;500240;50;MS;Mato Grosso do Sul;CENTRO SUL;Caarapó
500345;500345;50;MS;Mato Grosso do Sul;CENTRO SUL;Deodápolis
500350;500350;50;MS;Mato Grosso do Sul;CENTRO SUL;Douradina
500370;500370;50;MS;Mato Grosso do Sul;CENTRO SUL;Dourados
500380;500380;50;MS;Mato Grosso do Sul;CENTRO SUL;Fátima do Sul
500400;500400;50;MS;Mato Grosso do Sul;CENTRO SUL;Glória de Dourados
500450;500450;50;MS;Mato Grosso do Sul;CENTRO SUL;Itaporã
500510;500510;50;MS;Mato Grosso do Sul;CENTRO SUL;Jateí
500525;500525;50;MS;Mato Grosso do Sul;CENTRO SUL;Laguna Carapã
500600;500600;50;MS;Mato Grosso do Sul;CENTRO SUL;Nova Alvorada do Sul
500720;500720;50;MS;Mato Grosso do Sul;CENTRO SUL;Rio Brilhante
500840;500840;50;MS;Mato Grosso do Sul;CENTRO SUL;Vicentina
500020;500020;50;MS;Mato Grosso do Sul;LESTE;Água Clara
500190;500190;50;MS;Mato Grosso do Sul;LESTE;Bataguassu
500230;500230;50;MS;Mato Grosso do Sul;LESTE;Brasilândia
500755;500755;50;MS;Mato Grosso do Sul;LESTE;Santa Rita do Pardo
500780;500780;50;MS;Mato Grosso do Sul;LESTE;Selvíria
500830;500830;50;MS;Mato Grosso do Sul;LESTE;Três Lagoas
500100;500100;50;MS;Mato Grosso do Sul;NORDESTE;Aparecida do Taboado
500290;500290;50;MS;Mato Grosso do Sul;NORDESTE;Cassilândia
500295;500295;50;MS;Mato Grosso do Sul;NORDESTE;Chapadão do Sul
500325;500325;50;MS;Mato Grosso do Sul;NORDESTE;Costa Rica
500440;500440;50;MS;Mato Grosso do Sul;NORDESTE;Inocência
500627;500627;50;MS;Mato Grosso do Sul;NORDESTE;Paraíso das Águas
500630;500630;50;MS;Mato Grosso do Sul;NORDESTE;Paranaíba
500025;500025;50;MS;Mato Grosso do Sul;NORTE;Alcinópolis
500330;500330;50;MS;Mato Grosso do Sul;NORTE;Coxim
500390;500390;50;MS;Mato Grosso do Sul;NORTE;Figueirão
500640;500640;50;MS;Mato Grosso do Sul;NORTE;Pedro Gomes
500730;500730;50;MS;Mato Grosso do Sul;NORTE;Rio Negro
500740;500740;50;MS;Mato Grosso do Sul;NORTE;Rio Verde de Mato Grosso
500769;500769;50;MS;Mato Grosso do Sul;NORTE;São Gabriel do Oeste
500793;500793;50;MS;Mato Grosso do Sul;NORTE;Sonora
500080;500080;50;MS;Mato Grosso do Sul;SUDESTE;Anaurilândia
500085;500085;50;MS;Mato Grosso do Sul;SUDESTE;Angélica
500200;500200;50;MS;Mato Grosso do Sul;SUDESTE;Batayporã
500470;500470;50;MS;Mato Grosso do Sul;SUDESTE;Ivinhema
500620;500620;50;MS;Mato Grosso do Sul;SUDESTE;Nova Andradina
500625;500625;50;MS;Mato Grosso do Sul;SUDESTE;Novo Horizonte do Sul
500797;500797;50;MS;Mato Grosso do Sul;SUDESTE;Taquarussu
500060;500060;50;MS;Mato Grosso do Sul;SUL FRONTEIRA;Amambai
500090;500090;50;MS;Mato Grosso do Sul;SUL FRONTEIRA;Antônio João
500124;500124;50;MS;Mato Grosso do Sul;SUL FRONTEIRA;Aral Moreira
500315;500315;50;MS;Mato Grosso do Sul;SUL FRONTEIRA;Coronel Sapucaia
500375;500375;50;MS;Mato Grosso do Sul;SUL FRONTEIRA;Eldorado
500430;500430;50;MS;Mato Grosso do Sul;SUL FRONTEIRA;Iguatemi
500460;500460;50;MS;Mato Grosso do Sul;SUL FRONTEIRA;Itaquiraí
500480;500480;50;MS;Mato Grosso do Sul;SUL FRONTEIRA;Japorã
500515;500515;50;MS;Mato Grosso do Sul;SUL FRONTEIRA;Juti
500568;500568;50;MS;Mato Grosso do Sul;SUL FRONTEIRA;Mundo Novo
500570;500570;50;MS;Mato Grosso do Sul;SUL FRONTEIRA;Naviraí
500635;500635;50;MS;Mato Grosso do Sul;SUL FRONTEIRA;Paranhos
500660;500660;50;MS;Mato Grosso do Sul;SUL FRONTEIRA;Ponta Porã
500770;500770;50;MS;Mato Grosso do Sul;SUL FRONTEIRA;Sete Quedas
500795;500795;50;MS;Mato Grosso do Sul;SUL FRONTEIRA;Tacuru
510025;510025;51;MT;Mato Grosso;ALTO TAPAJOS;Alta Floresta
510080;510080;51;MT;Mato Grosso;ALTO TAPAJOS;Apiacás
510279;510279;51;MT;Mato Grosso;ALTO TAPAJOS;Carlinda
510615;510615;51;MT;Mato Grosso;ALTO TAPAJOS;Nova Bandeirantes
510629;510629;51;MT;Mato Grosso;ALTO TAPAJOS;Paranaíta
510895;510895;51;MT;Mato Grosso;ALTO TAPAJOS;Nova Monte Verde
510010;510010;51;MT;Mato Grosso;BAIXADA CUIABANA;Acorizal
510160;510160;51;MT;Mato Grosso;BAIXADA CUIABANA;Barão de Melgaço
510300;510300;51;MT;Mato Grosso;BAIXADA CUIABANA;Chapada dos Guimarães
510340;510340;51;MT;Mato Grosso;BAIXADA CUIABANA;Cuiabá
510490;510490;51;MT;Mato Grosso;BAIXADA CUIABANA;Jangada
510610;510610;51;MT;Mato Grosso;BAIXADA CUIABANA;Nossa Senhora do Livramento
510620;510620;51;MT;Mato Grosso;BAIXADA CUIABANA;Nova Brasilândia
510645;510645;51;MT;Mato Grosso;BAIXADA CUIABANA;Planalto da Serra
510650;510650;51;MT;Mato Grosso;BAIXADA CUIABANA;Poconé
510780;510780;51;MT;Mato Grosso;BAIXADA CUIABANA;Santo Antônio do Leverger
510840;510840;51;MT;Mato Grosso;BAIXADA CUIABANA;Várzea Grande
510269;510269;51;MT;Mato Grosso;ARAGUAIA XINGU;Canabrava do Norte
510335;510335;51;MT;Mato Grosso;ARAGUAIA XINGU;Confresa
510677;510677;51;MT;Mato Grosso;ARAGUAIA XINGU;Porto Alegre do Norte
510735;510735;51;MT;Mato Grosso;ARAGUAIA XINGU;São José do Xingu
510774;510774;51;MT;Mato Grosso;ARAGUAIA XINGU;Santa Cruz do Xingu
510777;510777;51;MT;Mato Grosso;ARAGUAIA XINGU;Santa Terezinha
510860;510860;51;MT;Mato Grosso;ARAGUAIA XINGU;Vila Rica
510050;510050;51;MT;Mato Grosso;CENTRO NORTE;Alto Paraguai
510350;510350;51;MT;Mato Grosso;CENTRO NORTE;Diamantino
510590;510590;51;MT;Mato Grosso;CENTRO NORTE;Nobres
510600;510600;51;MT;Mato Grosso;CENTRO NORTE;Nortelândia
510730;510730;51;MT;Mato Grosso;CENTRO NORTE;São José do Rio Claro
510770;510770;51;MT;Mato Grosso;CENTRO NORTE;Rosário Oeste
510890;510890;51;MT;Mato Grosso;CENTRO NORTE;Nova Maringá
510100;510100;51;MT;Mato Grosso;GARCAS ARAGUAIA;Araguaiana
510180;510180;51;MT;Mato Grosso;GARCAS ARAGUAIA;Barra do Garças
510260;510260;51;MT;Mato Grosso;GARCAS ARAGUAIA;Campinápolis
510390;510390;51;MT;Mato Grosso;GARCAS ARAGUAIA;General Carneiro
510625;510625;51;MT;Mato Grosso;GARCAS ARAGUAIA;Nova Xavantina
510628;510628;51;MT;Mato Grosso;GARCAS ARAGUAIA;Novo São Joaquim
510665;510665;51;MT;Mato Grosso;GARCAS ARAGUAIA;Pontal do Araguaia
510670;510670;51;MT;Mato Grosso;GARCAS ARAGUAIA;Ponte Branca
510719;510719;51;MT;Mato Grosso;GARCAS ARAGUAIA;Ribeirãozinho
510820;510820;51;MT;Mato Grosso;GARCAS ARAGUAIA;Torixoréu
510020;510020;51;MT;Mato Grosso;MEDIO ARAGUAIA;Água Boa
510185;510185;51;MT;Mato Grosso;MEDIO ARAGUAIA;Bom Jesus do Araguaia
510270;510270;51;MT;Mato Grosso;MEDIO ARAGUAIA;Canarana
510310;510310;51;MT;Mato Grosso;MEDIO ARAGUAIA;Cocalinho
510385;510385;51;MT;Mato Grosso;MEDIO ARAGUAIA;Gaúcha do Norte
510617;510617;51;MT;Mato Grosso;MEDIO ARAGUAIA;Nova Nazaré
510706;510706;51;MT;Mato Grosso;MEDIO ARAGUAIA;Querência
510718;510718;51;MT;Mato Grosso;MEDIO ARAGUAIA;Ribeirão Cascalheira
510130;510130;51;MT;Mato Grosso;MEDIO NORTE MATOGROSSENSE;Arenápolis
510170;510170;51;MT;Mato Grosso;MEDIO NORTE MATOGROSSENSE;Barra do Bugres
510263;510263;51;MT;Mato Grosso;MEDIO NORTE MATOGROSSENSE;Campo Novo do Parecis
510345;510345;51;MT;Mato Grosso;MEDIO NORTE MATOGROSSENSE;Denise
510623;510623;51;MT;Mato Grosso;MEDIO NORTE MATOGROSSENSE;Nova Olímpia
510685;510685;51;MT;Mato Grosso;MEDIO NORTE MATOGROSSENSE;Porto Estrela
510726;510726;51;MT;Mato Grosso;MEDIO NORTE MATOGROSSENSE;Santo Afonso
510787;510787;51;MT;Mato Grosso;MEDIO NORTE MATOGROSSENSE;Sapezal
510795;510795;51;MT;Mato Grosso;MEDIO NORTE MATOGROSSENSE;Tangará da Serra
510885;510885;51;MT;Mato Grosso;MEDIO NORTE MATOGROSSENSE;Nova Marilândia
510140;510140;51;MT;Mato Grosso;NOROESTE MATOGROSSENSE;Aripuanã
510190;510190;51;MT;Mato Grosso;NOROESTE MATOGROSSENSE;Brasnorte
510285;510285;51;MT;Mato Grosso;NOROESTE MATOGROSSENSE;Castanheira
510325;510325;51;MT;Mato Grosso;NOROESTE MATOGROSSENSE;Colniza
510337;510337;51;MT;Mato Grosso;NOROESTE MATOGROSSENSE;Cotriguaçu
510515;510515;51;MT;Mato Grosso;NOROESTE MATOGROSSENSE;Juína
510517;510517;51;MT;Mato Grosso;NOROESTE MATOGROSSENSE;Juruena
510035;510035;51;MT;Mato Grosso;NORTE ARAGUAIA KARAJA;Alto Boa Vista
510530;510530;51;MT;Mato Grosso;NORTE ARAGUAIA KARAJA;Luciara
510631;510631;51;MT;Mato Grosso;NORTE ARAGUAIA KARAJA;Novo Santo Antônio
510785;510785;51;MT;Mato Grosso;NORTE ARAGUAIA KARAJA;São Félix do Araguaia
510788;510788;51;MT;Mato Grosso;NORTE ARAGUAIA KARAJA;Serra Nova Dourada
510320;510320;51;MT;Mato Grosso;NORTE MATOGROSSENSE;Colíder
510455;510455;51;MT;Mato Grosso;NORTE MATOGROSSENSE;Itaúba
510558;510558;51;MT;Mato Grosso;NORTE MATOGROSSENSE;Marcelândia
510619;510619;51;MT;Mato Grosso;NORTE MATOGROSSENSE;Nova Santa Helena
510621;510621;51;MT;Mato Grosso;NORTE MATOGROSSENSE;Nova Canaã do Norte
510880;510880;51;MT;Mato Grosso;NORTE MATOGROSSENSE;Nova Guarita
510125;510125;51;MT;Mato Grosso;OESTE MATOGROSSENSE;Araputanga
510250;510250;51;MT;Mato Grosso;OESTE MATOGROSSENSE;Cáceres
510343;510343;51;MT;Mato Grosso;OESTE MATOGROSSENSE;Curvelândia
510395;510395;51;MT;Mato Grosso;OESTE MATOGROSSENSE;Glória D'Oeste
510450;510450;51;MT;Mato Grosso;OESTE MATOGROSSENSE;Indiavaí
510523;510523;51;MT;Mato Grosso;OESTE MATOGROSSENSE;Lambari D'Oeste
510562;510562;51;MT;Mato Grosso;OESTE MATOGROSSENSE;Mirassol d'Oeste
510682;510682;51;MT;Mato Grosso;OESTE MATOGROSSENSE;Porto Esperidião
510710;510710;51;MT;Mato Grosso;OESTE MATOGROSSENSE;São José dos Quatro Marcos
510715;510715;51;MT;Mato Grosso;OESTE MATOGROSSENSE;Reserva do Cabaçal
510720;510720;51;MT;Mato Grosso;OESTE MATOGROSSENSE;Rio Branco
510775;510775;51;MT;Mato Grosso;OESTE MATOGROSSENSE;Salto do Céu
510268;510268;51;MT;Mato Grosso;SUDOESTE MATOGROSSENSE;Campos de Júlio
510330;510330;51;MT;Mato Grosso;SUDOESTE MATOGROSSENSE;Comodoro
510336;510336;51;MT;Mato Grosso;SUDOESTE MATOGROSSENSE;Conquista D'Oeste
510380;510380;51;MT;Mato Grosso;SUDOESTE MATOGROSSENSE;Figueirópolis D'Oeste
510500;510500;51;MT;Mato Grosso;SUDOESTE MATOGROSSENSE;Jauru
510550;510550;51;MT;Mato Grosso;SUDOESTE MATOGROSSENSE;Vila Bela da Santíssima Trindad
510618;510618;51;MT;Mato Grosso;SUDOESTE MATOGROSSENSE;Nova Lacerda
510675;510675;51;MT;Mato Grosso;SUDOESTE MATOGROSSENSE;Pontes e Lacerda
510757;510757;51;MT;Mato Grosso;SUDOESTE MATOGROSSENSE;Rondolândia
510835;510835;51;MT;Mato Grosso;SUDOESTE MATOGROSSENSE;Vale de São Domingos
510030;510030;51;MT;Mato Grosso;SUL MATOGROSSENSE;Alto Araguaia
510040;510040;51;MT;Mato Grosso;SUL MATOGROSSENSE;Alto Garças
510060;510060;51;MT;Mato Grosso;SUL MATOGROSSENSE;Alto Taquari
510120;510120;51;MT;Mato Grosso;SUL MATOGROSSENSE;Araguainha
510267;510267;51;MT;Mato Grosso;SUL MATOGROSSENSE;Campo Verde
510360;510360;51;MT;Mato Grosso;SUL MATOGROSSENSE;Dom Aquino
510420;510420;51;MT;Mato Grosso;SUL MATOGROSSENSE;Guiratinga
510460;510460;51;MT;Mato Grosso;SUL MATOGROSSENSE;Itiquira
510480;510480;51;MT;Mato Grosso;SUL MATOGROSSENSE;Jaciara
510520;510520;51;MT;Mato Grosso;SUL MATOGROSSENSE;Juscimeira
510630;510630;51;MT;Mato Grosso;SUL MATOGROSSENSE;Paranatinga
510637;510637;51;MT;Mato Grosso;SUL MATOGROSSENSE;Pedra Preta
510700;510700;51;MT;Mato Grosso;SUL MATOGROSSENSE;Poxoréu
510704;510704;51;MT;Mato Grosso;SUL MATOGROSSENSE;Primavera do Leste
510729;510729;51;MT;Mato Grosso;SUL MATOGROSSENSE;São José do Povo
510740;510740;51;MT;Mato Grosso;SUL MATOGROSSENSE;São Pedro da Cipa
510760;510760;51;MT;Mato Grosso;SUL MATOGROSSENSE;Rondonópolis
510779;510779;51;MT;Mato Grosso;SUL MATOGROSSENSE;Santo Antônio do Leste
510810;510810;51;MT;Mato Grosso;SUL MATOGROSSENSE;Tesouro
510183;510183;51;MT;Mato Grosso;TELES PIRES;Boa Esperança Do Norte
510305;510305;51;MT;Mato Grosso;TELES PIRES;Cláudia
510370;510370;51;MT;Mato Grosso;TELES PIRES;Feliz Natal
510452;510452;51;MT;Mato Grosso;TELES PIRES;Ipiranga do Norte
510454;510454;51;MT;Mato Grosso;TELES PIRES;Itanhangá
510525;510525;51;MT;Mato Grosso;TELES PIRES;Lucas do Rio Verde
510622;510622;51;MT;Mato Grosso;TELES PIRES;Nova Mutum
510624;510624;51;MT;Mato Grosso;TELES PIRES;Nova Ubiratã
510724;510724;51;MT;Mato Grosso;TELES PIRES;Santa Carmem
510776;510776;51;MT;Mato Grosso;TELES PIRES;Santa Rita do Trivelato
510790;510790;51;MT;Mato Grosso;TELES PIRES;Sinop
510792;510792;51;MT;Mato Grosso;TELES PIRES;Sorriso
510800;510800;51;MT;Mato Grosso;TELES PIRES;Tapurah
510830;510830;51;MT;Mato Grosso;TELES PIRES;União do Sul
510850;510850;51;MT;Mato Grosso;TELES PIRES;Vera
510410;510410;51;MT;Mato Grosso;VALE DO PEIXOTO;Guarantã do Norte
510560;510560;51;MT;Mato Grosso;VALE DO PEIXOTO;Matupá
510626;510626;51;MT;Mato Grosso;VALE DO PEIXOTO;Novo Mundo
510642;510642;51;MT;Mato Grosso;VALE DO PEIXOTO;Peixoto de Azevedo
510805;510805;51;MT;Mato Grosso;VALE DO PEIXOTO;Terra Nova do Norte
510510;510510;51;MT;Mato Grosso;VALE DOS ARINOS;Juara
510627;510627;51;MT;Mato Grosso;VALE DOS ARINOS;Novo Horizonte do Norte
510680;510680;51;MT;Mato Grosso;VALE DOS ARINOS;Porto dos Gaúchos
510794;510794;51;MT;Mato Grosso;VALE DOS ARINOS;Tabaporã
520005;520005;52;GO;Goiás;CENTRAL;Abadia de Goiás
520130;520130;52;GO;Goiás;CENTRAL;Anicuns
520160;520160;52;GO;Goiás;CENTRAL;Araçu
520280;520280;52;GO;Goiás;CENTRAL;Avelinópolis
520360;520360;52;GO;Goiás;CENTRAL;Brazabrantes
520460;520460;52;GO;Goiás;CENTRAL;Campestre de Goiás
520520;520520;52;GO;Goiás;CENTRAL;Caturaí
520680;520680;52;GO;Goiás;CENTRAL;Damolândia
520870;520870;52;GO;Goiás;CENTRAL;Goiânia
520880;520880;52;GO;Goiás;CENTRAL;Goianira
520920;520920;52;GO;Goiás;CENTRAL;Guapó
521000;521000;52;GO;Goiás;CENTRAL;Inhumas
521056;521056;52;GO;Goiás;CENTRAL;Itaguari
521140;521140;52;GO;Goiás;CENTRAL;Itauçu
521205;521205;52;GO;Goiás;CENTRAL;Jesúpolis
521440;521440;52;GO;Goiás;CENTRAL;Nazário
521450;521450;52;GO;Goiás;CENTRAL;Nerópolis
521500;521500;52;GO;Goiás;CENTRAL;Nova Veneza
521540;521540;52;GO;Goiás;CENTRAL;Ouro Verde de Goiás
521680;521680;52;GO;Goiás;CENTRAL;Petrolina de Goiás
521910;521910;52;GO;Goiás;CENTRAL;Santa Bárbara de Goiás
521950;521950;52;GO;Goiás;CENTRAL;Santa Rosa de Goiás
521973;521973;52;GO;Goiás;CENTRAL;Santo Antônio de Goiás
521990;521990;52;GO;Goiás;CENTRAL;São Francisco de Goiás
522100;522100;52;GO;Goiás;CENTRAL;Taquaral de Goiás
522140;522140;52;GO;Goiás;CENTRAL;Trindade
520140;520140;52;GO;Goiás;CENTRO SUL;Aparecida de Goiânia
520180;520180;52;GO;Goiás;CENTRO SUL;Aragoiânia
520330;520330;52;GO;Goiás;CENTRO SUL;Bela Vista de Goiás
520355;520355;52;GO;Goiás;CENTRO SUL;Bonfinópolis
520455;520455;52;GO;Goiás;CENTRO SUL;Caldazinha
520545;520545;52;GO;Goiás;CENTRO SUL;Cezarina
520630;520630;52;GO;Goiás;CENTRO SUL;Cristianópolis
520650;520650;52;GO;Goiás;CENTRO SUL;Cromínia
520735;520735;52;GO;Goiás;CENTRO SUL;Edealina
520740;520740;52;GO;Goiás;CENTRO SUL;Edéia
520970;520970;52;GO;Goiás;CENTRO SUL;Hidrolândia
520995;520995;52;GO;Goiás;CENTRO SUL;Indiara
521170;521170;52;GO;Goiás;CENTRO SUL;Jandaia
521230;521230;52;GO;Goiás;CENTRO SUL;Leopoldo de Bulhões
521260;521260;52;GO;Goiás;CENTRO SUL;Mairipotaba
521530;521530;52;GO;Goiás;CENTRO SUL;Orizona
521710;521710;52;GO;Goiás;CENTRO SUL;Piracanjuba
521770;521770;52;GO;Goiás;CENTRO SUL;Pontalina
521839;521839;52;GO;Goiás;CENTRO SUL;Professor Jamil
522026;522026;52;GO;Goiás;CENTRO SUL;São Miguel do Passa Quatro
522045;522045;52;GO;Goiás;CENTRO SUL;Senador Canedo
522060;522060;52;GO;Goiás;CENTRO SUL;Silvânia
522190;522190;52;GO;Goiás;CENTRO SUL;Varjão
522200;522200;52;GO;Goiás;CENTRO SUL;Vianópolis
522205;522205;52;GO;Goiás;CENTRO SUL;Vicentinópolis
520017;520017;52;GO;Goiás;ENTORNO NORTE;Água Fria de Goiás
520060;520060;52;GO;Goiás;ENTORNO NORTE;Alto Paraíso de Goiás
520400;520400;52;GO;Goiás;ENTORNO NORTE;Cabeceiras
520790;520790;52;GO;Goiás;ENTORNO NORTE;Flores de Goiás
520800;520800;52;GO;Goiás;ENTORNO NORTE;Formosa
521760;521760;52;GO;Goiás;ENTORNO NORTE;Planaltina
522000;522000;52;GO;Goiás;ENTORNO NORTE;São João d'Aliança
522220;522220;52;GO;Goiás;ENTORNO NORTE;Vila Boa
520025;520025;52;GO;Goiás;ENTORNO SUL;Águas Lindas de Goiás
520549;520549;52;GO;Goiás;ENTORNO SUL;Cidade Ocidental
520620;520620;52;GO;Goiás;ENTORNO SUL;Cristalina
521250;521250;52;GO;Goiás;ENTORNO SUL;Luziânia
521523;521523;52;GO;Goiás;ENTORNO SUL;Novo Gama
521975;521975;52;GO;Goiás;ENTORNO SUL;Santo Antônio do Descoberto
522185;522185;52;GO;Goiás;ENTORNO SUL;Valparaíso de Goiás
520120;520120;52;GO;Goiás;ESTRADA DE FERRO;Anhanguera
520450;520450;52;GO;Goiás;ESTRADA DE FERRO;Caldas Novas
520480;520480;52;GO;Goiás;ESTRADA DE FERRO;Campo Alegre de Goiás
520510;520510;52;GO;Goiás;ESTRADA DE FERRO;Catalão
520590;520590;52;GO;Goiás;ESTRADA DE FERRO;Corumbaíba
520660;520660;52;GO;Goiás;ESTRADA DE FERRO;Cumari
520690;520690;52;GO;Goiás;ESTRADA DE FERRO;Davinópolis
520850;520850;52;GO;Goiás;ESTRADA DE FERRO;Goiandira
521010;521010;52;GO;Goiás;ESTRADA DE FERRO;Ipameri
521290;521290;52;GO;Goiás;ESTRADA DE FERRO;Marzagão
521480;521480;52;GO;Goiás;ESTRADA DE FERRO;Nova Aurora
521550;521550;52;GO;Goiás;ESTRADA DE FERRO;Ouvidor
521580;521580;52;GO;Goiás;ESTRADA DE FERRO;Palmelo
521740;521740;52;GO;Goiás;ESTRADA DE FERRO;Pires do Rio
521878;521878;52;GO;Goiás;ESTRADA DE FERRO;Rio Quente
521920;521920;52;GO;Goiás;ESTRADA DE FERRO;Santa Cruz de Goiás
522130;522130;52;GO;Goiás;ESTRADA DE FERRO;Três Ranchos
522180;522180;52;GO;Goiás;ESTRADA DE FERRO;Urutaí
520490;520490;52;GO;Goiás;NORDESTE I;Campos Belos
520530;520530;52;GO;Goiás;NORDESTE I;Cavalcante
520830;520830;52;GO;Goiás;NORDESTE I;Divinópolis de Goiás
521350;521350;52;GO;Goiás;NORDESTE I;Monte Alegre de Goiás
522108;522108;52;GO;Goiás;NORDESTE I;Teresina de Goiás
520080;520080;52;GO;Goiás;NORDESTE II;Alvorada do Norte
520396;520396;52;GO;Goiás;NORDESTE II;Buritinópolis
520670;520670;52;GO;Goiás;NORDESTE II;Damianópolis
520940;520940;52;GO;Goiás;NORDESTE II;Guarani de Goiás
520990;520990;52;GO;Goiás;NORDESTE II;Iaciara
521270;521270;52;GO;Goiás;NORDESTE II;Mambaí
521490;521490;52;GO;Goiás;NORDESTE II;Nova Roma
521830;521830;52;GO;Goiás;NORDESTE II;Posse
521980;521980;52;GO;Goiás;NORDESTE II;São Domingos
522068;522068;52;GO;Goiás;NORDESTE II;Simolândia
522070;522070;52;GO;Goiás;NORDESTE II;Sítio d'Abadia
520357;520357;52;GO;Goiás;NORTE;Bonópolis
520465;520465;52;GO;Goiás;NORTE;Campinaçu
520750;520750;52;GO;Goiás;NORTE;Estrela do Norte
520810;520810;52;GO;Goiás;NORTE;Formoso
521308;521308;52;GO;Goiás;NORTE;Minaçu
521377;521377;52;GO;Goiás;NORTE;Montividiu do Norte
521405;521405;52;GO;Goiás;NORTE;Mundo Novo
521410;521410;52;GO;Goiás;NORTE;Mutunópolis
521525;521525;52;GO;Goiás;NORTE;Novo Planalto
521800;521800;52;GO;Goiás;NORTE;Porangatu
521960;521960;52;GO;Goiás;NORTE;Santa Tereza de Goiás
522020;522020;52;GO;Goiás;NORTE;São Miguel do Araguaia
522145;522145;52;GO;Goiás;NORTE;Trombas
520090;520090;52;GO;Goiás;OESTE I;Amorinópolis
520170;520170;52;GO;Goiás;OESTE I;Aragarças
520235;520235;52;GO;Goiás;OESTE I;Arenópolis
520310;520310;52;GO;Goiás;OESTE I;Baliza
520340;520340;52;GO;Goiás;OESTE I;Bom Jardim de Goiás
520710;520710;52;GO;Goiás;OESTE I;Diorama
520760;520760;52;GO;Goiás;OESTE I;Fazenda Nova
521020;521020;52;GO;Goiás;OESTE I;Iporá
521030;521030;52;GO;Goiás;OESTE I;Israelândia
521160;521160;52;GO;Goiás;OESTE I;Ivolândia
521200;521200;52;GO;Goiás;OESTE I;Jaupaci
521340;521340;52;GO;Goiás;OESTE I;Moiporá
521370;521370;52;GO;Goiás;OESTE I;Montes Claros de Goiás
521520;521520;52;GO;Goiás;OESTE I;Novo Brasil
521565;521565;52;GO;Goiás;OESTE I;Palestina de Goiás
521720;521720;52;GO;Goiás;OESTE I;Piranhas
520015;520015;52;GO;Goiás;OESTE II;Adelândia
520260;520260;52;GO;Goiás;OESTE II;Aurilândia
520393;520393;52;GO;Goiás;OESTE II;Buriti de Goiás
520420;520420;52;GO;Goiás;OESTE II;Cachoeira de Goiás
520570;520570;52;GO;Goiás;OESTE II;Córrego do Ouro
520780;520780;52;GO;Goiás;OESTE II;Firminópolis
521570;521570;52;GO;Goiás;OESTE II;Palmeiras de Goiás
521590;521590;52;GO;Goiás;OESTE II;Palminópolis
521640;521640;52;GO;Goiás;OESTE II;Paraúna
521900;521900;52;GO;Goiás;OESTE II;Sanclerlândia
522005;522005;52;GO;Goiás;OESTE II;São João da Paraúna
522010;522010;52;GO;Goiás;OESTE II;São Luís de Montes Belos
522150;522150;52;GO;Goiás;OESTE II;Turvânia
520010;520010;52;GO;Goiás;PIRINEUS;Abadiânia
520030;520030;52;GO;Goiás;PIRINEUS;Alexânia
520110;520110;52;GO;Goiás;PIRINEUS;Anápolis
520485;520485;52;GO;Goiás;PIRINEUS;Campo Limpo de Goiás
520551;520551;52;GO;Goiás;PIRINEUS;Cocalzinho de Goiás
520580;520580;52;GO;Goiás;PIRINEUS;Corumbá de Goiás
520815;520815;52;GO;Goiás;PIRINEUS;Gameleira de Goiás
520840;520840;52;GO;Goiás;PIRINEUS;Goianápolis
521730;521730;52;GO;Goiás;PIRINEUS;Pirenópolis
522119;522119;52;GO;Goiás;PIRINEUS;Terezópolis de Goiás
520085;520085;52;GO;Goiás;RIO VERMELHO;Americano do Brasil
520215;520215;52;GO;Goiás;RIO VERMELHO;Araguapaz
520250;520250;52;GO;Goiás;RIO VERMELHO;Aruanã
520380;520380;52;GO;Goiás;RIO VERMELHO;Britânia
520753;520753;52;GO;Goiás;RIO VERMELHO;Faina
520890;520890;52;GO;Goiás;RIO VERMELHO;Goiás
520929;520929;52;GO;Goiás;RIO VERMELHO;Guaraíta
520960;520960;52;GO;Goiás;RIO VERMELHO;Heitoraí
521040;521040;52;GO;Goiás;RIO VERMELHO;Itaberaí
521100;521100;52;GO;Goiás;RIO VERMELHO;Itapirapuã
521120;521120;52;GO;Goiás;RIO VERMELHO;Itapuranga
521220;521220;52;GO;Goiás;RIO VERMELHO;Jussara
521295;521295;52;GO;Goiás;RIO VERMELHO;Matrinchã
521390;521390;52;GO;Goiás;RIO VERMELHO;Mossâmedes
521400;521400;52;GO;Goiás;RIO VERMELHO;Mozarlândia
521483;521483;52;GO;Goiás;RIO VERMELHO;Nova Crixás
521925;521925;52;GO;Goiás;RIO VERMELHO;Santa Fé de Goiás
520495;520495;52;GO;Goiás;SAO PATRICIO I;Campos Verdes
520500;520500;52;GO;Goiás;SAO PATRICIO I;Carmo do Rio Verde
520540;520540;52;GO;Goiás;SAO PATRICIO I;Ceres
520640;520640;52;GO;Goiás;SAO PATRICIO I;Crixás
520945;520945;52;GO;Goiás;SAO PATRICIO I;Guarinos
521015;521015;52;GO;Goiás;SAO PATRICIO I;Ipiranga de Goiás
521090;521090;52;GO;Goiás;SAO PATRICIO I;Itapaci
521385;521385;52;GO;Goiás;SAO PATRICIO I;Morro Agudo de Goiás
521470;521470;52;GO;Goiás;SAO PATRICIO I;Nova América
521486;521486;52;GO;Goiás;SAO PATRICIO I;Nova Glória
521690;521690;52;GO;Goiás;SAO PATRICIO I;Pilar de Goiás
521860;521860;52;GO;Goiás;SAO PATRICIO I;Rialma
521870;521870;52;GO;Goiás;SAO PATRICIO I;Rianápolis
521890;521890;52;GO;Goiás;SAO PATRICIO I;Rubiataba
521935;521935;52;GO;Goiás;SAO PATRICIO I;Santa Isabel
521970;521970;52;GO;Goiás;SAO PATRICIO I;Santa Terezinha de Goiás
522015;522015;52;GO;Goiás;SAO PATRICIO I;São Luiz do Norte
522028;522028;52;GO;Goiás;SAO PATRICIO I;São Patrício
522157;522157;52;GO;Goiás;SAO PATRICIO I;Uirapuru
522170;522170;52;GO;Goiás;SAO PATRICIO I;Uruana
520055;520055;52;GO;Goiás;SERRA DA MESA;Alto Horizonte
520082;520082;52;GO;Goiás;SERRA DA MESA;Amaralina
520470;520470;52;GO;Goiás;SERRA DA MESA;Campinorte
520552;520552;52;GO;Goiás;SERRA DA MESA;Colinas do Sul
520980;520980;52;GO;Goiás;SERRA DA MESA;Hidrolina
521280;521280;52;GO;Goiás;SERRA DA MESA;Mara Rosa
521460;521460;52;GO;Goiás;SERRA DA MESA;Niquelândia
521487;521487;52;GO;Goiás;SERRA DA MESA;Nova Iguaçu de Goiás
522160;522160;52;GO;Goiás;SERRA DA MESA;Uruaçu
520013;520013;52;GO;Goiás;SUDOESTE I;Acreúna
520145;520145;52;GO;Goiás;SUDOESTE I;Aparecida do Rio Doce
520410;520410;52;GO;Goiás;SUDOESTE I;Cachoeira Alta
520430;520430;52;GO;Goiás;SUDOESTE I;Caçu
520505;520505;52;GO;Goiás;SUDOESTE I;Castelândia
521080;521080;52;GO;Goiás;SUDOESTE I;Itajá
521130;521130;52;GO;Goiás;SUDOESTE I;Itarumã
521225;521225;52;GO;Goiás;SUDOESTE I;Lagoa Santa
521300;521300;52;GO;Goiás;SUDOESTE I;Maurilândia
521375;521375;52;GO;Goiás;SUDOESTE I;Montividiu
521630;521630;52;GO;Goiás;SUDOESTE I;Paranaiguara
521805;521805;52;GO;Goiás;SUDOESTE I;Porteirão
521850;521850;52;GO;Goiás;SUDOESTE I;Quirinópolis
521880;521880;52;GO;Goiás;SUDOESTE I;Rio Verde
521930;521930;52;GO;Goiás;SUDOESTE I;Santa Helena de Goiás
521971;521971;52;GO;Goiás;SUDOESTE I;Santo Antônio da Barra
522040;522040;52;GO;Goiás;SUDOESTE I;São Simão
522155;522155;52;GO;Goiás;SUDOESTE I;Turvelândia
520150;520150;52;GO;Goiás;SUDOESTE II;Aporé
520440;520440;52;GO;Goiás;SUDOESTE II;Caiapônia
520547;520547;52;GO;Goiás;SUDOESTE II;Chapadão do Céu
520725;520725;52;GO;Goiás;SUDOESTE II;Doverlândia
521190;521190;52;GO;Goiás;SUDOESTE II;Jataí
521310;521310;52;GO;Goiás;SUDOESTE II;Mineiros
521645;521645;52;GO;Goiás;SUDOESTE II;Perolândia
521810;521810;52;GO;Goiás;SUDOESTE II;Portelândia
521940;521940;52;GO;Goiás;SUDOESTE II;Santa Rita do Araguaia
522050;522050;52;GO;Goiás;SUDOESTE II;Serranópolis
520020;520020;52;GO;Goiás;SUL;Água Limpa
520050;520050;52;GO;Goiás;SUL;Aloândia
520350;520350;52;GO;Goiás;SUL;Bom Jesus de Goiás
520390;520390;52;GO;Goiás;SUL;Buriti Alegre
520425;520425;52;GO;Goiás;SUL;Cachoeira Dourada
520910;520910;52;GO;Goiás;SUL;Goiatuba
520915;520915;52;GO;Goiás;SUL;Gouvelândia
520993;520993;52;GO;Goiás;SUL;Inaciolândia
521150;521150;52;GO;Goiás;SUL;Itumbiara
521210;521210;52;GO;Goiás;SUL;Joviânia
521380;521380;52;GO;Goiás;SUL;Morrinhos
521600;521600;52;GO;Goiás;SUL;Panamá
520320;520320;52;GO;Goiás;SAO PATRICIO II;Barro Alto
520860;520860;52;GO;Goiás;SAO PATRICIO II;Goianésia
521060;521060;52;GO;Goiás;SAO PATRICIO II;Itaguaru
521180;521180;52;GO;Goiás;SAO PATRICIO II;Jaraguá
521305;521305;52;GO;Goiás;SAO PATRICIO II;Mimoso de Goiás
521560;521560;52;GO;Goiás;SAO PATRICIO II;Padre Bernardo
521945;521945;52;GO;Goiás;SAO PATRICIO II;Santa Rita do Novo Destino
522230;522230;52;GO;Goiás;SAO PATRICIO II;Vila Propício
530010;530010;53;DF;Distrito Federal;DISTRITO FEDERAL;Brasília
110000;999999;11;RO;Rondônia;Ignorado;Ignorado
120000;999999;12;AC;Acre;Ignorado;Ignorado
130000;999999;13;AM;Amazonas;Ignorado;Ignorado
140000;999999;14;RR;Roraima;Ignorado;Ignorado
150000;999999;15;PA;Pará;Ignorado;Ignorado
160000;999999;16;AP;Amapá;Ignorado;Ignorado
170000;999999;17;TO;Tocantins;Ignorado;Ignorado
210000;999999;21;MA;Maranhão;Ignorado;Ignorado
220000;999999;22;PI;Piauí;Ignorado;Ignorado
230000;999999;23;CE;Ceará;Ignorado;Ignorado
240000;999999;24;RN;Rio Grande do Norte;Ignorado;Ignorado
250000;999999;25;PB;Paraíba;Ignorado;Ignorado
260000;999999;26;PE;Pernambuco;Ignorado;Ignorado
270000;999999;27;AL;Alagoas;Ignorado;Ignorado
280000;999999;28;SE;Sergipe;Ignorado;Ignorado
290000;999999;29;BA;Bahia;Ignorado;Ignorado
310000;999999;31;MG;Minas Gerais;Ignorado;Ignorado
320000;999999;32;ES;Espírito Santo;Ignorado;Ignorado
330000;999999;33;RJ;Rio de Janeiro;Ignorado;Ignorado
350000;999999;35;SP;São Paulo;Ignorado;Ignorado
410000;999999;41;PR;Paraná;Ignorado;Ignorado
420000;999999;42;SC;Santa Catarina;Ignorado;Ignorado
430000;999999;43;RS;Rio Grande do Sul;Ignorado;Ignorado
500000;999999;50;MS;Mato Grosso do Sul;Ignorado;Ignorado
510000;999999;51;MT;Mato Grosso;Ignorado;Ignorado
520000;999999;52;GO;Goiás;Ignorado;Ignorado
530000;999999;53;DF;Distrito Federal;Ignorado;Ignorado
